REF;DESIGNATION;COLOR;SIZE;COLOR CODE;SIZE CODE;DATE TO RECEIVE;QUANTITY;SKU
NS014;Eco-friendly unisex beanie;Organic Khaki;One Size;85222;85218;21/09/2026;2257;NS014_85222_85218
NS015;Eco-friendly unisex merino wool beanie;Black;One Size;86152;86151;15/10/2026;2498;NS015_86152_86151
NS015;Eco-friendly unisex merino wool beanie;Black;One Size;86152;86151;23/11/2026;200;NS015_86152_86151
NS015;Eco-friendly unisex merino wool beanie;Cool Blue;One Size;86153;86151;21/09/2026;1239;NS015_86153_86151
NS015;Eco-friendly unisex merino wool beanie;Volcano Grey Heather;One Size;86157;86151;15/10/2026;1592;NS015_86157_86151
NS016;Eco-friendly unisex corduroy cap 6 panels;Black;One Size;89084;89083;09/12/2026;2000;NS016_89084_89083
NS016;Eco-friendly unisex corduroy cap 6 panels;Ivory;One Size;89086;89083;09/12/2026;2000;NS016_89086_89083
NS016;Eco-friendly unisex corduroy cap 6 panels;Navy Blue;One Size;89087;89083;09/12/2026;3000;NS016_89087_89083
NS016;Eco-friendly unisex corduroy cap 6 panels;Navy Blue;One Size;89087;89083;09/02/2027;3000;NS016_89087_89083
NS016;Eco-friendly unisex corduroy cap 6 panels;Organic Khaki;One Size;89088;89083;09/12/2026;2362;NS016_89088_89083
NS016;Eco-friendly unisex corduroy cap 6 panels;Organic Khaki;One Size;89088;89083;09/02/2027;3000;NS016_89088_89083
NS020;Eco-friendly unisex washed effect bucket hat;Washed Aquamarine;S/M;74424;74421;21/09/2026;1000;NS020_74424_74421
NS035;Eco-friendly unisex trucker cap 5 panels;Ivory;One Size;89099;89096;21/09/2026;1400;NS035_89099_89096
NS036;Eco-friendly unisex trucker cap 6 panels;Black;One Size;89105;89104;09/02/2027;2000;NS036_89105_89104
NS037;Eco-friendly unisex cap 5 panels;Black;One Size;89110;89109;09/12/2026;838;NS037_89110_89109
NS037;Eco-friendly unisex cap 5 panels;Black;One Size;89110;89109;09/02/2027;2000;NS037_89110_89109
NS037;Eco-friendly unisex cap 5 panels;Ivory;One Size;89113;89109;21/09/2026;1400;NS037_89113_89109
NS040;Eco-friendly unisex washed effect cap;Washed Almond Green;One Size;74430;74429;21/09/2026;3200;NS040_74430_74429
NS040;Eco-friendly unisex washed effect cap;Washed Almond Green;One Size;74430;74429;09/02/2027;3000;NS040_74430_74429
NS040;Eco-friendly unisex washed effect cap;Washed Aquamarine;One Size;74431;74429;21/09/2026;2500;NS040_74431_74429
NS040;Eco-friendly unisex washed effect cap;Washed Aquamarine;One Size;74431;74429;09/12/2026;4000;NS040_74431_74429
NS040;Eco-friendly unisex washed effect cap;Washed black;One Size;74432;74429;21/09/2026;1200;NS040_74432_74429
NS040;Eco-friendly unisex washed effect cap;Washed black;One Size;74432;74429;09/12/2026;5000;NS040_74432_74429
NS040;Eco-friendly unisex washed effect cap;Washed black;One Size;74432;74429;09/02/2027;6000;NS040_74432_74429
NS040;Eco-friendly unisex washed effect cap;Washed Navy Blue;One Size;74433;74429;09/12/2026;1595;NS040_74433_74429
NS040;Eco-friendly unisex washed effect cap;Washed Navy Blue;One Size;74433;74429;09/02/2027;10000;NS040_74433_74429
NS040;Eco-friendly unisex washed effect cap;Washed Organic Khaki;One Size;74434;74429;21/09/2026;886;NS040_74434_74429
NS040;Eco-friendly unisex washed effect cap;Washed Organic Khaki;One Size;74434;74429;09/12/2026;5000;NS040_74434_74429
NS040;Eco-friendly unisex washed effect cap;Washed Petal Rose;One Size;74435;74429;21/09/2026;4900;NS040_74435_74429
NS040;Eco-friendly unisex washed effect cap;Washed Amazon Green;One Size;87226;74429;09/12/2026;2023;NS040_87226_74429
NS040;Eco-friendly unisex washed effect cap;Washed Amazon Green;One Size;87226;74429;09/02/2027;3000;NS040_87226_74429
NS040;Eco-friendly unisex washed effect cap;Washed Brook Green;One Size;87227;74429;21/09/2026;3000;NS040_87227_74429
NS040;Eco-friendly unisex washed effect cap;Washed Dark Camel;One Size;87228;74429;21/09/2026;2000;NS040_87228_74429
NS040;Eco-friendly unisex washed effect cap;Washed Ivory;One Size;87229;74429;09/12/2026;2495;NS040_87229_74429
NS040;Eco-friendly unisex washed effect cap;Washed Paprika;One Size;87230;74429;09/12/2026;2376;NS040_87230_74429
NS040;Eco-friendly unisex washed effect cap;Washed Parma;One Size;87231;74429;09/02/2027;2000;NS040_87231_74429
NS102;Eco-friendly vintage travel bag;Washed Organic Khaki;One Size;78648;78644;21/09/2026;322;NS102_78648_78644
NS106C;Fleece duffel bag;Hibiscus Red;One Size;74440;74437;21/09/2026;960;NS106C_74440_74437
NS106C;Fleece duffel bag;Mineral Grey;One Size;74443;74437;21/09/2026;210;NS106C_74443_74437
NS107;Fleece shoulder bag;Ivory;One Size;74450;74445;21/09/2026;600;NS107_74450_74445
NS108;Eco-friendly corduroy washed effect fanny bag;Washed black;One Size;89886;89885;21/09/2026;1500;NS108_89886_89885
NS108;Eco-friendly corduroy washed effect fanny bag;Washed Navy Blue;One Size;89888;89885;21/09/2026;1900;NS108_89888_89885
NS108;Eco-friendly corduroy washed effect fanny bag;Washed Organic Khaki;One Size;89889;89885;21/09/2026;2100;NS108_89889_89885
NS109;Eco-friendly Unisex backpack;Black;One Size;95857;95856;21/09/2026;681;NS109_95857_95856
NS109;Eco-friendly Unisex backpack;Black;One Size;95857;95856;02/02/2027;1500;NS109_95857_95856
NS109;Eco-friendly Unisex backpack;Organic Khaki / Black;One Size;95859;95856;21/09/2026;609;NS109_95859_95856
NS109;Eco-friendly Unisex backpack;Organic Khaki / Black;One Size;95859;95856;02/02/2027;1500;NS109_95859_95856
NS110;Eco-friendly large shopping bag;Hemp / Desert Sand / Horizon Blue Stripe;One Size;70353;70351;;2490;NS110_70353_70351
NS110;Eco-friendly large shopping bag;Horizon Blue / Desert Sand / Horizon Blue Stripes;One Size;70354;70351;;1980;NS110_70354_70351
NS121;Eco-friendly long shopping bag;Black;One Size;74454;74453;21/09/2026;31;NS121_74454_74453
NS121;Eco-friendly long shopping bag;Black;One Size;74454;74453;05/04/2027;3000;NS121_74454_74453
NS121;Eco-friendly long shopping bag;Cloud White;One Size;74455;74453;21/09/2026;6300;NS121_74455_74453
NS121;Eco-friendly long shopping bag;Navy Blue;One Size;74456;74453;21/09/2026;660;NS121_74456_74453
NS121;Eco-friendly long shopping bag;Navy Blue;One Size;74456;74453;05/04/2027;1980;NS121_74456_74453
NS133;Eco-friendly corduroy washed effect bag;Washed black;One Size;85039;85038;21/09/2026;520;NS133_85039_85038
NS133;Eco-friendly corduroy washed effect bag;Washed Dark Camel;One Size;85040;85038;21/09/2026;480;NS133_85040_85038
NS133;Eco-friendly corduroy washed effect bag;Washed Navy Blue;One Size;85041;85038;21/09/2026;280;NS133_85041_85038
NS200;Eco-friendly men's polo shirt;Black;M;74486;74480;21/09/2026;1740;NS200_74486_74480
NS200;Eco-friendly men's polo shirt;Black;L;74486;74481;21/09/2026;1260;NS200_74486_74481
NS200;Eco-friendly men's polo shirt;Navy Blue;S;74489;74479;21/09/2026;420;NS200_74489_74479
NS200;Eco-friendly men's polo shirt;Navy Blue;M;74489;74480;21/09/2026;1200;NS200_74489_74480
NS200;Eco-friendly men's polo shirt;Navy Blue;L;74489;74481;21/09/2026;1290;NS200_74489_74481
NS200;Eco-friendly men's polo shirt;Navy Blue;XL;74489;74482;21/09/2026;1050;NS200_74489_74482
NS200;Eco-friendly men's polo shirt;White;M;74493;74480;21/09/2026;780;NS200_74493_74480
NS200;Eco-friendly men's polo shirt;White;L;74493;74481;21/09/2026;690;NS200_74493_74481
NS200;Eco-friendly men's polo shirt;White;XL;74493;74482;21/09/2026;270;NS200_74493_74482
NS200;Eco-friendly men's polo shirt;White;XXL;74493;74483;21/09/2026;60;NS200_74493_74483
NS207;Eco-friendly men’s piqué polo shirt;Black;S;85741;85726;21/09/2026;150;NS207_85741_85726
NS207;Eco-friendly men’s piqué polo shirt;Black;M;85741;85729;21/09/2026;780;NS207_85741_85729
NS207;Eco-friendly men’s piqué polo shirt;Black;M;85741;85729;15/03/2027;420;NS207_85741_85729
NS207;Eco-friendly men’s piqué polo shirt;Black;L;85741;85730;21/09/2026;1740;NS207_85741_85730
NS207;Eco-friendly men’s piqué polo shirt;Black;L;85741;85730;15/03/2027;1020;NS207_85741_85730
NS207;Eco-friendly men’s piqué polo shirt;Black;XL;85741;85733;21/09/2026;1590;NS207_85741_85733
NS207;Eco-friendly men’s piqué polo shirt;Black;XL;85741;85733;15/03/2027;510;NS207_85741_85733
NS207;Eco-friendly men’s piqué polo shirt;Black;XXL;85741;85734;15/03/2027;510;NS207_85741_85734
NS207;Eco-friendly men’s piqué polo shirt;Ivory;S;85745;85726;21/09/2026;210;NS207_85745_85726
NS207;Eco-friendly men’s piqué polo shirt;Ivory;S;85745;85726;08/03/2027;180;NS207_85745_85726
NS207;Eco-friendly men’s piqué polo shirt;Ivory;S;85745;85726;;300;NS207_85745_85726
NS207;Eco-friendly men’s piqué polo shirt;Ivory;M;85745;85729;21/09/2026;540;NS207_85745_85729
NS207;Eco-friendly men’s piqué polo shirt;Ivory;M;85745;85729;;210;NS207_85745_85729
NS207;Eco-friendly men’s piqué polo shirt;Ivory;L;85745;85730;21/09/2026;1380;NS207_85745_85730
NS207;Eco-friendly men’s piqué polo shirt;Ivory;L;85745;85730;;720;NS207_85745_85730
NS207;Eco-friendly men’s piqué polo shirt;Ivory;XL;85745;85733;08/03/2027;810;NS207_85745_85733
NS207;Eco-friendly men’s piqué polo shirt;Ivory;XL;85745;85733;;600;NS207_85745_85733
NS207;Eco-friendly men’s piqué polo shirt;Ivory;XXL;85745;85734;08/03/2027;600;NS207_85745_85734
NS207;Eco-friendly men’s piqué polo shirt;Ivory;XXL;85745;85734;;450;NS207_85745_85734
NS207;Eco-friendly men’s piqué polo shirt;Navy Blue;M;85749;85729;08/03/2027;150;NS207_85749_85729
NS207;Eco-friendly men’s piqué polo shirt;Navy Blue;M;85749;85729;15/03/2027;1320;NS207_85749_85729
NS207;Eco-friendly men’s piqué polo shirt;Navy Blue;L;85749;85730;21/09/2026;1923;NS207_85749_85730
NS207;Eco-friendly men’s piqué polo shirt;Navy Blue;L;85749;85730;08/03/2027;450;NS207_85749_85730
NS207;Eco-friendly men’s piqué polo shirt;Navy Blue;L;85749;85730;15/03/2027;1320;NS207_85749_85730
NS207;Eco-friendly men’s piqué polo shirt;Navy Blue;XL;85749;85733;21/09/2026;873;NS207_85749_85733
NS207;Eco-friendly men’s piqué polo shirt;Navy Blue;XL;85749;85733;08/03/2027;690;NS207_85749_85733
NS207;Eco-friendly men’s piqué polo shirt;Navy Blue;XL;85749;85733;15/03/2027;1110;NS207_85749_85733
NS207;Eco-friendly men’s piqué polo shirt;Navy Blue;XXL;85749;85734;08/03/2027;270;NS207_85749_85734
NS207;Eco-friendly men’s piqué polo shirt;Navy Blue;XXL;85749;85734;15/03/2027;510;NS207_85749_85734
NS207;Eco-friendly men’s piqué polo shirt;Organic Khaki;S;85750;85726;;120;NS207_85750_85726
NS207;Eco-friendly men’s piqué polo shirt;Organic Khaki;M;85750;85729;;210;NS207_85750_85729
NS207;Eco-friendly men’s piqué polo shirt;Organic Khaki;L;85750;85730;;390;NS207_85750_85730
NS207;Eco-friendly men’s piqué polo shirt;Organic Khaki;XL;85750;85733;;510;NS207_85750_85733
NS207;Eco-friendly men’s piqué polo shirt;Organic Khaki;XXL;85750;85734;;300;NS207_85750_85734
NS207;Eco-friendly men’s piqué polo shirt;Peacock Blue;S;85753;85726;15/10/2026;210;NS207_85753_85726
NS207;Eco-friendly men’s piqué polo shirt;Peacock Blue;S;85753;85726;08/03/2027;180;NS207_85753_85726
NS207;Eco-friendly men’s piqué polo shirt;Peacock Blue;M;85753;85729;15/10/2026;300;NS207_85753_85729
NS207;Eco-friendly men’s piqué polo shirt;Peacock Blue;M;85753;85729;08/03/2027;420;NS207_85753_85729
NS207;Eco-friendly men’s piqué polo shirt;Peacock Blue;L;85753;85730;15/10/2026;600;NS207_85753_85730
NS207;Eco-friendly men’s piqué polo shirt;Peacock Blue;L;85753;85730;08/03/2027;210;NS207_85753_85730
NS207;Eco-friendly men’s piqué polo shirt;Peacock Blue;XL;85753;85733;15/10/2026;510;NS207_85753_85733
NS207;Eco-friendly men’s piqué polo shirt;Peacock Blue;XL;85753;85733;08/03/2027;420;NS207_85753_85733
NS207;Eco-friendly men’s piqué polo shirt;Peacock Blue;XXL;85753;85734;15/10/2026;210;NS207_85753_85734
NS207;Eco-friendly men’s piqué polo shirt;Peacock Blue;XXL;85753;85734;08/03/2027;210;NS207_85753_85734
NS207;Eco-friendly men’s piqué polo shirt;Poppy Red;L;85754;85730;21/09/2026;1080;NS207_85754_85730
NS207;Eco-friendly men’s piqué polo shirt;Wet Sand;S;85757;85726;15/03/2027;150;NS207_85757_85726
NS207;Eco-friendly men’s piqué polo shirt;Wet Sand;M;85757;85729;15/03/2027;300;NS207_85757_85729
NS207;Eco-friendly men’s piqué polo shirt;Wet Sand;L;85757;85730;15/03/2027;510;NS207_85757_85730
NS207;Eco-friendly men’s piqué polo shirt;Wet Sand;XL;85757;85733;15/03/2027;300;NS207_85757_85733
NS207;Eco-friendly men’s piqué polo shirt;Wet Sand;XXL;85757;85734;15/03/2027;240;NS207_85757_85734
NS207;Eco-friendly men’s piqué polo shirt;White;S;85758;85726;06/11/2026;120;NS207_85758_85726
NS207;Eco-friendly men’s piqué polo shirt;White;S;85758;85726;08/03/2027;480;NS207_85758_85726
NS207;Eco-friendly men’s piqué polo shirt;White;S;85758;85726;15/03/2027;210;NS207_85758_85726
NS207;Eco-friendly men’s piqué polo shirt;White;M;85758;85729;15/10/2026;420;NS207_85758_85729
NS207;Eco-friendly men’s piqué polo shirt;White;M;85758;85729;06/11/2026;420;NS207_85758_85729
NS207;Eco-friendly men’s piqué polo shirt;White;M;85758;85729;08/03/2027;900;NS207_85758_85729
NS207;Eco-friendly men’s piqué polo shirt;White;M;85758;85729;15/03/2027;510;NS207_85758_85729
NS207;Eco-friendly men’s piqué polo shirt;White;L;85758;85730;21/09/2026;508;NS207_85758_85730
NS207;Eco-friendly men’s piqué polo shirt;White;L;85758;85730;15/10/2026;510;NS207_85758_85730
NS207;Eco-friendly men’s piqué polo shirt;White;L;85758;85730;06/11/2026;960;NS207_85758_85730
NS207;Eco-friendly men’s piqué polo shirt;White;L;85758;85730;08/03/2027;660;NS207_85758_85730
NS207;Eco-friendly men’s piqué polo shirt;White;L;85758;85730;15/03/2027;900;NS207_85758_85730
NS207;Eco-friendly men’s piqué polo shirt;White;XL;85758;85733;21/09/2026;1006;NS207_85758_85733
NS207;Eco-friendly men’s piqué polo shirt;White;XL;85758;85733;15/10/2026;600;NS207_85758_85733
NS207;Eco-friendly men’s piqué polo shirt;White;XL;85758;85733;15/03/2027;600;NS207_85758_85733
NS207;Eco-friendly men’s piqué polo shirt;White;XXL;85758;85734;15/10/2026;259;NS207_85758_85734
NS207;Eco-friendly men’s piqué polo shirt;White;XXL;85758;85734;06/11/2026;205;NS207_85758_85734
NS207;Eco-friendly men’s piqué polo shirt;White;XXL;85758;85734;17/11/2026;5;NS207_85758_85734
NS207;Eco-friendly men’s piqué polo shirt;White;XXL;85758;85734;08/03/2027;60;NS207_85758_85734
NS207;Eco-friendly men’s piqué polo shirt;White;XXL;85758;85734;15/03/2027;600;NS207_85758_85734
NS207;Eco-friendly men’s piqué polo shirt;Sea Blue;L;89995;85730;21/09/2026;1080;NS207_89995_85730
NS207X;Eco-friendly men’s piqué polo shirt;Black;3XL;85740;85737;15/03/2027;120;NS207X_85740_85737
NS207X;Eco-friendly men’s piqué polo shirt;Ivory;3XL;85744;85737;21/09/2026;923;NS207X_85744_85737
NS207X;Eco-friendly men’s piqué polo shirt;Ivory;4XL;85744;85738;08/03/2027;240;NS207X_85744_85738
NS207X;Eco-friendly men’s piqué polo shirt;Ivory;4XL;85744;85738;;60;NS207X_85744_85738
NS207X;Eco-friendly men’s piqué polo shirt;Navy Blue;3XL;85748;85737;08/03/2027;149;NS207X_85748_85737
NS207X;Eco-friendly men’s piqué polo shirt;Navy Blue;3XL;85748;85737;15/03/2027;300;NS207X_85748_85737
NS207X;Eco-friendly men’s piqué polo shirt;Organic Khaki;3XL;85751;85737;;60;NS207X_85751_85737
NS207X;Eco-friendly men’s piqué polo shirt;Peacock Blue;3XL;85752;85737;15/10/2026;120;NS207X_85752_85737
NS207X;Eco-friendly men’s piqué polo shirt;Peacock Blue;4XL;85752;85738;08/03/2027;60;NS207X_85752_85738
NS207X;Eco-friendly men’s piqué polo shirt;Wet Sand;3XL;85756;85737;15/03/2027;30;NS207X_85756_85737
NS207X;Eco-friendly men’s piqué polo shirt;White;3XL;85759;85737;06/11/2026;115;NS207X_85759_85737
NS207X;Eco-friendly men’s piqué polo shirt;White;3XL;85759;85737;15/03/2027;270;NS207X_85759_85737
NS208;Eco-friendly ladies’ piqué polo shirt;Ivory;XS;85774;85761;08/03/2027;30;NS208_85774_85761
NS208;Eco-friendly ladies’ piqué polo shirt;Ivory;S;85774;85762;08/03/2027;641;NS208_85774_85762
NS208;Eco-friendly ladies’ piqué polo shirt;Ivory;M;85774;85765;08/03/2027;240;NS208_85774_85765
NS208;Eco-friendly ladies’ piqué polo shirt;Navy Blue;S;85776;85762;08/03/2027;270;NS208_85776_85762
NS208;Eco-friendly ladies’ piqué polo shirt;Navy Blue;M;85776;85765;08/03/2027;710;NS208_85776_85765
NS208;Eco-friendly ladies’ piqué polo shirt;Navy Blue;L;85776;85767;08/03/2027;240;NS208_85776_85767
NS208;Eco-friendly ladies’ piqué polo shirt;Navy Blue;XL;85776;85768;08/03/2027;240;NS208_85776_85768
NS208;Eco-friendly ladies’ piqué polo shirt;Navy Blue;XXL;85776;85771;08/03/2027;60;NS208_85776_85771
NS208;Eco-friendly ladies’ piqué polo shirt;White;XS;85781;85761;01/12/2026;120;NS208_85781_85761
NS208;Eco-friendly ladies’ piqué polo shirt;White;S;85781;85762;01/12/2026;420;NS208_85781_85762
NS208;Eco-friendly ladies’ piqué polo shirt;White;M;85781;85765;01/12/2026;600;NS208_85781_85765
NS208;Eco-friendly ladies’ piqué polo shirt;White;L;85781;85767;01/12/2026;510;NS208_85781_85767
NS208;Eco-friendly ladies’ piqué polo shirt;White;XL;85781;85768;01/12/2026;270;NS208_85781_85768
NS208;Eco-friendly ladies’ piqué polo shirt;White;XXL;85781;85771;01/12/2026;120;NS208_85781_85771
NS208;Eco-friendly ladies’ piqué polo shirt;Iron Grey;XS;94167;85761;21/09/2026;210;NS208_94167_85761
NS208;Eco-friendly ladies’ piqué polo shirt;Iron Grey;M;94167;85765;21/09/2026;788;NS208_94167_85765
NS208;Eco-friendly ladies’ piqué polo shirt;Iron Grey;L;94167;85767;21/09/2026;480;NS208_94167_85767
NS208;Eco-friendly ladies’ piqué polo shirt;Iron Grey;XL;94167;85768;21/09/2026;256;NS208_94167_85768
NS208;Eco-friendly ladies’ piqué polo shirt;Iron Grey;XXL;94167;85771;21/09/2026;120;NS208_94167_85771
NS208;Eco-friendly ladies’ piqué polo shirt;Raw Natural;XS;94168;85761;21/09/2026;120;NS208_94168_85761
NS208;Eco-friendly ladies’ piqué polo shirt;Raw Natural;S;94168;85762;21/09/2026;390;NS208_94168_85762
NS208;Eco-friendly ladies’ piqué polo shirt;Raw Natural;L;94168;85767;21/09/2026;465;NS208_94168_85767
NS208;Eco-friendly ladies’ piqué polo shirt;Raw Natural;XXL;94168;85771;21/09/2026;111;NS208_94168_85771
NS227;Eco-friendly men's Terry Towel polo shirt;Almond Green;L;74527;74523;21/09/2026;330;NS227_74527_74523
NS227;Eco-friendly men's Terry Towel polo shirt;Organic Khaki;L;82081;74523;21/09/2026;480;NS227_82081_74523
NS227;Eco-friendly men's Terry Towel polo shirt;Paprika;L;86772;74523;21/09/2026;360;NS227_86772_74523
NS227;Eco-friendly men's Terry Towel polo shirt;Parma;M;86773;74522;21/09/2026;474;NS227_86773_74522
NS300;Eco-friendly unisex t-shirt;White;XS;68558;68499;21/09/2026;2100;NS300_68558_68499
NS300;Eco-friendly unisex t-shirt;White;S;68558;68500;21/09/2026;21973;NS300_68558_68500
NS300;Eco-friendly unisex t-shirt;White;L;68558;68506;21/09/2026;35666;NS300_68558_68506
NS300;Eco-friendly unisex t-shirt;White;XL;68558;68511;21/09/2026;20000;NS300_68558_68511
NS300;Eco-friendly unisex t-shirt;White;4XL;68558;68518;21/09/2026;100;NS300_68558_68518
NS300A;Eco-friendly unisex t-shirt;Moon Grey Heather;L;68544;68508;21/09/2026;1800;NS300A_68544_68508
NS300A;Eco-friendly unisex t-shirt;Moon Grey Heather;XL;68544;68510;21/09/2026;1800;NS300A_68544_68510
NS300A;Eco-friendly unisex t-shirt;Volcano Grey Heather;M;68556;68504;21/09/2026;3900;NS300A_68556_68504
NS300C;Eco-friendly unisex t-shirt;Apricot;M;68527;68503;21/09/2026;1242;NS300C_68527_68503
NS300C;Eco-friendly unisex t-shirt;Apricot;L;68527;68507;21/09/2026;1800;NS300C_68527_68507
NS300C;Eco-friendly unisex t-shirt;Apricot;XL;68527;68509;21/09/2026;1412;NS300C_68527_68509
NS300C;Eco-friendly unisex t-shirt;Aquamarine;XXS;68528;68495;15/03/2027;100;NS300C_68528_68495
NS300C;Eco-friendly unisex t-shirt;Aquamarine;XS;68528;68497;15/03/2027;100;NS300C_68528_68497
NS300C;Eco-friendly unisex t-shirt;Aquamarine;S;68528;68501;15/03/2027;250;NS300C_68528_68501
NS300C;Eco-friendly unisex t-shirt;Aquamarine;M;68528;68503;15/03/2027;100;NS300C_68528_68503
NS300C;Eco-friendly unisex t-shirt;Aquamarine;L;68528;68507;15/03/2027;200;NS300C_68528_68507
NS300C;Eco-friendly unisex t-shirt;Aquamarine;XL;68528;68509;15/03/2027;300;NS300C_68528_68509
NS300C;Eco-friendly unisex t-shirt;Aquamarine;XXL;68528;68513;15/03/2027;450;NS300C_68528_68513
NS300C;Eco-friendly unisex t-shirt;Black;XS;68529;68497;21/09/2026;2050;NS300C_68529_68497
NS300C;Eco-friendly unisex t-shirt;Black;S;68529;68501;21/09/2026;30350;NS300C_68529_68501
NS300C;Eco-friendly unisex t-shirt;Black;M;68529;68503;21/09/2026;61400;NS300C_68529_68503
NS300C;Eco-friendly unisex t-shirt;Black;XL;68529;68509;21/09/2026;40800;NS300C_68529_68509
NS300C;Eco-friendly unisex t-shirt;Black;XXL;68529;68513;21/09/2026;14750;NS300C_68529_68513
NS300C;Eco-friendly unisex t-shirt;Black;3XL;68529;68515;21/09/2026;5246;NS300C_68529_68515
NS300C;Eco-friendly unisex t-shirt;Cool Blue;XXS;68531;68495;21/09/2026;50;NS300C_68531_68495
NS300C;Eco-friendly unisex t-shirt;Cool Blue;S;68531;68501;21/09/2026;400;NS300C_68531_68501
NS300C;Eco-friendly unisex t-shirt;Cool Blue;L;68531;68507;21/09/2026;700;NS300C_68531_68507
NS300C;Eco-friendly unisex t-shirt;Cool Blue;XL;68531;68509;21/09/2026;400;NS300C_68531_68509
NS300C;Eco-friendly unisex t-shirt;Cool Blue;XXL;68531;68513;21/09/2026;400;NS300C_68531_68513
NS300C;Eco-friendly unisex t-shirt;Cool Blue;4XL;68531;68519;21/09/2026;50;NS300C_68531_68519
NS300C;Eco-friendly unisex t-shirt;Cool Blue;5XL;68531;68521;21/09/2026;50;NS300C_68531_68521
NS300C;Eco-friendly unisex t-shirt;Curcuma;M;68533;68503;21/09/2026;2000;NS300C_68533_68503
NS300C;Eco-friendly unisex t-shirt;Dark Cherry;S;68534;68501;29/10/2026;500;NS300C_68534_68501
NS300C;Eco-friendly unisex t-shirt;Dark Cherry;M;68534;68503;29/10/2026;2100;NS300C_68534_68503
NS300C;Eco-friendly unisex t-shirt;Dark Cherry;L;68534;68507;29/10/2026;2050;NS300C_68534_68507
NS300C;Eco-friendly unisex t-shirt;Dark Cherry;XL;68534;68509;29/10/2026;2240;NS300C_68534_68509
NS300C;Eco-friendly unisex t-shirt;Dark Cherry;XXL;68534;68513;21/09/2026;600;NS300C_68534_68513
NS300C;Eco-friendly unisex t-shirt;Dark Cherry;XXL;68534;68513;29/10/2026;1600;NS300C_68534_68513
NS300C;Eco-friendly unisex t-shirt;Dark Cherry;3XL;68534;68515;21/09/2026;200;NS300C_68534_68515
NS300C;Eco-friendly unisex t-shirt;Dark Cherry;3XL;68534;68515;29/10/2026;700;NS300C_68534_68515
NS300C;Eco-friendly unisex t-shirt;Dark Cherry;4XL;68534;68519;29/10/2026;347;NS300C_68534_68519
NS300C;Eco-friendly unisex t-shirt;Green field;XS;68536;68497;21/09/2026;50;NS300C_68536_68497
NS300C;Eco-friendly unisex t-shirt;Green field;M;68536;68503;21/09/2026;2350;NS300C_68536_68503
NS300C;Eco-friendly unisex t-shirt;Green field;L;68536;68507;21/09/2026;3600;NS300C_68536_68507
NS300C;Eco-friendly unisex t-shirt;Green field;XL;68536;68509;21/09/2026;300;NS300C_68536_68509
NS300C;Eco-friendly unisex t-shirt;Green field;3XL;68536;68515;21/09/2026;100;NS300C_68536_68515
NS300C;Eco-friendly unisex t-shirt;Hibiscus Red;XXS;68538;68495;21/09/2026;150;NS300C_68538_68495
NS300C;Eco-friendly unisex t-shirt;Hibiscus Red;S;68538;68501;21/09/2026;1350;NS300C_68538_68501
NS300C;Eco-friendly unisex t-shirt;Hibiscus Red;L;68538;68507;21/09/2026;3600;NS300C_68538_68507
NS300C;Eco-friendly unisex t-shirt;Hibiscus Red;XL;68538;68509;21/09/2026;2150;NS300C_68538_68509
NS300C;Eco-friendly unisex t-shirt;Hibiscus Red;XXL;68538;68513;21/09/2026;1050;NS300C_68538_68513
NS300C;Eco-friendly unisex t-shirt;Hibiscus Red;3XL;68538;68515;21/09/2026;200;NS300C_68538_68515
NS300C;Eco-friendly unisex t-shirt;Hibiscus Red;5XL;68538;68521;21/09/2026;50;NS300C_68538_68521
NS300C;Eco-friendly unisex t-shirt;Iron Grey;XXS;68539;68495;21/09/2026;100;NS300C_68539_68495
NS300C;Eco-friendly unisex t-shirt;Iron Grey;XS;68539;68497;21/09/2026;100;NS300C_68539_68497
NS300C;Eco-friendly unisex t-shirt;Iron Grey;L;68539;68507;21/09/2026;1050;NS300C_68539_68507
NS300C;Eco-friendly unisex t-shirt;Iron Grey;3XL;68539;68515;21/09/2026;50;NS300C_68539_68515
NS300C;Eco-friendly unisex t-shirt;Iron Grey;4XL;68539;68519;21/09/2026;100;NS300C_68539_68519
NS300C;Eco-friendly unisex t-shirt;Ivory;S;68540;68501;21/09/2026;8559;NS300C_68540_68501
NS300C;Eco-friendly unisex t-shirt;Ivory;S;68540;68501;29/10/2026;3050;NS300C_68540_68501
NS300C;Eco-friendly unisex t-shirt;Ivory;M;68540;68503;21/09/2026;12080;NS300C_68540_68503
NS300C;Eco-friendly unisex t-shirt;Ivory;M;68540;68503;29/10/2026;5050;NS300C_68540_68503
NS300C;Eco-friendly unisex t-shirt;Ivory;L;68540;68507;21/09/2026;12257;NS300C_68540_68507
NS300C;Eco-friendly unisex t-shirt;Ivory;L;68540;68507;29/10/2026;4900;NS300C_68540_68507
NS300C;Eco-friendly unisex t-shirt;Ivory;XL;68540;68509;21/09/2026;7054;NS300C_68540_68509
NS300C;Eco-friendly unisex t-shirt;Ivory;XL;68540;68509;29/10/2026;3900;NS300C_68540_68509
NS300C;Eco-friendly unisex t-shirt;Ivory;XXL;68540;68513;29/10/2026;1950;NS300C_68540_68513
NS300C;Eco-friendly unisex t-shirt;Jade Green;L;68541;68507;21/09/2026;5400;NS300C_68541_68507
NS300C;Eco-friendly unisex t-shirt;Light Olive Green;S;68542;68501;21/09/2026;600;NS300C_68542_68501
NS300C;Eco-friendly unisex t-shirt;Light Olive Green;M;68542;68503;21/09/2026;1000;NS300C_68542_68503
NS300C;Eco-friendly unisex t-shirt;Light Olive Green;L;68542;68507;21/09/2026;1000;NS300C_68542_68507
NS300C;Eco-friendly unisex t-shirt;Light Olive Green;XL;68542;68509;21/09/2026;600;NS300C_68542_68509
NS300C;Eco-friendly unisex t-shirt;Navy Blue;XS;68545;68497;21/09/2026;700;NS300C_68545_68497
NS300C;Eco-friendly unisex t-shirt;Navy Blue;XS;68545;68497;29/10/2026;500;NS300C_68545_68497
NS300C;Eco-friendly unisex t-shirt;Navy Blue;XS;68545;68497;15/03/2027;100;NS300C_68545_68497
NS300C;Eco-friendly unisex t-shirt;Navy Blue;S;68545;68501;21/09/2026;4550;NS300C_68545_68501
NS300C;Eco-friendly unisex t-shirt;Navy Blue;S;68545;68501;29/10/2026;3650;NS300C_68545_68501
NS300C;Eco-friendly unisex t-shirt;Navy Blue;S;68545;68501;15/03/2027;600;NS300C_68545_68501
NS300C;Eco-friendly unisex t-shirt;Navy Blue;M;68545;68503;21/09/2026;12500;NS300C_68545_68503
NS300C;Eco-friendly unisex t-shirt;Navy Blue;M;68545;68503;29/10/2026;5000;NS300C_68545_68503
NS300C;Eco-friendly unisex t-shirt;Navy Blue;M;68545;68503;15/03/2027;1650;NS300C_68545_68503
NS300C;Eco-friendly unisex t-shirt;Navy Blue;L;68545;68507;21/09/2026;14400;NS300C_68545_68507
NS300C;Eco-friendly unisex t-shirt;Navy Blue;L;68545;68507;29/10/2026;4700;NS300C_68545_68507
NS300C;Eco-friendly unisex t-shirt;Navy Blue;L;68545;68507;15/03/2027;2200;NS300C_68545_68507
NS300C;Eco-friendly unisex t-shirt;Navy Blue;XL;68545;68509;21/09/2026;9700;NS300C_68545_68509
NS300C;Eco-friendly unisex t-shirt;Navy Blue;XL;68545;68509;29/10/2026;2150;NS300C_68545_68509
NS300C;Eco-friendly unisex t-shirt;Navy Blue;XL;68545;68509;15/03/2027;900;NS300C_68545_68509
NS300C;Eco-friendly unisex t-shirt;Navy Blue;XXL;68545;68513;21/09/2026;1250;NS300C_68545_68513
NS300C;Eco-friendly unisex t-shirt;Navy Blue;XXL;68545;68513;29/10/2026;1400;NS300C_68545_68513
NS300C;Eco-friendly unisex t-shirt;Navy Blue;XXL;68545;68513;15/03/2027;800;NS300C_68545_68513
NS300C;Eco-friendly unisex t-shirt;Navy Blue;3XL;68545;68515;21/09/2026;750;NS300C_68545_68515
NS300C;Eco-friendly unisex t-shirt;Navy Blue;3XL;68545;68515;29/10/2026;650;NS300C_68545_68515
NS300C;Eco-friendly unisex t-shirt;Navy Blue;3XL;68545;68515;15/03/2027;250;NS300C_68545_68515
NS300C;Eco-friendly unisex t-shirt;Navy Blue;4XL;68545;68519;21/09/2026;150;NS300C_68545_68519
NS300C;Eco-friendly unisex t-shirt;Navy Blue;4XL;68545;68519;29/10/2026;100;NS300C_68545_68519
NS300C;Eco-friendly unisex t-shirt;Navy Blue;4XL;68545;68519;15/03/2027;300;NS300C_68545_68519
NS300C;Eco-friendly unisex t-shirt;Organic Khaki;S;68547;68501;21/09/2026;500;NS300C_68547_68501
NS300C;Eco-friendly unisex t-shirt;Organic Khaki;L;68547;68507;21/09/2026;7100;NS300C_68547_68507
NS300C;Eco-friendly unisex t-shirt;Organic Khaki;XL;68547;68509;21/09/2026;3150;NS300C_68547_68509
NS300C;Eco-friendly unisex t-shirt;Organic Khaki;XXL;68547;68513;21/09/2026;1300;NS300C_68547_68513
NS300C;Eco-friendly unisex t-shirt;Organic Khaki;4XL;68547;68519;21/09/2026;100;NS300C_68547_68519
NS300C;Eco-friendly unisex t-shirt;Paprika;XS;68549;68497;15/03/2027;100;NS300C_68549_68497
NS300C;Eco-friendly unisex t-shirt;Paprika;S;68549;68501;21/09/2026;250;NS300C_68549_68501
NS300C;Eco-friendly unisex t-shirt;Paprika;S;68549;68501;15/03/2027;200;NS300C_68549_68501
NS300C;Eco-friendly unisex t-shirt;Paprika;M;68549;68503;21/09/2026;850;NS300C_68549_68503
NS300C;Eco-friendly unisex t-shirt;Paprika;M;68549;68503;15/03/2027;450;NS300C_68549_68503
NS300C;Eco-friendly unisex t-shirt;Paprika;L;68549;68507;15/03/2027;450;NS300C_68549_68507
NS300C;Eco-friendly unisex t-shirt;Paprika;XL;68549;68509;21/09/2026;200;NS300C_68549_68509
NS300C;Eco-friendly unisex t-shirt;Paprika;XL;68549;68509;15/03/2027;350;NS300C_68549_68509
NS300C;Eco-friendly unisex t-shirt;Paprika;XXL;68549;68513;21/09/2026;100;NS300C_68549_68513
NS300C;Eco-friendly unisex t-shirt;Paprika;XXL;68549;68513;15/03/2027;50;NS300C_68549_68513
NS300C;Eco-friendly unisex t-shirt;Paprika;3XL;68549;68515;21/09/2026;50;NS300C_68549_68515
NS300C;Eco-friendly unisex t-shirt;Parma;XL;68550;68509;21/09/2026;1901;NS300C_68550_68509
NS300C;Eco-friendly unisex t-shirt;Peach;XXS;68551;68495;21/09/2026;57;NS300C_68551_68495
NS300C;Eco-friendly unisex t-shirt;Peach;S;68551;68501;21/09/2026;1000;NS300C_68551_68501
NS300C;Eco-friendly unisex t-shirt;Peach;M;68551;68503;21/09/2026;950;NS300C_68551_68503
NS300C;Eco-friendly unisex t-shirt;Peach;L;68551;68507;21/09/2026;900;NS300C_68551_68507
NS300C;Eco-friendly unisex t-shirt;Peacock Blue;S;68552;68501;21/09/2026;1000;NS300C_68552_68501
NS300C;Eco-friendly unisex t-shirt;Peacock Blue;S;68552;68501;29/10/2026;400;NS300C_68552_68501
NS300C;Eco-friendly unisex t-shirt;Peacock Blue;M;68552;68503;21/09/2026;3200;NS300C_68552_68503
NS300C;Eco-friendly unisex t-shirt;Peacock Blue;M;68552;68503;29/10/2026;550;NS300C_68552_68503
NS300C;Eco-friendly unisex t-shirt;Peacock Blue;L;68552;68507;29/10/2026;400;NS300C_68552_68507
NS300C;Eco-friendly unisex t-shirt;Peacock Blue;XL;68552;68509;21/09/2026;2300;NS300C_68552_68509
NS300C;Eco-friendly unisex t-shirt;Peacock Blue;XL;68552;68509;29/10/2026;600;NS300C_68552_68509
NS300C;Eco-friendly unisex t-shirt;Peacock Blue;XXL;68552;68513;21/09/2026;600;NS300C_68552_68513
NS300C;Eco-friendly unisex t-shirt;Peacock Blue;XXL;68552;68513;29/10/2026;50;NS300C_68552_68513
NS300C;Eco-friendly unisex t-shirt;Peacock Blue;3XL;68552;68515;29/10/2026;200;NS300C_68552_68515
NS300C;Eco-friendly unisex t-shirt;Petal Rose;L;68553;68507;21/09/2026;900;NS300C_68553_68507
NS300C;Eco-friendly unisex t-shirt;Petal Rose;XL;68553;68509;21/09/2026;450;NS300C_68553_68509
NS300C;Eco-friendly unisex t-shirt;Pineapple;L;68554;68507;21/09/2026;2250;NS300C_68554_68507
NS300C;Eco-friendly unisex t-shirt;Sea Blue;S;68555;68501;29/10/2026;950;NS300C_68555_68501
NS300C;Eco-friendly unisex t-shirt;Sea Blue;S;68555;68501;15/03/2027;400;NS300C_68555_68501
NS300C;Eco-friendly unisex t-shirt;Sea Blue;M;68555;68503;29/10/2026;3050;NS300C_68555_68503
NS300C;Eco-friendly unisex t-shirt;Sea Blue;M;68555;68503;15/03/2027;250;NS300C_68555_68503
NS300C;Eco-friendly unisex t-shirt;Sea Blue;L;68555;68507;29/10/2026;3100;NS300C_68555_68507
NS300C;Eco-friendly unisex t-shirt;Sea Blue;L;68555;68507;15/03/2027;400;NS300C_68555_68507
NS300C;Eco-friendly unisex t-shirt;Sea Blue;XL;68555;68509;29/10/2026;2000;NS300C_68555_68509
NS300C;Eco-friendly unisex t-shirt;Sea Blue;XL;68555;68509;15/03/2027;250;NS300C_68555_68509
NS300C;Eco-friendly unisex t-shirt;Sea Blue;XXL;68555;68513;29/10/2026;850;NS300C_68555_68513
NS300C;Eco-friendly unisex t-shirt;Sea Blue;XXL;68555;68513;15/03/2027;200;NS300C_68555_68513
NS300C;Eco-friendly unisex t-shirt;Sea Blue;3XL;68555;68515;29/10/2026;450;NS300C_68555_68515
NS300C;Eco-friendly unisex t-shirt;Wet Sand;L;68557;68507;21/09/2026;1800;NS300C_68557_68507
NS300C;Eco-friendly unisex t-shirt;Adriatic Blue;S;81183;68501;21/09/2026;100;NS300C_81183_68501
NS300C;Eco-friendly unisex t-shirt;Adriatic Blue;M;81183;68503;21/09/2026;450;NS300C_81183_68503
NS300C;Eco-friendly unisex t-shirt;Adriatic Blue;L;81183;68507;21/09/2026;500;NS300C_81183_68507
NS300C;Eco-friendly unisex t-shirt;Adriatic Blue;XXL;81183;68513;21/09/2026;50;NS300C_81183_68513
NS300C;Eco-friendly unisex t-shirt;Beige Cream;XS;81184;68497;21/09/2026;300;NS300C_81184_68497
NS300C;Eco-friendly unisex t-shirt;Beige Cream;S;81184;68501;21/09/2026;750;NS300C_81184_68501
NS300C;Eco-friendly unisex t-shirt;Beige Cream;M;81184;68503;21/09/2026;1450;NS300C_81184_68503
NS300C;Eco-friendly unisex t-shirt;Beige Cream;L;81184;68507;21/09/2026;1600;NS300C_81184_68507
NS300C;Eco-friendly unisex t-shirt;Beige Cream;XL;81184;68509;21/09/2026;1150;NS300C_81184_68509
NS300C;Eco-friendly unisex t-shirt;Beige Cream;XXL;81184;68513;21/09/2026;500;NS300C_81184_68513
NS300C;Eco-friendly unisex t-shirt;Butternut;S;81187;68501;21/09/2026;400;NS300C_81187_68501
NS300C;Eco-friendly unisex t-shirt;Butternut;M;81187;68503;21/09/2026;750;NS300C_81187_68503
NS300C;Eco-friendly unisex t-shirt;Butternut;L;81187;68507;21/09/2026;350;NS300C_81187_68507
NS300C;Eco-friendly unisex t-shirt;Dark camel;S;81188;68501;15/03/2027;300;NS300C_81188_68501
NS300C;Eco-friendly unisex t-shirt;Dark camel;M;81188;68503;21/09/2026;1000;NS300C_81188_68503
NS300C;Eco-friendly unisex t-shirt;Dark camel;M;81188;68503;15/03/2027;350;NS300C_81188_68503
NS300C;Eco-friendly unisex t-shirt;Dark camel;L;81188;68507;21/09/2026;950;NS300C_81188_68507
NS300C;Eco-friendly unisex t-shirt;Dark camel;L;81188;68507;15/03/2027;350;NS300C_81188_68507
NS300C;Eco-friendly unisex t-shirt;Dark camel;XL;81188;68509;21/09/2026;450;NS300C_81188_68509
NS300C;Eco-friendly unisex t-shirt;Dark camel;XL;81188;68509;15/03/2027;500;NS300C_81188_68509
NS300C;Eco-friendly unisex t-shirt;Dark camel;XXL;81188;68513;15/03/2027;500;NS300C_81188_68513
NS300C;Eco-friendly unisex t-shirt;Dark camel;3XL;81188;68515;15/03/2027;150;NS300C_81188_68515
NS300C;Eco-friendly unisex t-shirt;Deep Chocolate;XS;81191;68497;15/03/2027;150;NS300C_81191_68497
NS300C;Eco-friendly unisex t-shirt;Deep Chocolate;S;81191;68501;15/03/2027;300;NS300C_81191_68501
NS300C;Eco-friendly unisex t-shirt;Deep Chocolate;M;81191;68503;21/09/2026;650;NS300C_81191_68503
NS300C;Eco-friendly unisex t-shirt;Deep Chocolate;M;81191;68503;15/03/2027;750;NS300C_81191_68503
NS300C;Eco-friendly unisex t-shirt;Deep Chocolate;L;81191;68507;21/09/2026;350;NS300C_81191_68507
NS300C;Eco-friendly unisex t-shirt;Deep Chocolate;L;81191;68507;15/03/2027;450;NS300C_81191_68507
NS300C;Eco-friendly unisex t-shirt;Deep Chocolate;XL;81191;68509;21/09/2026;350;NS300C_81191_68509
NS300C;Eco-friendly unisex t-shirt;Deep Chocolate;XL;81191;68509;15/03/2027;100;NS300C_81191_68509
NS300C;Eco-friendly unisex t-shirt;Deep Chocolate;XXL;81191;68513;15/03/2027;100;NS300C_81191_68513
NS300C;Eco-friendly unisex t-shirt;Lemon Citrus;S;81192;68501;29/10/2026;450;NS300C_81192_68501
NS300C;Eco-friendly unisex t-shirt;Lemon Citrus;S;81192;68501;15/03/2027;500;NS300C_81192_68501
NS300C;Eco-friendly unisex t-shirt;Lemon Citrus;M;81192;68503;29/10/2026;600;NS300C_81192_68503
NS300C;Eco-friendly unisex t-shirt;Lemon Citrus;M;81192;68503;15/03/2027;350;NS300C_81192_68503
NS300C;Eco-friendly unisex t-shirt;Lemon Citrus;L;81192;68507;29/10/2026;750;NS300C_81192_68507
NS300C;Eco-friendly unisex t-shirt;Lemon Citrus;L;81192;68507;15/03/2027;400;NS300C_81192_68507
NS300C;Eco-friendly unisex t-shirt;Lemon Citrus;XL;81192;68509;29/10/2026;650;NS300C_81192_68509
NS300C;Eco-friendly unisex t-shirt;Lemon Citrus;XL;81192;68509;15/03/2027;250;NS300C_81192_68509
NS300C;Eco-friendly unisex t-shirt;Lemon Citrus;XXL;81192;68513;29/10/2026;200;NS300C_81192_68513
NS300C;Eco-friendly unisex t-shirt;Lemon Citrus;XXL;81192;68513;15/03/2027;100;NS300C_81192_68513
NS300C;Eco-friendly unisex t-shirt;Lemon Citrus;3XL;81192;68515;29/10/2026;50;NS300C_81192_68515
NS300C;Eco-friendly unisex t-shirt;Light Turquoise;XS;81195;68497;21/09/2026;200;NS300C_81195_68497
NS300C;Eco-friendly unisex t-shirt;Light Turquoise;S;81195;68501;29/10/2026;450;NS300C_81195_68501
NS300C;Eco-friendly unisex t-shirt;Light Turquoise;S;81195;68501;15/03/2027;350;NS300C_81195_68501
NS300C;Eco-friendly unisex t-shirt;Light Turquoise;M;81195;68503;29/10/2026;700;NS300C_81195_68503
NS300C;Eco-friendly unisex t-shirt;Light Turquoise;M;81195;68503;15/03/2027;700;NS300C_81195_68503
NS300C;Eco-friendly unisex t-shirt;Light Turquoise;L;81195;68507;29/10/2026;400;NS300C_81195_68507
NS300C;Eco-friendly unisex t-shirt;Light Turquoise;L;81195;68507;15/03/2027;650;NS300C_81195_68507
NS300C;Eco-friendly unisex t-shirt;Light Turquoise;XL;81195;68509;29/10/2026;50;NS300C_81195_68509
NS300C;Eco-friendly unisex t-shirt;Light Turquoise;XL;81195;68509;15/03/2027;400;NS300C_81195_68509
NS300C;Eco-friendly unisex t-shirt;Light Turquoise;XXL;81195;68513;29/10/2026;50;NS300C_81195_68513
NS300C;Eco-friendly unisex t-shirt;Light Turquoise;XXL;81195;68513;15/03/2027;50;NS300C_81195_68513
NS300C;Eco-friendly unisex t-shirt;Light Turquoise;3XL;81195;68515;21/09/2026;50;NS300C_81195_68515
NS300C;Eco-friendly unisex t-shirt;Light Turquoise;3XL;81195;68515;15/03/2027;50;NS300C_81195_68515
NS300C;Eco-friendly unisex t-shirt;Poppy Red;S;81196;68501;15/03/2027;100;NS300C_81196_68501
NS300C;Eco-friendly unisex t-shirt;Poppy Red;M;81196;68503;15/03/2027;250;NS300C_81196_68503
NS300C;Eco-friendly unisex t-shirt;Poppy Red;L;81196;68507;15/03/2027;450;NS300C_81196_68507
NS300C;Eco-friendly unisex t-shirt;Poppy Red;XL;81196;68509;15/03/2027;350;NS300C_81196_68509
NS300C;Eco-friendly unisex t-shirt;Poppy Red;XXL;81196;68513;15/03/2027;400;NS300C_81196_68513
NS300C;Eco-friendly unisex t-shirt;Celadon Green;S;88543;68501;21/09/2026;200;NS300C_88543_68501
NS300C;Eco-friendly unisex t-shirt;Celadon Green;M;88543;68503;21/09/2026;450;NS300C_88543_68503
NS300C;Eco-friendly unisex t-shirt;Celadon Green;XL;88543;68509;21/09/2026;300;NS300C_88543_68509
NS300C;Eco-friendly unisex t-shirt;Cherry Purple;S;88546;68501;29/10/2026;1000;NS300C_88546_68501
NS300C;Eco-friendly unisex t-shirt;Cherry Purple;M;88546;68503;29/10/2026;2250;NS300C_88546_68503
NS300C;Eco-friendly unisex t-shirt;Cherry Purple;L;88546;68507;29/10/2026;2400;NS300C_88546_68507
NS300C;Eco-friendly unisex t-shirt;Cherry Purple;XL;88546;68509;29/10/2026;1450;NS300C_88546_68509
NS300C;Eco-friendly unisex t-shirt;Cherry Purple;XXL;88546;68513;29/10/2026;650;NS300C_88546_68513
NS305;Eco-friendly unisex t-shirt;White;XS;81270;81213;06/11/2026;150;NS305_81270_81213
NS305;Eco-friendly unisex t-shirt;White;XS;81270;81213;27/01/2027;400;NS305_81270_81213
NS305;Eco-friendly unisex t-shirt;White;S;81270;81214;06/11/2026;700;NS305_81270_81214
NS305;Eco-friendly unisex t-shirt;White;S;81270;81214;24/12/2026;2300;NS305_81270_81214
NS305;Eco-friendly unisex t-shirt;White;M;81270;81217;21/09/2026;15050;NS305_81270_81217
NS305;Eco-friendly unisex t-shirt;White;M;81270;81217;06/11/2026;1300;NS305_81270_81217
NS305;Eco-friendly unisex t-shirt;White;M;81270;81217;24/12/2026;4000;NS305_81270_81217
NS305;Eco-friendly unisex t-shirt;White;M;81270;81217;27/01/2027;1000;NS305_81270_81217
NS305;Eco-friendly unisex t-shirt;White;M;81270;81217;26/03/2027;6000;NS305_81270_81217
NS305;Eco-friendly unisex t-shirt;White;M;81270;81217;26/04/2027;4000;NS305_81270_81217
NS305;Eco-friendly unisex t-shirt;White;L;81270;81218;21/09/2026;17000;NS305_81270_81218
NS305;Eco-friendly unisex t-shirt;White;L;81270;81218;06/11/2026;1500;NS305_81270_81218
NS305;Eco-friendly unisex t-shirt;White;L;81270;81218;24/12/2026;3000;NS305_81270_81218
NS305;Eco-friendly unisex t-shirt;White;L;81270;81218;27/01/2027;2500;NS305_81270_81218
NS305;Eco-friendly unisex t-shirt;White;L;81270;81218;26/03/2027;4500;NS305_81270_81218
NS305;Eco-friendly unisex t-shirt;White;L;81270;81218;26/04/2027;3000;NS305_81270_81218
NS305;Eco-friendly unisex t-shirt;White;XL;81270;81221;06/11/2026;800;NS305_81270_81221
NS305;Eco-friendly unisex t-shirt;White;XL;81270;81221;24/12/2026;1500;NS305_81270_81221
NS305;Eco-friendly unisex t-shirt;White;XL;81270;81221;27/01/2027;1500;NS305_81270_81221
NS305;Eco-friendly unisex t-shirt;White;XL;81270;81221;26/03/2027;2700;NS305_81270_81221
NS305;Eco-friendly unisex t-shirt;White;XL;81270;81221;26/04/2027;1200;NS305_81270_81221
NS305;Eco-friendly unisex t-shirt;White;XXL;81270;81222;21/09/2026;4871;NS305_81270_81222
NS305;Eco-friendly unisex t-shirt;White;XXL;81270;81222;06/11/2026;150;NS305_81270_81222
NS305;Eco-friendly unisex t-shirt;White;XXL;81270;81222;24/12/2026;500;NS305_81270_81222
NS305A;Eco-friendly unisex t-shirt;Moon Grey Heather;M;94183;94173;21/09/2026;5400;NS305A_94183_94173
NS305A;Eco-friendly unisex t-shirt;Moon Grey Heather;L;94183;94174;21/09/2026;3200;NS305A_94183_94174
NS305A;Eco-friendly unisex t-shirt;Moon Grey Heather;L;94183;94174;06/11/2026;200;NS305A_94183_94174
NS305A;Eco-friendly unisex t-shirt;Moon Grey Heather;XL;94183;94175;21/09/2026;1600;NS305A_94183_94175
NS305A;Eco-friendly unisex t-shirt;Moon Grey Heather;XL;94183;94175;06/11/2026;200;NS305A_94183_94175
NS305A;Eco-friendly unisex t-shirt;Moon Grey Heather;XXL;94183;94176;06/11/2026;400;NS305A_94183_94176
NS305AX;Eco-friendly unisex t-shirt;Moon Grey Heather;3XL;94185;94177;06/11/2026;864;NS305AX_94185_94177
NS305C;Eco-friendly unisex t-shirt;Antique Rose;S;81230;81215;21/09/2026;850;NS305C_81230_81215
NS305C;Eco-friendly unisex t-shirt;Antique Rose;M;81230;81216;21/09/2026;1500;NS305C_81230_81216
NS305C;Eco-friendly unisex t-shirt;Antique Rose;L;81230;81219;21/09/2026;1300;NS305C_81230_81219
NS305C;Eco-friendly unisex t-shirt;Antique Rose;XXL;81230;81223;21/09/2026;150;NS305C_81230_81223
NS305C;Eco-friendly unisex t-shirt;Black;XXS;81234;81211;21/09/2026;600;NS305C_81234_81211
NS305C;Eco-friendly unisex t-shirt;Black;S;81234;81215;02/10/2026;1000;NS305C_81234_81215
NS305C;Eco-friendly unisex t-shirt;Black;S;81234;81215;24/12/2026;1200;NS305C_81234_81215
NS305C;Eco-friendly unisex t-shirt;Black;M;81234;81216;02/10/2026;2000;NS305C_81234_81216
NS305C;Eco-friendly unisex t-shirt;Black;M;81234;81216;24/12/2026;2500;NS305C_81234_81216
NS305C;Eco-friendly unisex t-shirt;Black;L;81234;81219;02/10/2026;2000;NS305C_81234_81219
NS305C;Eco-friendly unisex t-shirt;Black;L;81234;81219;24/12/2026;3000;NS305C_81234_81219
NS305C;Eco-friendly unisex t-shirt;Black;XL;81234;81220;02/10/2026;1000;NS305C_81234_81220
NS305C;Eco-friendly unisex t-shirt;Black;XL;81234;81220;24/12/2026;1700;NS305C_81234_81220
NS305C;Eco-friendly unisex t-shirt;Black;XXL;81234;81223;02/10/2026;500;NS305C_81234_81223
NS305C;Eco-friendly unisex t-shirt;Black;XXL;81234;81223;24/12/2026;700;NS305C_81234_81223
NS305C;Eco-friendly unisex t-shirt;Blue Sapphire;S;81237;81215;27/01/2027;450;NS305C_81237_81215
NS305C;Eco-friendly unisex t-shirt;Blue Sapphire;M;81237;81216;27/01/2027;900;NS305C_81237_81216
NS305C;Eco-friendly unisex t-shirt;Blue Sapphire;L;81237;81219;27/01/2027;700;NS305C_81237_81219
NS305C;Eco-friendly unisex t-shirt;Blue Sapphire;XL;81237;81220;27/01/2027;900;NS305C_81237_81220
NS305C;Eco-friendly unisex t-shirt;Blue Sapphire;XXL;81237;81223;27/01/2027;600;NS305C_81237_81223
NS305C;Eco-friendly unisex t-shirt;Brook Green;M;81238;81216;21/09/2026;900;NS305C_81238_81216
NS305C;Eco-friendly unisex t-shirt;Burnt Brick;XS;81241;81212;06/11/2026;50;NS305C_81241_81212
NS305C;Eco-friendly unisex t-shirt;Burnt Brick;S;81241;81215;06/11/2026;100;NS305C_81241_81215
NS305C;Eco-friendly unisex t-shirt;Burnt Brick;M;81241;81216;06/11/2026;150;NS305C_81241_81216
NS305C;Eco-friendly unisex t-shirt;Burnt Brick;M;81241;81216;26/04/2027;600;NS305C_81241_81216
NS305C;Eco-friendly unisex t-shirt;Burnt Brick;L;81241;81219;06/11/2026;500;NS305C_81241_81219
NS305C;Eco-friendly unisex t-shirt;Burnt Brick;L;81241;81219;26/03/2027;600;NS305C_81241_81219
NS305C;Eco-friendly unisex t-shirt;Burnt Brick;L;81241;81219;26/04/2027;750;NS305C_81241_81219
NS305C;Eco-friendly unisex t-shirt;Burnt Brick;XL;81241;81220;06/11/2026;400;NS305C_81241_81220
NS305C;Eco-friendly unisex t-shirt;Burnt Brick;XL;81241;81220;26/03/2027;850;NS305C_81241_81220
NS305C;Eco-friendly unisex t-shirt;Burnt Brick;XL;81241;81220;26/04/2027;400;NS305C_81241_81220
NS305C;Eco-friendly unisex t-shirt;Burnt Brick;XXL;81241;81223;06/11/2026;364;NS305C_81241_81223
NS305C;Eco-friendly unisex t-shirt;Burnt Brick;XXL;81241;81223;26/03/2027;200;NS305C_81241_81223
NS305C;Eco-friendly unisex t-shirt;Burnt Brick;XXL;81241;81223;26/04/2027;250;NS305C_81241_81223
NS305C;Eco-friendly unisex t-shirt;Curcuma;M;81242;81216;21/09/2026;750;NS305C_81242_81216
NS305C;Eco-friendly unisex t-shirt;Curcuma;L;81242;81219;21/09/2026;1500;NS305C_81242_81219
NS305C;Eco-friendly unisex t-shirt;Curcuma;XL;81242;81220;21/09/2026;1000;NS305C_81242_81220
NS305C;Eco-friendly unisex t-shirt;Dark Cherry;XS;81245;81212;27/01/2027;100;NS305C_81245_81212
NS305C;Eco-friendly unisex t-shirt;Dark Cherry;XS;81245;81212;24/02/2027;100;NS305C_81245_81212
NS305C;Eco-friendly unisex t-shirt;Dark Cherry;S;81245;81215;24/11/2026;1135;NS305C_81245_81215
NS305C;Eco-friendly unisex t-shirt;Dark Cherry;S;81245;81215;27/01/2027;200;NS305C_81245_81215
NS305C;Eco-friendly unisex t-shirt;Dark Cherry;S;81245;81215;24/02/2027;1300;NS305C_81245_81215
NS305C;Eco-friendly unisex t-shirt;Dark Cherry;M;81245;81216;24/11/2026;1824;NS305C_81245_81216
NS305C;Eco-friendly unisex t-shirt;Dark Cherry;M;81245;81216;27/01/2027;400;NS305C_81245_81216
NS305C;Eco-friendly unisex t-shirt;Dark Cherry;M;81245;81216;24/02/2027;3300;NS305C_81245_81216
NS305C;Eco-friendly unisex t-shirt;Dark Cherry;L;81245;81219;24/11/2026;934;NS305C_81245_81219
NS305C;Eco-friendly unisex t-shirt;Dark Cherry;L;81245;81219;27/01/2027;700;NS305C_81245_81219
NS305C;Eco-friendly unisex t-shirt;Dark Cherry;L;81245;81219;24/02/2027;3650;NS305C_81245_81219
NS305C;Eco-friendly unisex t-shirt;Dark Cherry;XL;81245;81220;02/10/2026;34;NS305C_81245_81220
NS305C;Eco-friendly unisex t-shirt;Dark Cherry;XL;81245;81220;24/11/2026;250;NS305C_81245_81220
NS305C;Eco-friendly unisex t-shirt;Dark Cherry;XL;81245;81220;27/01/2027;100;NS305C_81245_81220
NS305C;Eco-friendly unisex t-shirt;Dark Cherry;XL;81245;81220;24/02/2027;3150;NS305C_81245_81220
NS305C;Eco-friendly unisex t-shirt;Dark Cherry;XXL;81245;81223;02/10/2026;1303;NS305C_81245_81223
NS305C;Eco-friendly unisex t-shirt;Dark Cherry;XXL;81245;81223;24/11/2026;900;NS305C_81245_81223
NS305C;Eco-friendly unisex t-shirt;Dark Cherry;XXL;81245;81223;24/02/2027;300;NS305C_81245_81223
NS305C;Eco-friendly unisex t-shirt;Driftwood;M;81246;81216;21/09/2026;900;NS305C_81246_81216
NS305C;Eco-friendly unisex t-shirt;Driftwood;XL;81246;81220;21/09/2026;1000;NS305C_81246_81220
NS305C;Eco-friendly unisex t-shirt;Gemstone Green;L;81249;81219;21/09/2026;1500;NS305C_81249_81219
NS305C;Eco-friendly unisex t-shirt;Hibiscus Red;XS;81250;81212;21/09/2026;50;NS305C_81250_81212
NS305C;Eco-friendly unisex t-shirt;Hibiscus Red;S;81250;81215;21/09/2026;200;NS305C_81250_81215
NS305C;Eco-friendly unisex t-shirt;Hibiscus Red;S;81250;81215;06/11/2026;200;NS305C_81250_81215
NS305C;Eco-friendly unisex t-shirt;Hibiscus Red;S;81250;81215;26/04/2027;450;NS305C_81250_81215
NS305C;Eco-friendly unisex t-shirt;Hibiscus Red;M;81250;81216;06/11/2026;100;NS305C_81250_81216
NS305C;Eco-friendly unisex t-shirt;Hibiscus Red;M;81250;81216;26/03/2027;500;NS305C_81250_81216
NS305C;Eco-friendly unisex t-shirt;Hibiscus Red;M;81250;81216;26/04/2027;500;NS305C_81250_81216
NS305C;Eco-friendly unisex t-shirt;Hibiscus Red;L;81250;81219;21/09/2026;598;NS305C_81250_81219
NS305C;Eco-friendly unisex t-shirt;Hibiscus Red;L;81250;81219;06/11/2026;340;NS305C_81250_81219
NS305C;Eco-friendly unisex t-shirt;Hibiscus Red;L;81250;81219;26/03/2027;550;NS305C_81250_81219
NS305C;Eco-friendly unisex t-shirt;Hibiscus Red;L;81250;81219;26/04/2027;500;NS305C_81250_81219
NS305C;Eco-friendly unisex t-shirt;Hibiscus Red;XL;81250;81220;21/09/2026;500;NS305C_81250_81220
NS305C;Eco-friendly unisex t-shirt;Hibiscus Red;XL;81250;81220;06/11/2026;300;NS305C_81250_81220
NS305C;Eco-friendly unisex t-shirt;Hibiscus Red;XL;81250;81220;26/03/2027;400;NS305C_81250_81220
NS305C;Eco-friendly unisex t-shirt;Hibiscus Red;XL;81250;81220;26/04/2027;50;NS305C_81250_81220
NS305C;Eco-friendly unisex t-shirt;Hibiscus Red;XXL;81250;81223;21/09/2026;50;NS305C_81250_81223
NS305C;Eco-friendly unisex t-shirt;Hibiscus Red;XXL;81250;81223;06/11/2026;450;NS305C_81250_81223
NS305C;Eco-friendly unisex t-shirt;Hibiscus Red;XXL;81250;81223;26/03/2027;50;NS305C_81250_81223
NS305C;Eco-friendly unisex t-shirt;Iron Grey;L;81253;81219;21/09/2026;1800;NS305C_81253_81219
NS305C;Eco-friendly unisex t-shirt;Moss Green;XXS;81257;81211;26/04/2027;77;NS305C_81257_81211
NS305C;Eco-friendly unisex t-shirt;Moss Green;XS;81257;81212;26/04/2027;200;NS305C_81257_81212
NS305C;Eco-friendly unisex t-shirt;Moss Green;S;81257;81215;21/09/2026;300;NS305C_81257_81215
NS305C;Eco-friendly unisex t-shirt;Moss Green;S;81257;81215;24/02/2027;200;NS305C_81257_81215
NS305C;Eco-friendly unisex t-shirt;Moss Green;S;81257;81215;26/03/2027;700;NS305C_81257_81215
NS305C;Eco-friendly unisex t-shirt;Moss Green;S;81257;81215;26/04/2027;800;NS305C_81257_81215
NS305C;Eco-friendly unisex t-shirt;Moss Green;M;81257;81216;21/09/2026;500;NS305C_81257_81216
NS305C;Eco-friendly unisex t-shirt;Moss Green;M;81257;81216;24/02/2027;400;NS305C_81257_81216
NS305C;Eco-friendly unisex t-shirt;Moss Green;M;81257;81216;26/03/2027;1200;NS305C_81257_81216
NS305C;Eco-friendly unisex t-shirt;Moss Green;M;81257;81216;26/04/2027;550;NS305C_81257_81216
NS305C;Eco-friendly unisex t-shirt;Moss Green;L;81257;81219;24/02/2027;550;NS305C_81257_81219
NS305C;Eco-friendly unisex t-shirt;Moss Green;L;81257;81219;26/03/2027;1500;NS305C_81257_81219
NS305C;Eco-friendly unisex t-shirt;Moss Green;L;81257;81219;26/04/2027;400;NS305C_81257_81219
NS305C;Eco-friendly unisex t-shirt;Moss Green;XL;81257;81220;21/09/2026;900;NS305C_81257_81220
NS305C;Eco-friendly unisex t-shirt;Moss Green;XL;81257;81220;24/02/2027;350;NS305C_81257_81220
NS305C;Eco-friendly unisex t-shirt;Moss Green;XL;81257;81220;26/03/2027;1050;NS305C_81257_81220
NS305C;Eco-friendly unisex t-shirt;Moss Green;XL;81257;81220;26/04/2027;350;NS305C_81257_81220
NS305C;Eco-friendly unisex t-shirt;Moss Green;XXL;81257;81223;21/09/2026;349;NS305C_81257_81223
NS305C;Eco-friendly unisex t-shirt;Moss Green;XXL;81257;81223;24/02/2027;400;NS305C_81257_81223
NS305C;Eco-friendly unisex t-shirt;Moss Green;XXL;81257;81223;26/03/2027;700;NS305C_81257_81223
NS305C;Eco-friendly unisex t-shirt;Moss Green;XXL;81257;81223;26/04/2027;100;NS305C_81257_81223
NS305C;Eco-friendly unisex t-shirt;Navy Blue;XXS;81258;81211;21/09/2026;550;NS305C_81258_81211
NS305C;Eco-friendly unisex t-shirt;Navy Blue;XS;81258;81212;21/09/2026;900;NS305C_81258_81212
NS305C;Eco-friendly unisex t-shirt;Navy Blue;S;81258;81215;21/09/2026;1500;NS305C_81258_81215
NS305C;Eco-friendly unisex t-shirt;Navy Blue;S;81258;81215;24/12/2026;600;NS305C_81258_81215
NS305C;Eco-friendly unisex t-shirt;Navy Blue;M;81258;81216;21/09/2026;7050;NS305C_81258_81216
NS305C;Eco-friendly unisex t-shirt;Navy Blue;M;81258;81216;24/12/2026;1400;NS305C_81258_81216
NS305C;Eco-friendly unisex t-shirt;Navy Blue;M;81258;81216;27/01/2027;1500;NS305C_81258_81216
NS305C;Eco-friendly unisex t-shirt;Navy Blue;M;81258;81216;26/03/2027;3500;NS305C_81258_81216
NS305C;Eco-friendly unisex t-shirt;Navy Blue;M;81258;81216;26/04/2027;3000;NS305C_81258_81216
NS305C;Eco-friendly unisex t-shirt;Navy Blue;L;81258;81219;21/09/2026;3650;NS305C_81258_81219
NS305C;Eco-friendly unisex t-shirt;Navy Blue;L;81258;81219;06/11/2026;980;NS305C_81258_81219
NS305C;Eco-friendly unisex t-shirt;Navy Blue;L;81258;81219;24/11/2026;20;NS305C_81258_81219
NS305C;Eco-friendly unisex t-shirt;Navy Blue;L;81258;81219;24/12/2026;1400;NS305C_81258_81219
NS305C;Eco-friendly unisex t-shirt;Navy Blue;L;81258;81219;27/01/2027;5000;NS305C_81258_81219
NS305C;Eco-friendly unisex t-shirt;Navy Blue;L;81258;81219;26/03/2027;3500;NS305C_81258_81219
NS305C;Eco-friendly unisex t-shirt;Navy Blue;L;81258;81219;26/04/2027;2000;NS305C_81258_81219
NS305C;Eco-friendly unisex t-shirt;Navy Blue;XL;81258;81220;06/11/2026;1180;NS305C_81258_81220
NS305C;Eco-friendly unisex t-shirt;Navy Blue;XL;81258;81220;24/11/2026;20;NS305C_81258_81220
NS305C;Eco-friendly unisex t-shirt;Navy Blue;XL;81258;81220;24/12/2026;900;NS305C_81258_81220
NS305C;Eco-friendly unisex t-shirt;Navy Blue;XL;81258;81220;27/01/2027;1500;NS305C_81258_81220
NS305C;Eco-friendly unisex t-shirt;Navy Blue;XL;81258;81220;26/03/2027;2200;NS305C_81258_81220
NS305C;Eco-friendly unisex t-shirt;Navy Blue;XL;81258;81220;26/04/2027;1000;NS305C_81258_81220
NS305C;Eco-friendly unisex t-shirt;Navy Blue;XXL;81258;81223;06/11/2026;500;NS305C_81258_81223
NS305C;Eco-friendly unisex t-shirt;Navy Blue;XXL;81258;81223;24/12/2026;400;NS305C_81258_81223
NS305C;Eco-friendly unisex t-shirt;Navy Blue;XXL;81258;81223;26/03/2027;1500;NS305C_81258_81223
NS305C;Eco-friendly unisex t-shirt;Peacock Blue;XXS;81261;81211;24/02/2027;49;NS305C_81261_81211
NS305C;Eco-friendly unisex t-shirt;Peacock Blue;XS;81261;81212;24/02/2027;50;NS305C_81261_81212
NS305C;Eco-friendly unisex t-shirt;Peacock Blue;XS;81261;81212;26/03/2027;300;NS305C_81261_81212
NS305C;Eco-friendly unisex t-shirt;Peacock Blue;S;81261;81215;24/02/2027;500;NS305C_81261_81215
NS305C;Eco-friendly unisex t-shirt;Peacock Blue;S;81261;81215;26/03/2027;700;NS305C_81261_81215
NS305C;Eco-friendly unisex t-shirt;Peacock Blue;M;81261;81216;06/11/2026;100;NS305C_81261_81216
NS305C;Eco-friendly unisex t-shirt;Peacock Blue;M;81261;81216;24/02/2027;900;NS305C_81261_81216
NS305C;Eco-friendly unisex t-shirt;Peacock Blue;M;81261;81216;26/03/2027;1700;NS305C_81261_81216
NS305C;Eco-friendly unisex t-shirt;Peacock Blue;L;81261;81219;06/11/2026;250;NS305C_81261_81219
NS305C;Eco-friendly unisex t-shirt;Peacock Blue;L;81261;81219;24/02/2027;500;NS305C_81261_81219
NS305C;Eco-friendly unisex t-shirt;Peacock Blue;L;81261;81219;26/03/2027;1900;NS305C_81261_81219
NS305C;Eco-friendly unisex t-shirt;Peacock Blue;XL;81261;81220;06/11/2026;700;NS305C_81261_81220
NS305C;Eco-friendly unisex t-shirt;Peacock Blue;XL;81261;81220;24/02/2027;1200;NS305C_81261_81220
NS305C;Eco-friendly unisex t-shirt;Peacock Blue;XL;81261;81220;26/03/2027;1300;NS305C_81261_81220
NS305C;Eco-friendly unisex t-shirt;Peacock Blue;XXL;81261;81223;06/11/2026;588;NS305C_81261_81223
NS305C;Eco-friendly unisex t-shirt;Peacock Blue;XXL;81261;81223;24/02/2027;550;NS305C_81261_81223
NS305C;Eco-friendly unisex t-shirt;Peacock Blue;XXL;81261;81223;26/03/2027;600;NS305C_81261_81223
NS305C;Eco-friendly unisex t-shirt;Peacock Green;XS;81262;81212;06/11/2026;100;NS305C_81262_81212
NS305C;Eco-friendly unisex t-shirt;Peacock Green;XS;81262;81212;27/01/2027;150;NS305C_81262_81212
NS305C;Eco-friendly unisex t-shirt;Peacock Green;XS;81262;81212;26/03/2027;200;NS305C_81262_81212
NS305C;Eco-friendly unisex t-shirt;Peacock Green;S;81262;81215;06/11/2026;600;NS305C_81262_81215
NS305C;Eco-friendly unisex t-shirt;Peacock Green;S;81262;81215;27/01/2027;450;NS305C_81262_81215
NS305C;Eco-friendly unisex t-shirt;Peacock Green;S;81262;81215;26/03/2027;700;NS305C_81262_81215
NS305C;Eco-friendly unisex t-shirt;Peacock Green;M;81262;81216;06/11/2026;700;NS305C_81262_81216
NS305C;Eco-friendly unisex t-shirt;Peacock Green;M;81262;81216;27/01/2027;600;NS305C_81262_81216
NS305C;Eco-friendly unisex t-shirt;Peacock Green;M;81262;81216;26/03/2027;1300;NS305C_81262_81216
NS305C;Eco-friendly unisex t-shirt;Peacock Green;L;81262;81219;06/11/2026;1700;NS305C_81262_81219
NS305C;Eco-friendly unisex t-shirt;Peacock Green;L;81262;81219;27/01/2027;500;NS305C_81262_81219
NS305C;Eco-friendly unisex t-shirt;Peacock Green;L;81262;81219;26/03/2027;1000;NS305C_81262_81219
NS305C;Eco-friendly unisex t-shirt;Peacock Green;XL;81262;81220;06/11/2026;950;NS305C_81262_81220
NS305C;Eco-friendly unisex t-shirt;Peacock Green;XL;81262;81220;27/01/2027;200;NS305C_81262_81220
NS305C;Eco-friendly unisex t-shirt;Peacock Green;XL;81262;81220;26/03/2027;900;NS305C_81262_81220
NS305C;Eco-friendly unisex t-shirt;Peacock Green;XXL;81262;81223;27/01/2027;100;NS305C_81262_81223
NS305C;Eco-friendly unisex t-shirt;Peacock Green;XXL;81262;81223;26/03/2027;1000;NS305C_81262_81223
NS305C;Eco-friendly unisex t-shirt;Pineapple;XXS;81265;81211;21/09/2026;100;NS305C_81265_81211
NS305C;Eco-friendly unisex t-shirt;Pineapple;XS;81265;81212;24/02/2027;100;NS305C_81265_81212
NS305C;Eco-friendly unisex t-shirt;Pineapple;S;81265;81215;24/02/2027;900;NS305C_81265_81215
NS305C;Eco-friendly unisex t-shirt;Pineapple;M;81265;81216;24/02/2027;350;NS305C_81265_81216
NS305C;Eco-friendly unisex t-shirt;Pineapple;L;81265;81219;21/09/2026;1500;NS305C_81265_81219
NS305C;Eco-friendly unisex t-shirt;Raw Natural;S;81266;81215;21/09/2026;450;NS305C_81266_81215
NS305C;Eco-friendly unisex t-shirt;Raw Natural;M;81266;81216;24/02/2027;5500;NS305C_81266_81216
NS305C;Eco-friendly unisex t-shirt;Raw Natural;L;81266;81219;27/01/2027;2000;NS305C_81266_81219
NS305C;Eco-friendly unisex t-shirt;Raw Natural;L;81266;81219;24/02/2027;6000;NS305C_81266_81219
NS305C;Eco-friendly unisex t-shirt;Raw Natural;XL;81266;81220;21/09/2026;1150;NS305C_81266_81220
NS305C;Eco-friendly unisex t-shirt;Raw Natural;XL;81266;81220;27/01/2027;2000;NS305C_81266_81220
NS305C;Eco-friendly unisex t-shirt;Raw Natural;XL;81266;81220;24/02/2027;3400;NS305C_81266_81220
NS305C;Eco-friendly unisex t-shirt;Raw Natural;XXL;81266;81223;27/01/2027;300;NS305C_81266_81223
NS305C;Eco-friendly unisex t-shirt;Raw Natural;XXL;81266;81223;24/02/2027;1100;NS305C_81266_81223
NS305C;Eco-friendly unisex t-shirt;Tangerine;XS;81269;81212;27/01/2027;450;NS305C_81269_81212
NS305C;Eco-friendly unisex t-shirt;Tangerine;XS;81269;81212;24/02/2027;650;NS305C_81269_81212
NS305C;Eco-friendly unisex t-shirt;Tangerine;S;81269;81215;27/01/2027;200;NS305C_81269_81215
NS305C;Eco-friendly unisex t-shirt;Tangerine;S;81269;81215;24/02/2027;900;NS305C_81269_81215
NS305C;Eco-friendly unisex t-shirt;Tangerine;M;81269;81216;27/01/2027;900;NS305C_81269_81216
NS305C;Eco-friendly unisex t-shirt;Tangerine;M;81269;81216;24/02/2027;1100;NS305C_81269_81216
NS305C;Eco-friendly unisex t-shirt;Tangerine;M;81269;81216;26/04/2027;300;NS305C_81269_81216
NS305C;Eco-friendly unisex t-shirt;Tangerine;L;81269;81219;27/01/2027;750;NS305C_81269_81219
NS305C;Eco-friendly unisex t-shirt;Tangerine;L;81269;81219;24/02/2027;800;NS305C_81269_81219
NS305C;Eco-friendly unisex t-shirt;Tangerine;L;81269;81219;26/04/2027;1200;NS305C_81269_81219
NS305C;Eco-friendly unisex t-shirt;Tangerine;XL;81269;81220;27/01/2027;400;NS305C_81269_81220
NS305C;Eco-friendly unisex t-shirt;Tangerine;XL;81269;81220;24/02/2027;400;NS305C_81269_81220
NS305C;Eco-friendly unisex t-shirt;Tangerine;XL;81269;81220;26/04/2027;600;NS305C_81269_81220
NS305C;Eco-friendly unisex t-shirt;Tangerine;XXL;81269;81223;27/01/2027;150;NS305C_81269_81223
NS305C;Eco-friendly unisex t-shirt;Tangerine;XXL;81269;81223;24/02/2027;250;NS305C_81269_81223
NS305C;Eco-friendly unisex t-shirt;Tangerine;XXL;81269;81223;26/04/2027;250;NS305C_81269_81223
NS305C;Eco-friendly unisex t-shirt;Aquamarine;XS;88552;81212;26/03/2027;150;NS305C_88552_81212
NS305C;Eco-friendly unisex t-shirt;Aquamarine;XS;88552;81212;26/04/2027;50;NS305C_88552_81212
NS305C;Eco-friendly unisex t-shirt;Aquamarine;S;88552;81215;27/01/2027;250;NS305C_88552_81215
NS305C;Eco-friendly unisex t-shirt;Aquamarine;S;88552;81215;24/02/2027;300;NS305C_88552_81215
NS305C;Eco-friendly unisex t-shirt;Aquamarine;S;88552;81215;26/03/2027;300;NS305C_88552_81215
NS305C;Eco-friendly unisex t-shirt;Aquamarine;S;88552;81215;26/04/2027;250;NS305C_88552_81215
NS305C;Eco-friendly unisex t-shirt;Aquamarine;M;88552;81216;27/01/2027;750;NS305C_88552_81216
NS305C;Eco-friendly unisex t-shirt;Aquamarine;M;88552;81216;24/02/2027;1000;NS305C_88552_81216
NS305C;Eco-friendly unisex t-shirt;Aquamarine;M;88552;81216;26/03/2027;400;NS305C_88552_81216
NS305C;Eco-friendly unisex t-shirt;Aquamarine;M;88552;81216;26/04/2027;950;NS305C_88552_81216
NS305C;Eco-friendly unisex t-shirt;Aquamarine;L;88552;81219;27/01/2027;900;NS305C_88552_81219
NS305C;Eco-friendly unisex t-shirt;Aquamarine;L;88552;81219;24/02/2027;700;NS305C_88552_81219
NS305C;Eco-friendly unisex t-shirt;Aquamarine;L;88552;81219;26/03/2027;750;NS305C_88552_81219
NS305C;Eco-friendly unisex t-shirt;Aquamarine;L;88552;81219;26/04/2027;900;NS305C_88552_81219
NS305C;Eco-friendly unisex t-shirt;Aquamarine;XL;88552;81220;27/01/2027;600;NS305C_88552_81220
NS305C;Eco-friendly unisex t-shirt;Aquamarine;XL;88552;81220;24/02/2027;500;NS305C_88552_81220
NS305C;Eco-friendly unisex t-shirt;Aquamarine;XL;88552;81220;26/03/2027;500;NS305C_88552_81220
NS305C;Eco-friendly unisex t-shirt;Aquamarine;XL;88552;81220;26/04/2027;100;NS305C_88552_81220
NS305C;Eco-friendly unisex t-shirt;Aquamarine;XXL;88552;81223;27/01/2027;311;NS305C_88552_81223
NS305C;Eco-friendly unisex t-shirt;Aquamarine;XXL;88552;81223;24/02/2027;250;NS305C_88552_81223
NS305C;Eco-friendly unisex t-shirt;Aquamarine;XXL;88552;81223;26/03/2027;150;NS305C_88552_81223
NS305C;Eco-friendly unisex t-shirt;Aquamarine;XXL;88552;81223;26/04/2027;100;NS305C_88552_81223
NS305C;Eco-friendly unisex t-shirt;Jade Green;S;88555;81215;02/10/2026;650;NS305C_88555_81215
NS305C;Eco-friendly unisex t-shirt;Jade Green;S;88555;81215;06/11/2026;150;NS305C_88555_81215
NS305C;Eco-friendly unisex t-shirt;Jade Green;S;88555;81215;27/01/2027;500;NS305C_88555_81215
NS305C;Eco-friendly unisex t-shirt;Jade Green;M;88555;81216;02/10/2026;2850;NS305C_88555_81216
NS305C;Eco-friendly unisex t-shirt;Jade Green;M;88555;81216;06/11/2026;1500;NS305C_88555_81216
NS305C;Eco-friendly unisex t-shirt;Jade Green;M;88555;81216;27/01/2027;600;NS305C_88555_81216
NS305C;Eco-friendly unisex t-shirt;Jade Green;L;88555;81219;02/10/2026;4191;NS305C_88555_81219
NS305C;Eco-friendly unisex t-shirt;Jade Green;L;88555;81219;06/11/2026;500;NS305C_88555_81219
NS305C;Eco-friendly unisex t-shirt;Jade Green;L;88555;81219;27/01/2027;1000;NS305C_88555_81219
NS305C;Eco-friendly unisex t-shirt;Jade Green;XL;88555;81220;02/10/2026;1650;NS305C_88555_81220
NS305C;Eco-friendly unisex t-shirt;Jade Green;XL;88555;81220;06/11/2026;1100;NS305C_88555_81220
NS305C;Eco-friendly unisex t-shirt;Jade Green;XL;88555;81220;27/01/2027;300;NS305C_88555_81220
NS305C;Eco-friendly unisex t-shirt;Jade Green;XXL;88555;81223;02/10/2026;246;NS305C_88555_81223
NS305C;Eco-friendly unisex t-shirt;Jade Green;XXL;88555;81223;06/11/2026;250;NS305C_88555_81223
NS305C;Eco-friendly unisex t-shirt;Jade Green;XXL;88555;81223;27/01/2027;500;NS305C_88555_81223
NS305C;Eco-friendly unisex t-shirt;Mineral Grey;M;88558;81216;27/01/2027;600;NS305C_88558_81216
NS305C;Eco-friendly unisex t-shirt;Mineral Grey;M;88558;81216;24/02/2027;1000;NS305C_88558_81216
NS305C;Eco-friendly unisex t-shirt;Mineral Grey;M;88558;81216;26/04/2027;850;NS305C_88558_81216
NS305C;Eco-friendly unisex t-shirt;Mineral Grey;L;88558;81219;27/01/2027;1024;NS305C_88558_81219
NS305C;Eco-friendly unisex t-shirt;Mineral Grey;L;88558;81219;24/02/2027;1300;NS305C_88558_81219
NS305C;Eco-friendly unisex t-shirt;Mineral Grey;L;88558;81219;26/04/2027;1100;NS305C_88558_81219
NS305C;Eco-friendly unisex t-shirt;Mineral Grey;XL;88558;81220;27/01/2027;600;NS305C_88558_81220
NS305C;Eco-friendly unisex t-shirt;Mineral Grey;XL;88558;81220;24/02/2027;850;NS305C_88558_81220
NS305C;Eco-friendly unisex t-shirt;Mineral Grey;XL;88558;81220;26/04/2027;550;NS305C_88558_81220
NS305C;Eco-friendly unisex t-shirt;Mineral Grey;XXL;88558;81223;27/01/2027;254;NS305C_88558_81223
NS305C;Eco-friendly unisex t-shirt;Mineral Grey;XXL;88558;81223;24/02/2027;400;NS305C_88558_81223
NS305C;Eco-friendly unisex t-shirt;Mineral Grey;XXL;88558;81223;26/04/2027;150;NS305C_88558_81223
NS305C;Eco-friendly unisex t-shirt;Organic Khaki;S;88559;81215;21/09/2026;450;NS305C_88559_81215
NS305C;Eco-friendly unisex t-shirt;Organic Khaki;S;88559;81215;26/03/2027;1300;NS305C_88559_81215
NS305C;Eco-friendly unisex t-shirt;Organic Khaki;M;88559;81216;21/09/2026;650;NS305C_88559_81216
NS305C;Eco-friendly unisex t-shirt;Organic Khaki;M;88559;81216;06/11/2026;450;NS305C_88559_81216
NS305C;Eco-friendly unisex t-shirt;Organic Khaki;M;88559;81216;26/03/2027;1100;NS305C_88559_81216
NS305C;Eco-friendly unisex t-shirt;Organic Khaki;L;88559;81219;06/11/2026;800;NS305C_88559_81219
NS305C;Eco-friendly unisex t-shirt;Organic Khaki;L;88559;81219;26/03/2027;2300;NS305C_88559_81219
NS305C;Eco-friendly unisex t-shirt;Organic Khaki;XL;88559;81220;06/11/2026;250;NS305C_88559_81220
NS305C;Eco-friendly unisex t-shirt;Organic Khaki;XL;88559;81220;26/03/2027;1300;NS305C_88559_81220
NS305C;Eco-friendly unisex t-shirt;Organic Khaki;XXL;88559;81223;21/09/2026;150;NS305C_88559_81223
NS305C;Eco-friendly unisex t-shirt;Organic Khaki;XXL;88559;81223;06/11/2026;500;NS305C_88559_81223
NS305C;Eco-friendly unisex t-shirt;Organic Khaki;XXL;88559;81223;26/03/2027;350;NS305C_88559_81223
NS305C;Eco-friendly unisex t-shirt;Parma;XS;88562;81212;26/03/2027;100;NS305C_88562_81212
NS305C;Eco-friendly unisex t-shirt;Parma;M;88562;81216;26/03/2027;250;NS305C_88562_81216
NS305C;Eco-friendly unisex t-shirt;Parma;L;88562;81219;26/03/2027;450;NS305C_88562_81219
NS305C;Eco-friendly unisex t-shirt;Parma;XL;88562;81220;26/03/2027;350;NS305C_88562_81220
NS305C;Eco-friendly unisex t-shirt;Parma;XXL;88562;81223;26/03/2027;200;NS305C_88562_81223
NS305C;Eco-friendly unisex t-shirt;Poppy Red;XS;88563;81212;21/09/2026;100;NS305C_88563_81212
NS305C;Eco-friendly unisex t-shirt;Poppy Red;S;88563;81215;24/12/2026;300;NS305C_88563_81215
NS305C;Eco-friendly unisex t-shirt;Poppy Red;S;88563;81215;27/01/2027;550;NS305C_88563_81215
NS305C;Eco-friendly unisex t-shirt;Poppy Red;M;88563;81216;21/09/2026;650;NS305C_88563_81216
NS305C;Eco-friendly unisex t-shirt;Poppy Red;M;88563;81216;24/12/2026;500;NS305C_88563_81216
NS305C;Eco-friendly unisex t-shirt;Poppy Red;M;88563;81216;27/01/2027;250;NS305C_88563_81216
NS305C;Eco-friendly unisex t-shirt;Poppy Red;L;88563;81219;21/09/2026;800;NS305C_88563_81219
NS305C;Eco-friendly unisex t-shirt;Poppy Red;L;88563;81219;24/12/2026;1000;NS305C_88563_81219
NS305C;Eco-friendly unisex t-shirt;Poppy Red;L;88563;81219;27/01/2027;350;NS305C_88563_81219
NS305C;Eco-friendly unisex t-shirt;Poppy Red;XL;88563;81220;24/12/2026;600;NS305C_88563_81220
NS305C;Eco-friendly unisex t-shirt;Poppy Red;XL;88563;81220;27/01/2027;250;NS305C_88563_81220
NS305C;Eco-friendly unisex t-shirt;Poppy Red;XXL;88563;81223;21/09/2026;150;NS305C_88563_81223
NS305C;Eco-friendly unisex t-shirt;Poppy Red;XXL;88563;81223;24/12/2026;400;NS305C_88563_81223
NS305C;Eco-friendly unisex t-shirt;Poppy Red;XXL;88563;81223;27/01/2027;50;NS305C_88563_81223
NS305C;Eco-friendly unisex t-shirt;Sea Blue;M;88566;81216;21/09/2026;650;NS305C_88566_81216
NS305C;Eco-friendly unisex t-shirt;Sea Blue;L;88566;81219;21/09/2026;850;NS305C_88566_81219
NS305C;Eco-friendly unisex t-shirt;Wet Sand;XS;88567;81212;21/09/2026;50;NS305C_88567_81212
NS305C;Eco-friendly unisex t-shirt;Wet Sand;S;88567;81215;02/10/2026;900;NS305C_88567_81215
NS305C;Eco-friendly unisex t-shirt;Wet Sand;M;88567;81216;21/09/2026;550;NS305C_88567_81216
NS305C;Eco-friendly unisex t-shirt;Wet Sand;M;88567;81216;02/10/2026;2750;NS305C_88567_81216
NS305C;Eco-friendly unisex t-shirt;Wet Sand;L;88567;81219;21/09/2026;1050;NS305C_88567_81219
NS305C;Eco-friendly unisex t-shirt;Wet Sand;L;88567;81219;02/10/2026;2900;NS305C_88567_81219
NS305C;Eco-friendly unisex t-shirt;Forest Green;S;94179;81215;24/12/2026;1000;NS305C_94179_81215
NS305C;Eco-friendly unisex t-shirt;Forest Green;S;94179;81215;26/04/2027;100;NS305C_94179_81215
NS305C;Eco-friendly unisex t-shirt;Forest Green;M;94179;81216;21/09/2026;1050;NS305C_94179_81216
NS305C;Eco-friendly unisex t-shirt;Forest Green;M;94179;81216;24/12/2026;1600;NS305C_94179_81216
NS305C;Eco-friendly unisex t-shirt;Forest Green;M;94179;81216;26/04/2027;850;NS305C_94179_81216
NS305C;Eco-friendly unisex t-shirt;Forest Green;L;94179;81219;21/09/2026;50;NS305C_94179_81219
NS305C;Eco-friendly unisex t-shirt;Forest Green;L;94179;81219;24/12/2026;1800;NS305C_94179_81219
NS305C;Eco-friendly unisex t-shirt;Forest Green;L;94179;81219;26/04/2027;550;NS305C_94179_81219
NS305C;Eco-friendly unisex t-shirt;Forest Green;XL;94179;81220;24/12/2026;700;NS305C_94179_81220
NS305C;Eco-friendly unisex t-shirt;Forest Green;XXL;94179;81223;24/12/2026;500;NS305C_94179_81223
NS305C;Eco-friendly unisex t-shirt;Ivory;XS;94182;81212;21/09/2026;2000;NS305C_94182_81212
NS305C;Eco-friendly unisex t-shirt;Ivory;S;94182;81215;06/11/2026;500;NS305C_94182_81215
NS305C;Eco-friendly unisex t-shirt;Ivory;S;94182;81215;27/01/2027;2000;NS305C_94182_81215
NS305C;Eco-friendly unisex t-shirt;Ivory;S;94182;81215;24/02/2027;900;NS305C_94182_81215
NS305C;Eco-friendly unisex t-shirt;Ivory;S;94182;81215;26/03/2027;1500;NS305C_94182_81215
NS305C;Eco-friendly unisex t-shirt;Ivory;S;94182;81215;26/04/2027;1500;NS305C_94182_81215
NS305C;Eco-friendly unisex t-shirt;Ivory;M;94182;81216;21/09/2026;3200;NS305C_94182_81216
NS305C;Eco-friendly unisex t-shirt;Ivory;M;94182;81216;27/01/2027;1400;NS305C_94182_81216
NS305C;Eco-friendly unisex t-shirt;Ivory;M;94182;81216;24/02/2027;1400;NS305C_94182_81216
NS305C;Eco-friendly unisex t-shirt;Ivory;M;94182;81216;26/03/2027;3500;NS305C_94182_81216
NS305C;Eco-friendly unisex t-shirt;Ivory;M;94182;81216;26/04/2027;2000;NS305C_94182_81216
NS305C;Eco-friendly unisex t-shirt;Ivory;L;94182;81219;27/01/2027;600;NS305C_94182_81219
NS305C;Eco-friendly unisex t-shirt;Ivory;L;94182;81219;24/02/2027;1900;NS305C_94182_81219
NS305C;Eco-friendly unisex t-shirt;Ivory;L;94182;81219;26/03/2027;4000;NS305C_94182_81219
NS305C;Eco-friendly unisex t-shirt;Ivory;L;94182;81219;26/04/2027;4700;NS305C_94182_81219
NS305C;Eco-friendly unisex t-shirt;Ivory;XL;94182;81220;24/02/2027;350;NS305C_94182_81220
NS305C;Eco-friendly unisex t-shirt;Ivory;XL;94182;81220;26/03/2027;2500;NS305C_94182_81220
NS305C;Eco-friendly unisex t-shirt;Ivory;XL;94182;81220;26/04/2027;3900;NS305C_94182_81220
NS305C;Eco-friendly unisex t-shirt;Ivory;XXL;94182;81223;06/11/2026;1090;NS305C_94182_81223
NS305C;Eco-friendly unisex t-shirt;Ivory;XXL;94182;81223;27/01/2027;300;NS305C_94182_81223
NS305C;Eco-friendly unisex t-shirt;Ivory;XXL;94182;81223;24/02/2027;1150;NS305C_94182_81223
NS305C;Eco-friendly unisex t-shirt;Ivory;XXL;94182;81223;26/03/2027;800;NS305C_94182_81223
NS305C;Eco-friendly unisex t-shirt;Ivory;XXL;94182;81223;26/04/2027;150;NS305C_94182_81223
NS305C;Eco-friendly unisex t-shirt;Sun Yellow;L;94186;81219;21/09/2026;1800;NS305C_94186_81219
NS305CX;Eco-friendly unisex t-shirt;Antique Rose;3XL;81231;81225;21/09/2026;50;NS305CX_81231_81225
NS305CX;Eco-friendly unisex t-shirt;Antique Rose;4XL;81231;81226;21/09/2026;50;NS305CX_81231_81226
NS305CX;Eco-friendly unisex t-shirt;Black;3XL;81235;81225;02/10/2026;100;NS305CX_81235_81225
NS305CX;Eco-friendly unisex t-shirt;Black;3XL;81235;81225;24/12/2026;300;NS305CX_81235_81225
NS305CX;Eco-friendly unisex t-shirt;Black;5XL;81235;81229;21/09/2026;350;NS305CX_81235_81229
NS305CX;Eco-friendly unisex t-shirt;Blue Sapphire;3XL;81236;81225;27/01/2027;50;NS305CX_81236_81225
NS305CX;Eco-friendly unisex t-shirt;Burnt Brick;3XL;81240;81225;06/11/2026;50;NS305CX_81240_81225
NS305CX;Eco-friendly unisex t-shirt;Burnt Brick;3XL;81240;81225;26/03/2027;150;NS305CX_81240_81225
NS305CX;Eco-friendly unisex t-shirt;Burnt Brick;3XL;81240;81225;26/04/2027;50;NS305CX_81240_81225
NS305CX;Eco-friendly unisex t-shirt;Burnt Brick;4XL;81240;81226;06/11/2026;9;NS305CX_81240_81226
NS305CX;Eco-friendly unisex t-shirt;Burnt Brick;4XL;81240;81226;26/03/2027;100;NS305CX_81240_81226
NS305CX;Eco-friendly unisex t-shirt;Burnt Brick;4XL;81240;81226;26/04/2027;50;NS305CX_81240_81226
NS305CX;Eco-friendly unisex t-shirt;Dark Cherry;3XL;81244;81225;02/10/2026;850;NS305CX_81244_81225
NS305CX;Eco-friendly unisex t-shirt;Dark Cherry;3XL;81244;81225;24/11/2026;100;NS305CX_81244_81225
NS305CX;Eco-friendly unisex t-shirt;Dark Cherry;4XL;81244;81226;02/10/2026;340;NS305CX_81244_81226
NS305CX;Eco-friendly unisex t-shirt;Dark Cherry;4XL;81244;81226;24/11/2026;50;NS305CX_81244_81226
NS305CX;Eco-friendly unisex t-shirt;Dark Cherry;5XL;81244;81229;02/10/2026;40;NS305CX_81244_81229
NS305CX;Eco-friendly unisex t-shirt;Hibiscus Red;3XL;81251;81225;06/11/2026;289;NS305CX_81251_81225
NS305CX;Eco-friendly unisex t-shirt;Hibiscus Red;4XL;81251;81226;06/11/2026;88;NS305CX_81251_81226
NS305CX;Eco-friendly unisex t-shirt;Moss Green;3XL;81256;81225;24/02/2027;86;NS305CX_81256_81225
NS305CX;Eco-friendly unisex t-shirt;Moss Green;3XL;81256;81225;26/03/2027;400;NS305CX_81256_81225
NS305CX;Eco-friendly unisex t-shirt;Moss Green;3XL;81256;81225;26/04/2027;50;NS305CX_81256_81225
NS305CX;Eco-friendly unisex t-shirt;Moss Green;4XL;81256;81226;24/02/2027;140;NS305CX_81256_81226
NS305CX;Eco-friendly unisex t-shirt;Moss Green;4XL;81256;81226;26/03/2027;50;NS305CX_81256_81226
NS305CX;Eco-friendly unisex t-shirt;Navy Blue;3XL;81259;81225;21/09/2026;948;NS305CX_81259_81225
NS305CX;Eco-friendly unisex t-shirt;Navy Blue;3XL;81259;81225;24/12/2026;100;NS305CX_81259_81225
NS305CX;Eco-friendly unisex t-shirt;Navy Blue;3XL;81259;81225;26/03/2027;900;NS305CX_81259_81225
NS305CX;Eco-friendly unisex t-shirt;Navy Blue;3XL;81259;81225;26/04/2027;300;NS305CX_81259_81225
NS305CX;Eco-friendly unisex t-shirt;Navy Blue;4XL;81259;81226;06/11/2026;190;NS305CX_81259_81226
NS305CX;Eco-friendly unisex t-shirt;Navy Blue;4XL;81259;81226;24/11/2026;10;NS305CX_81259_81226
NS305CX;Eco-friendly unisex t-shirt;Navy Blue;4XL;81259;81226;27/01/2027;500;NS305CX_81259_81226
NS305CX;Eco-friendly unisex t-shirt;Navy Blue;4XL;81259;81226;26/03/2027;300;NS305CX_81259_81226
NS305CX;Eco-friendly unisex t-shirt;Navy Blue;5XL;81259;81229;21/09/2026;150;NS305CX_81259_81229
NS305CX;Eco-friendly unisex t-shirt;Peacock Blue;3XL;81260;81225;06/11/2026;287;NS305CX_81260_81225
NS305CX;Eco-friendly unisex t-shirt;Peacock Blue;3XL;81260;81225;24/02/2027;200;NS305CX_81260_81225
NS305CX;Eco-friendly unisex t-shirt;Peacock Blue;4XL;81260;81226;24/02/2027;100;NS305CX_81260_81226
NS305CX;Eco-friendly unisex t-shirt;Peacock Blue;5XL;81260;81229;24/02/2027;13;NS305CX_81260_81229
NS305CX;Eco-friendly unisex t-shirt;Peacock Green;3XL;81263;81225;27/01/2027;64;NS305CX_81263_81225
NS305CX;Eco-friendly unisex t-shirt;Peacock Green;3XL;81263;81225;26/03/2027;400;NS305CX_81263_81225
NS305CX;Eco-friendly unisex t-shirt;Peacock Green;4XL;81263;81226;06/11/2026;50;NS305CX_81263_81226
NS305CX;Eco-friendly unisex t-shirt;Pineapple;4XL;81264;81226;21/09/2026;150;NS305CX_81264_81226
NS305CX;Eco-friendly unisex t-shirt;Pineapple;5XL;81264;81229;21/09/2026;50;NS305CX_81264_81229
NS305CX;Eco-friendly unisex t-shirt;Aquamarine;3XL;88551;81225;27/01/2027;113;NS305CX_88551_81225
NS305CX;Eco-friendly unisex t-shirt;Aquamarine;3XL;88551;81225;26/03/2027;50;NS305CX_88551_81225
NS305CX;Eco-friendly unisex t-shirt;Aquamarine;3XL;88551;81225;26/04/2027;50;NS305CX_88551_81225
NS305CX;Eco-friendly unisex t-shirt;Jade Green;3XL;88556;81225;06/11/2026;196;NS305CX_88556_81225
NS305CX;Eco-friendly unisex t-shirt;Mineral Grey;3XL;88557;81225;27/01/2027;100;NS305CX_88557_81225
NS305CX;Eco-friendly unisex t-shirt;Mineral Grey;3XL;88557;81225;24/02/2027;150;NS305CX_88557_81225
NS305CX;Eco-friendly unisex t-shirt;Mineral Grey;3XL;88557;81225;26/04/2027;50;NS305CX_88557_81225
NS305CX;Eco-friendly unisex t-shirt;Organic Khaki;3XL;88560;81225;06/11/2026;100;NS305CX_88560_81225
NS305CX;Eco-friendly unisex t-shirt;Parma;3XL;88561;81225;26/03/2027;161;NS305CX_88561_81225
NS305CX;Eco-friendly unisex t-shirt;Parma;4XL;88561;81226;26/03/2027;50;NS305CX_88561_81226
NS305CX;Eco-friendly unisex t-shirt;Poppy Red;3XL;88564;81225;24/12/2026;150;NS305CX_88564_81225
NS305CX;Eco-friendly unisex t-shirt;Poppy Red;3XL;88564;81225;27/01/2027;150;NS305CX_88564_81225
NS305CX;Eco-friendly unisex t-shirt;Wet Sand;3XL;88568;81225;21/09/2026;100;NS305CX_88568_81225
NS305CX;Eco-friendly unisex t-shirt;Forest Green;3XL;94180;81225;24/12/2026;50;NS305CX_94180_81225
NS305CX;Eco-friendly unisex t-shirt;Forest Green;4XL;94180;81226;24/12/2026;50;NS305CX_94180_81226
NS305CX;Eco-friendly unisex t-shirt;Ivory;3XL;94181;81225;06/11/2026;362;NS305CX_94181_81225
NS305CX;Eco-friendly unisex t-shirt;Ivory;3XL;94181;81225;24/02/2027;800;NS305CX_94181_81225
NS305CX;Eco-friendly unisex t-shirt;Ivory;4XL;94181;81226;26/03/2027;50;NS305CX_94181_81226
NS305CX;Eco-friendly unisex t-shirt;Ivory;4XL;94181;81226;26/04/2027;100;NS305CX_94181_81226
NS305X;Eco-friendly unisex t-shirt;White;4XL;81271;81227;21/09/2026;50;NS305X_81271_81227
NS307;Eco-friendly kids’ t-shirt;White;6/8 years (6/8 ans);74617;74598;21/09/2026;1950;NS307_74617_74598
NS307;Eco-friendly kids’ t-shirt;White;10/12 years (10/12 ans);74617;74604;21/09/2026;3050;NS307_74617_74604
NS307;Eco-friendly kids’ t-shirt;White;12/14 years (12/14 ans);74617;74605;21/09/2026;2150;NS307_74617_74605
NS307C;Eco-friendly kids’ t-shirt;Black;8/10 years (8/10 ans);74608;74600;21/09/2026;300;NS307C_74608_74600
NS307C;Eco-friendly kids’ t-shirt;Black;10/12 years (10/12 ans);74608;74602;21/09/2026;2250;NS307C_74608_74602
NS307C;Eco-friendly kids’ t-shirt;Black;12/14 years (12/14 ans);74608;74606;21/09/2026;2850;NS307C_74608_74606
NS307C;Eco-friendly kids’ t-shirt;Dark Cherry;2/4 years (2/4 ans);74609;74590;24/11/2026;50;NS307C_74609_74590
NS307C;Eco-friendly kids’ t-shirt;Dark Cherry;4/6 years (4/6 ans);74609;74594;24/11/2026;150;NS307C_74609_74594
NS307C;Eco-friendly kids’ t-shirt;Dark Cherry;6/8 years (6/8 ans);74609;74596;24/11/2026;400;NS307C_74609_74596
NS307C;Eco-friendly kids’ t-shirt;Dark Cherry;8/10 years (8/10 ans);74609;74600;24/11/2026;500;NS307C_74609_74600
NS307C;Eco-friendly kids’ t-shirt;Dark Cherry;10/12 years (10/12 ans);74609;74602;24/11/2026;650;NS307C_74609_74602
NS307C;Eco-friendly kids’ t-shirt;Dark Cherry;12/14 years (12/14 ans);74609;74606;24/11/2026;400;NS307C_74609_74606
NS307C;Eco-friendly kids’ t-shirt;Ivory;2/4 years (2/4 ans);74610;74590;15/03/2027;150;NS307C_74610_74590
NS307C;Eco-friendly kids’ t-shirt;Ivory;4/6 years (4/6 ans);74610;74594;24/11/2026;150;NS307C_74610_74594
NS307C;Eco-friendly kids’ t-shirt;Ivory;4/6 years (4/6 ans);74610;74594;15/03/2027;850;NS307C_74610_74594
NS307C;Eco-friendly kids’ t-shirt;Ivory;6/8 years (6/8 ans);74610;74596;21/09/2026;250;NS307C_74610_74596
NS307C;Eco-friendly kids’ t-shirt;Ivory;6/8 years (6/8 ans);74610;74596;24/11/2026;150;NS307C_74610_74596
NS307C;Eco-friendly kids’ t-shirt;Ivory;6/8 years (6/8 ans);74610;74596;15/03/2027;850;NS307C_74610_74596
NS307C;Eco-friendly kids’ t-shirt;Ivory;8/10 years (8/10 ans);74610;74600;21/09/2026;550;NS307C_74610_74600
NS307C;Eco-friendly kids’ t-shirt;Ivory;8/10 years (8/10 ans);74610;74600;24/11/2026;1350;NS307C_74610_74600
NS307C;Eco-friendly kids’ t-shirt;Ivory;8/10 years (8/10 ans);74610;74600;15/03/2027;400;NS307C_74610_74600
NS307C;Eco-friendly kids’ t-shirt;Ivory;10/12 years (10/12 ans);74610;74602;24/11/2026;900;NS307C_74610_74602
NS307C;Eco-friendly kids’ t-shirt;Ivory;10/12 years (10/12 ans);74610;74602;15/03/2027;450;NS307C_74610_74602
NS307C;Eco-friendly kids’ t-shirt;Ivory;12/14 years (12/14 ans);74610;74606;21/09/2026;19;NS307C_74610_74606
NS307C;Eco-friendly kids’ t-shirt;Ivory;12/14 years (12/14 ans);74610;74606;24/11/2026;1700;NS307C_74610_74606
NS307C;Eco-friendly kids’ t-shirt;Ivory;12/14 years (12/14 ans);74610;74606;15/03/2027;450;NS307C_74610_74606
NS307C;Eco-friendly kids’ t-shirt;Navy Blue;4/6 years (4/6 ans);74613;74594;21/09/2026;800;NS307C_74613_74594
NS307C;Eco-friendly kids’ t-shirt;Navy Blue;6/8 years (6/8 ans);74613;74596;21/09/2026;950;NS307C_74613_74596
NS307C;Eco-friendly kids’ t-shirt;Navy Blue;8/10 years (8/10 ans);74613;74600;21/09/2026;1250;NS307C_74613_74600
NS307C;Eco-friendly kids’ t-shirt;Navy Blue;10/12 years (10/12 ans);74613;74602;21/09/2026;1450;NS307C_74613_74602
NS307C;Eco-friendly kids’ t-shirt;Navy Blue;12/14 years (12/14 ans);74613;74606;21/09/2026;1300;NS307C_74613_74606
NS307C;Eco-friendly kids’ t-shirt;Raw Natural;4/6 years (4/6 ans);84768;74594;15/03/2027;450;NS307C_84768_74594
NS307C;Eco-friendly kids’ t-shirt;Raw Natural;8/10 years (8/10 ans);84768;74600;15/03/2027;100;NS307C_84768_74600
NS307C;Eco-friendly kids’ t-shirt;Raw Natural;12/14 years (12/14 ans);84768;74606;15/03/2027;1000;NS307C_84768_74606
NS307C;Eco-friendly kids’ t-shirt;Organic Khaki;2/4 years (2/4 ans);88569;74590;21/09/2026;100;NS307C_88569_74590
NS307C;Eco-friendly kids’ t-shirt;Organic Khaki;10/12 years (10/12 ans);88569;74602;21/09/2026;150;NS307C_88569_74602
NS307C;Eco-friendly kids’ t-shirt;Organic Khaki;12/14 years (12/14 ans);88569;74606;21/09/2026;50;NS307C_88569_74606
NS308;Eco-friendly unisex oversize French Terry t-shirt;Black;XS;85788;85782;15/03/2027;100;NS308_85788_85782
NS308;Eco-friendly unisex oversize French Terry t-shirt;Black;S;85788;85783;21/09/2026;550;NS308_85788_85783
NS308;Eco-friendly unisex oversize French Terry t-shirt;Black;S;85788;85783;24/11/2026;300;NS308_85788_85783
NS308;Eco-friendly unisex oversize French Terry t-shirt;Black;S;85788;85783;15/03/2027;1000;NS308_85788_85783
NS308;Eco-friendly unisex oversize French Terry t-shirt;Black;M;85788;85784;24/11/2026;700;NS308_85788_85784
NS308;Eco-friendly unisex oversize French Terry t-shirt;Black;M;85788;85784;15/03/2027;1500;NS308_85788_85784
NS308;Eco-friendly unisex oversize French Terry t-shirt;Black;L;85788;85785;24/11/2026;700;NS308_85788_85785
NS308;Eco-friendly unisex oversize French Terry t-shirt;Black;L;85788;85785;15/03/2027;1700;NS308_85788_85785
NS308;Eco-friendly unisex oversize French Terry t-shirt;Black;XL;85788;85786;24/11/2026;300;NS308_85788_85786
NS308;Eco-friendly unisex oversize French Terry t-shirt;Black;XL;85788;85786;15/03/2027;900;NS308_85788_85786
NS308;Eco-friendly unisex oversize French Terry t-shirt;Black;XXL;85788;85787;24/11/2026;100;NS308_85788_85787
NS308;Eco-friendly unisex oversize French Terry t-shirt;Black;XXL;85788;85787;15/03/2027;400;NS308_85788_85787
NS308;Eco-friendly unisex oversize French Terry t-shirt;Ivory;S;85789;85783;21/09/2026;25;NS308_85789_85783
NS308;Eco-friendly unisex oversize French Terry t-shirt;Ivory;S;85789;85783;24/11/2026;400;NS308_85789_85783
NS308;Eco-friendly unisex oversize French Terry t-shirt;Ivory;S;85789;85783;15/03/2027;2000;NS308_85789_85783
NS308;Eco-friendly unisex oversize French Terry t-shirt;Ivory;M;85789;85784;24/11/2026;750;NS308_85789_85784
NS308;Eco-friendly unisex oversize French Terry t-shirt;Ivory;M;85789;85784;15/03/2027;1400;NS308_85789_85784
NS308;Eco-friendly unisex oversize French Terry t-shirt;Ivory;L;85789;85785;24/11/2026;500;NS308_85789_85785
NS308;Eco-friendly unisex oversize French Terry t-shirt;Ivory;L;85789;85785;15/03/2027;200;NS308_85789_85785
NS308;Eco-friendly unisex oversize French Terry t-shirt;Ivory;XL;85789;85786;21/09/2026;969;NS308_85789_85786
NS308;Eco-friendly unisex oversize French Terry t-shirt;Ivory;XL;85789;85786;24/11/2026;300;NS308_85789_85786
NS308;Eco-friendly unisex oversize French Terry t-shirt;Ivory;XL;85789;85786;15/03/2027;300;NS308_85789_85786
NS308;Eco-friendly unisex oversize French Terry t-shirt;Organic Khaki;M;85791;85784;21/09/2026;1600;NS308_85791_85784
NS308;Eco-friendly unisex oversize French Terry t-shirt;Wet Sand;M;85792;85784;21/09/2026;800;NS308_85792_85784
NS308;Eco-friendly unisex oversize French Terry t-shirt;Burnt Brick;XS;94188;85782;21/09/2026;325;NS308_94188_85782
NS308;Eco-friendly unisex oversize French Terry t-shirt;Burnt Brick;S;94188;85783;21/09/2026;1650;NS308_94188_85783
NS308;Eco-friendly unisex oversize French Terry t-shirt;Burnt Brick;M;94188;85784;21/09/2026;2775;NS308_94188_85784
NS308;Eco-friendly unisex oversize French Terry t-shirt;Burnt Brick;L;94188;85785;21/09/2026;2400;NS308_94188_85785
NS308;Eco-friendly unisex oversize French Terry t-shirt;Iron Grey;M;94189;85784;21/09/2026;3850;NS308_94189_85784
NS308;Eco-friendly unisex oversize French Terry t-shirt;Iron Grey;XL;94189;85786;21/09/2026;1300;NS308_94189_85786
NS308;Eco-friendly unisex oversize French Terry t-shirt;Raw Natural;XS;94190;85782;21/09/2026;516;NS308_94190_85782
NS308;Eco-friendly unisex oversize French Terry t-shirt;Raw Natural;M;94190;85784;21/09/2026;3679;NS308_94190_85784
NS308;Eco-friendly unisex oversize French Terry t-shirt;Raw Natural;L;94190;85785;21/09/2026;3153;NS308_94190_85785
NS308;Eco-friendly unisex oversize French Terry t-shirt;Raw Natural;XL;94190;85786;21/09/2026;1100;NS308_94190_85786
NS308;Eco-friendly unisex oversize French Terry t-shirt;Raw Natural;XXL;94190;85787;21/09/2026;450;NS308_94190_85787
NS309;Eco-friendly ladies' rolled-up sleeves t-shirt;Black;S;89164;89161;21/09/2026;1000;NS309_89164_89161
NS309;Eco-friendly ladies' rolled-up sleeves t-shirt;Black;M;89164;89162;21/09/2026;1550;NS309_89164_89162
NS309;Eco-friendly ladies' rolled-up sleeves t-shirt;Black;L;89164;89163;21/09/2026;1600;NS309_89164_89163
NS309;Eco-friendly ladies' rolled-up sleeves t-shirt;Ivory;XS;89165;89160;21/09/2026;1250;NS309_89165_89160
NS309;Eco-friendly ladies' rolled-up sleeves t-shirt;Ivory;S;89165;89161;21/09/2026;2850;NS309_89165_89161
NS309;Eco-friendly ladies' rolled-up sleeves t-shirt;Ivory;M;89165;89162;21/09/2026;2800;NS309_89165_89162
NS309;Eco-friendly ladies' rolled-up sleeves t-shirt;Petal Rose;XS;89166;89160;21/09/2026;800;NS309_89166_89160
NS309;Eco-friendly ladies' rolled-up sleeves t-shirt;Petal Rose;S;89166;89161;21/09/2026;1950;NS309_89166_89161
NS309;Eco-friendly ladies' rolled-up sleeves t-shirt;Petal Rose;M;89166;89162;21/09/2026;2150;NS309_89166_89162
NS309;Eco-friendly ladies' rolled-up sleeves t-shirt;Petal Rose;L;89166;89163;21/09/2026;1200;NS309_89166_89163
NS309;Eco-friendly ladies' rolled-up sleeves t-shirt;White;S;89167;89161;21/09/2026;1300;NS309_89167_89161
NS309;Eco-friendly ladies' rolled-up sleeves t-shirt;White;M;89167;89162;21/09/2026;2150;NS309_89167_89162
NS309;Eco-friendly ladies' rolled-up sleeves t-shirt;White;L;89167;89163;21/09/2026;750;NS309_89167_89163
NS311;Men’s’ eco-friendly Terry Towel t-shirt;Almond Green;S;81918;81912;21/01/2027;60;NS311_81918_81912
NS311;Men’s’ eco-friendly Terry Towel t-shirt;Almond Green;M;81918;81913;21/01/2027;210;NS311_81918_81913
NS311;Men’s’ eco-friendly Terry Towel t-shirt;Almond Green;L;81918;81914;21/01/2027;240;NS311_81918_81914
NS311;Men’s’ eco-friendly Terry Towel t-shirt;Almond Green;XL;81918;81915;21/01/2027;120;NS311_81918_81915
NS311;Men’s’ eco-friendly Terry Towel t-shirt;Ivory;S;81919;81912;21/01/2027;180;NS311_81919_81912
NS311;Men’s’ eco-friendly Terry Towel t-shirt;Ivory;M;81919;81913;21/01/2027;210;NS311_81919_81913
NS311;Men’s’ eco-friendly Terry Towel t-shirt;Ivory;L;81919;81914;21/01/2027;210;NS311_81919_81914
NS311;Men’s’ eco-friendly Terry Towel t-shirt;Ivory;XL;81919;81915;21/01/2027;60;NS311_81919_81915
NS311;Men’s’ eco-friendly Terry Towel t-shirt;Navy Blue;S;81920;81912;21/01/2027;30;NS311_81920_81912
NS311;Men’s’ eco-friendly Terry Towel t-shirt;Navy Blue;M;81920;81913;21/01/2027;180;NS311_81920_81913
NS311;Men’s’ eco-friendly Terry Towel t-shirt;Navy Blue;L;81920;81914;21/01/2027;150;NS311_81920_81914
NS311;Men’s’ eco-friendly Terry Towel t-shirt;Navy Blue;XL;81920;81915;21/01/2027;90;NS311_81920_81915
NS311;Men’s’ eco-friendly Terry Towel t-shirt;Navy Blue;XXL;81920;81916;21/01/2027;60;NS311_81920_81916
NS311;Men’s’ eco-friendly Terry Towel t-shirt;Navy Blue;3XL;81920;81917;21/01/2027;30;NS311_81920_81917
NS313;Eco-friendly ladies’ oversize t-shirt;White;XXS/XS;74635;74626;29/10/2026;1000;NS313_74635_74626
NS313;Eco-friendly ladies’ oversize t-shirt;White;XXS/XS;74635;74626;27/01/2027;1000;NS313_74635_74626
NS313;Eco-friendly ladies’ oversize t-shirt;White;XXS/XS;74635;74626;24/02/2027;1100;NS313_74635_74626
NS313;Eco-friendly ladies’ oversize t-shirt;White;XXS/XS;74635;74626;26/04/2027;500;NS313_74635_74626
NS313;Eco-friendly ladies’ oversize t-shirt;White;S/M;74635;74629;21/09/2026;1667;NS313_74635_74629
NS313;Eco-friendly ladies’ oversize t-shirt;White;S/M;74635;74629;29/10/2026;1600;NS313_74635_74629
NS313;Eco-friendly ladies’ oversize t-shirt;White;S/M;74635;74629;27/01/2027;2500;NS313_74635_74629
NS313;Eco-friendly ladies’ oversize t-shirt;White;S/M;74635;74629;24/02/2027;2000;NS313_74635_74629
NS313;Eco-friendly ladies’ oversize t-shirt;White;S/M;74635;74629;26/04/2027;1200;NS313_74635_74629
NS313;Eco-friendly ladies’ oversize t-shirt;White;L/XL;74635;74630;21/09/2026;500;NS313_74635_74630
NS313;Eco-friendly ladies’ oversize t-shirt;White;L/XL;74635;74630;29/10/2026;1100;NS313_74635_74630
NS313;Eco-friendly ladies’ oversize t-shirt;White;L/XL;74635;74630;27/01/2027;800;NS313_74635_74630
NS313;Eco-friendly ladies’ oversize t-shirt;White;L/XL;74635;74630;24/02/2027;1200;NS313_74635_74630
NS313;Eco-friendly ladies’ oversize t-shirt;White;L/XL;74635;74630;26/04/2027;300;NS313_74635_74630
NS313C;Eco-friendly ladies’ oversize t-shirt;Aquamarine;XXS/XS;74632;74627;26/04/2027;550;NS313C_74632_74627
NS313C;Eco-friendly ladies’ oversize t-shirt;Aquamarine;S/M;74632;74628;26/04/2027;600;NS313C_74632_74628
NS313C;Eco-friendly ladies’ oversize t-shirt;Aquamarine;L/XL;74632;74631;26/04/2027;400;NS313C_74632_74631
NS313C;Eco-friendly ladies’ oversize t-shirt;Black;XXS/XS;74633;74627;29/10/2026;250;NS313C_74633_74627
NS313C;Eco-friendly ladies’ oversize t-shirt;Black;XXS/XS;74633;74627;26/03/2027;700;NS313C_74633_74627
NS313C;Eco-friendly ladies’ oversize t-shirt;Black;S/M;74633;74628;21/09/2026;1780;NS313C_74633_74628
NS313C;Eco-friendly ladies’ oversize t-shirt;Black;S/M;74633;74628;29/10/2026;1050;NS313C_74633_74628
NS313C;Eco-friendly ladies’ oversize t-shirt;Black;S/M;74633;74628;26/03/2027;1500;NS313C_74633_74628
NS313C;Eco-friendly ladies’ oversize t-shirt;Black;L/XL;74633;74631;29/10/2026;500;NS313C_74633_74631
NS313C;Eco-friendly ladies’ oversize t-shirt;Black;L/XL;74633;74631;26/03/2027;400;NS313C_74633_74631
NS313C;Eco-friendly ladies’ oversize t-shirt;Candy Rose;XXS/XS;74634;74627;21/09/2026;650;NS313C_74634_74627
NS313C;Eco-friendly ladies’ oversize t-shirt;Candy Rose;S/M;74634;74628;21/09/2026;1218;NS313C_74634_74628
NS313C;Eco-friendly ladies’ oversize t-shirt;Cherry Purple;XXS/XS;88573;74627;24/02/2027;500;NS313C_88573_74627
NS313C;Eco-friendly ladies’ oversize t-shirt;Cherry Purple;XXS/XS;88573;74627;26/04/2027;400;NS313C_88573_74627
NS313C;Eco-friendly ladies’ oversize t-shirt;Cherry Purple;S/M;88573;74628;24/02/2027;800;NS313C_88573_74628
NS313C;Eco-friendly ladies’ oversize t-shirt;Cherry Purple;S/M;88573;74628;26/04/2027;700;NS313C_88573_74628
NS313C;Eco-friendly ladies’ oversize t-shirt;Cherry Purple;L/XL;88573;74631;24/02/2027;300;NS313C_88573_74631
NS313C;Eco-friendly ladies’ oversize t-shirt;Cherry Purple;L/XL;88573;74631;26/04/2027;400;NS313C_88573_74631
NS313C;Eco-friendly ladies’ oversize t-shirt;Ivory;XXS/XS;88574;74627;29/10/2026;720;NS313C_88574_74627
NS313C;Eco-friendly ladies’ oversize t-shirt;Ivory;XXS/XS;88574;74627;24/02/2027;700;NS313C_88574_74627
NS313C;Eco-friendly ladies’ oversize t-shirt;Ivory;XXS/XS;88574;74627;26/03/2027;700;NS313C_88574_74627
NS313C;Eco-friendly ladies’ oversize t-shirt;Ivory;XXS/XS;88574;74627;26/04/2027;850;NS313C_88574_74627
NS313C;Eco-friendly ladies’ oversize t-shirt;Ivory;S/M;88574;74628;29/10/2026;1019;NS313C_88574_74628
NS313C;Eco-friendly ladies’ oversize t-shirt;Ivory;S/M;88574;74628;27/01/2027;850;NS313C_88574_74628
NS313C;Eco-friendly ladies’ oversize t-shirt;Ivory;S/M;88574;74628;24/02/2027;1000;NS313C_88574_74628
NS313C;Eco-friendly ladies’ oversize t-shirt;Ivory;S/M;88574;74628;26/03/2027;1000;NS313C_88574_74628
NS313C;Eco-friendly ladies’ oversize t-shirt;Ivory;S/M;88574;74628;26/04/2027;1000;NS313C_88574_74628
NS313C;Eco-friendly ladies’ oversize t-shirt;Ivory;L/XL;88574;74631;29/10/2026;61;NS313C_88574_74631
NS313C;Eco-friendly ladies’ oversize t-shirt;Ivory;L/XL;88574;74631;27/01/2027;650;NS313C_88574_74631
NS313C;Eco-friendly ladies’ oversize t-shirt;Ivory;L/XL;88574;74631;24/02/2027;650;NS313C_88574_74631
NS313C;Eco-friendly ladies’ oversize t-shirt;Ivory;L/XL;88574;74631;26/03/2027;500;NS313C_88574_74631
NS313C;Eco-friendly ladies’ oversize t-shirt;Ivory;L/XL;88574;74631;26/04/2027;550;NS313C_88574_74631
NS313C;Eco-friendly ladies’ oversize t-shirt;Navy Blue;XXS/XS;88576;74627;24/02/2027;350;NS313C_88576_74627
NS313C;Eco-friendly ladies’ oversize t-shirt;Navy Blue;S/M;88576;74628;24/02/2027;850;NS313C_88576_74628
NS313C;Eco-friendly ladies’ oversize t-shirt;Navy Blue;L/XL;88576;74631;21/09/2026;421;NS313C_88576_74631
NS313C;Eco-friendly ladies’ oversize t-shirt;Navy Blue;L/XL;88576;74631;24/02/2027;500;NS313C_88576_74631
NS313C;Eco-friendly ladies’ oversize t-shirt;Organic Khaki;XXS/XS;88577;74627;21/09/2026;500;NS313C_88577_74627
NS313C;Eco-friendly ladies’ oversize t-shirt;Organic Khaki;XXS/XS;88577;74627;24/02/2027;750;NS313C_88577_74627
NS313C;Eco-friendly ladies’ oversize t-shirt;Organic Khaki;S/M;88577;74628;21/09/2026;961;NS313C_88577_74628
NS313C;Eco-friendly ladies’ oversize t-shirt;Organic Khaki;S/M;88577;74628;24/02/2027;700;NS313C_88577_74628
NS313C;Eco-friendly ladies’ oversize t-shirt;Organic Khaki;L/XL;88577;74631;21/09/2026;500;NS313C_88577_74631
NS313C;Eco-friendly ladies’ oversize t-shirt;Organic Khaki;L/XL;88577;74631;24/02/2027;200;NS313C_88577_74631
NS313C;Eco-friendly ladies’ oversize t-shirt;Parma;XXS/XS;88578;74627;21/09/2026;224;NS313C_88578_74627
NS313C;Eco-friendly ladies’ oversize t-shirt;Parma;XXS/XS;88578;74627;24/02/2027;650;NS313C_88578_74627
NS313C;Eco-friendly ladies’ oversize t-shirt;Parma;S/M;88578;74628;21/09/2026;550;NS313C_88578_74628
NS313C;Eco-friendly ladies’ oversize t-shirt;Parma;S/M;88578;74628;24/02/2027;650;NS313C_88578_74628
NS313C;Eco-friendly ladies’ oversize t-shirt;Parma;L/XL;88578;74631;21/09/2026;100;NS313C_88578_74631
NS313C;Eco-friendly ladies’ oversize t-shirt;Parma;L/XL;88578;74631;24/02/2027;400;NS313C_88578_74631
NS313C;Eco-friendly ladies’ oversize t-shirt;Peacock Green;XXS/XS;88579;74627;24/02/2027;450;NS313C_88579_74627
NS313C;Eco-friendly ladies’ oversize t-shirt;Peacock Green;S/M;88579;74628;24/02/2027;700;NS313C_88579_74628
NS313C;Eco-friendly ladies’ oversize t-shirt;Peacock Green;L/XL;88579;74631;24/02/2027;378;NS313C_88579_74631
NS313C;Eco-friendly ladies’ oversize t-shirt;Paprika;XXS/XS;97054;74627;29/10/2026;897;NS313C_97054_74627
NS313C;Eco-friendly ladies’ oversize t-shirt;Paprika;S/M;97054;74628;29/10/2026;500;NS313C_97054_74628
NS314IC;Eco-friendly unisex t-shirt;White;XS;82105;82084;16/11/2026;250;NS314IC_82105_82084
NS314IC;Eco-friendly unisex t-shirt;White;M;82105;82088;16/11/2026;1100;NS314IC_82105_82088
NS314IC;Eco-friendly unisex t-shirt;White;XL;82105;82092;16/11/2026;650;NS314IC_82105_82092
NS314ICC;Eco-friendly unisex t-shirt;Amethyst Blue;M;82097;82087;16/11/2026;50;NS314ICC_82097_82087
NS314ICC;Eco-friendly unisex t-shirt;Amethyst Blue;L;82097;82090;16/11/2026;200;NS314ICC_82097_82090
NS314ICC;Eco-friendly unisex t-shirt;Amethyst Blue;XL;82097;82091;16/11/2026;250;NS314ICC_82097_82091
NS314ICC;Eco-friendly unisex t-shirt;Black;XS;82099;82083;21/09/2026;1100;NS314ICC_82099_82083
NS314ICC;Eco-friendly unisex t-shirt;Black;S;82099;82086;21/09/2026;1600;NS314ICC_82099_82086
NS314ICC;Eco-friendly unisex t-shirt;Black;L;82099;82090;21/09/2026;1600;NS314ICC_82099_82090
NS314ICC;Eco-friendly unisex t-shirt;Black;XL;82099;82091;16/11/2026;1000;NS314ICC_82099_82091
NS314ICC;Eco-friendly unisex t-shirt;Black;XXL;82099;82094;21/09/2026;950;NS314ICC_82099_82094
NS319;Eco-friendly girls’ Terry Towel t-shirt;Candy Rose;4/6 years (4/6 ans);84112;84107;21/01/2027;100;NS319_84112_84107
NS319;Eco-friendly girls’ Terry Towel t-shirt;Candy Rose;6/8 years (6/8 ans);84112;84108;21/01/2027;100;NS319_84112_84108
NS319;Eco-friendly girls’ Terry Towel t-shirt;Candy Rose;8/10 years (8/10 ans);84112;84109;21/01/2027;241;NS319_84112_84109
NS319;Eco-friendly girls’ Terry Towel t-shirt;Candy Rose;10/12 years (10/12 ans);84112;84110;21/01/2027;50;NS319_84112_84110
NS319;Eco-friendly girls’ Terry Towel t-shirt;Parma;4/6 years (4/6 ans);86776;84107;21/01/2027;70;NS319_86776_84107
NS319;Eco-friendly girls’ Terry Towel t-shirt;Parma;6/8 years (6/8 ans);86776;84108;21/01/2027;62;NS319_86776_84108
NS319;Eco-friendly girls’ Terry Towel t-shirt;Parma;8/10 years (8/10 ans);86776;84109;21/01/2027;100;NS319_86776_84109
NS319;Eco-friendly girls’ Terry Towel t-shirt;Parma;10/12 years (10/12 ans);86776;84110;21/01/2027;53;NS319_86776_84110
NS324;Eco-friendly ladies’ t-shirt;White;S;74718;74696;21/09/2026;3250;NS324_74718_74696
NS324;Eco-friendly ladies’ t-shirt;White;M;74718;74697;21/09/2026;7250;NS324_74718_74697
NS324;Eco-friendly ladies’ t-shirt;White;L;74718;74702;21/09/2026;3550;NS324_74718_74702
NS324C;Eco-friendly ladies’ t-shirt;Black;XS;74709;74692;15/03/2027;850;NS324C_74709_74692
NS324C;Eco-friendly ladies’ t-shirt;Black;S;74709;74694;15/03/2027;650;NS324C_74709_74694
NS324C;Eco-friendly ladies’ t-shirt;Black;M;74709;74698;21/09/2026;3000;NS324C_74709_74698
NS324C;Eco-friendly ladies’ t-shirt;Black;M;74709;74698;15/03/2027;600;NS324C_74709_74698
NS324C;Eco-friendly ladies’ t-shirt;Dark Cherry;XS;74710;74692;21/09/2026;100;NS324C_74710_74692
NS324C;Eco-friendly ladies’ t-shirt;Dark Cherry;S;74710;74694;21/09/2026;400;NS324C_74710_74694
NS324C;Eco-friendly ladies’ t-shirt;Dark Cherry;S;74710;74694;15/03/2027;350;NS324C_74710_74694
NS324C;Eco-friendly ladies’ t-shirt;Dark Cherry;M;74710;74698;21/09/2026;400;NS324C_74710_74698
NS324C;Eco-friendly ladies’ t-shirt;Dark Cherry;M;74710;74698;15/03/2027;650;NS324C_74710_74698
NS324C;Eco-friendly ladies’ t-shirt;Dark Cherry;L;74710;74700;15/03/2027;350;NS324C_74710_74700
NS324C;Eco-friendly ladies’ t-shirt;Dark Cherry;XL;74710;74704;21/09/2026;100;NS324C_74710_74704
NS324C;Eco-friendly ladies’ t-shirt;Dark Cherry;XL;74710;74704;15/03/2027;150;NS324C_74710_74704
NS324C;Eco-friendly ladies’ t-shirt;Dark Cherry;XXL;74710;74706;21/09/2026;100;NS324C_74710_74706
NS324C;Eco-friendly ladies’ t-shirt;Jade Green;M;74712;74698;21/09/2026;1000;NS324C_74712_74698
NS324C;Eco-friendly ladies’ t-shirt;Peacock Blue;S;74715;74694;21/09/2026;1100;NS324C_74715_74694
NS324C;Eco-friendly ladies’ t-shirt;Peacock Blue;L;74715;74700;21/09/2026;1100;NS324C_74715_74700
NS324C;Eco-friendly ladies’ t-shirt;Peacock Blue;XXL;74715;74706;21/09/2026;200;NS324C_74715_74706
NS324C;Eco-friendly ladies’ t-shirt;Petal Rose;M;74716;74698;21/09/2026;400;NS324C_74716_74698
NS324C;Eco-friendly ladies’ t-shirt;Petal Rose;XXL;74716;74706;21/09/2026;50;NS324C_74716_74706
NS324C;Eco-friendly ladies’ t-shirt;Raspberry Sorbet;XS;74717;74692;21/09/2026;200;NS324C_74717_74692
NS324C;Eco-friendly ladies’ t-shirt;Raspberry Sorbet;S;74717;74694;21/09/2026;700;NS324C_74717_74694
NS324C;Eco-friendly ladies’ t-shirt;Raspberry Sorbet;S;74717;74694;15/03/2027;250;NS324C_74717_74694
NS324C;Eco-friendly ladies’ t-shirt;Raspberry Sorbet;M;74717;74698;21/09/2026;627;NS324C_74717_74698
NS324C;Eco-friendly ladies’ t-shirt;Raspberry Sorbet;M;74717;74698;15/03/2027;950;NS324C_74717_74698
NS324C;Eco-friendly ladies’ t-shirt;Raspberry Sorbet;L;74717;74700;21/09/2026;500;NS324C_74717_74700
NS324C;Eco-friendly ladies’ t-shirt;Raspberry Sorbet;L;74717;74700;15/03/2027;300;NS324C_74717_74700
NS324C;Eco-friendly ladies’ t-shirt;Raspberry Sorbet;XL;74717;74704;21/09/2026;300;NS324C_74717_74704
NS324C;Eco-friendly ladies’ t-shirt;Raspberry Sorbet;XXL;74717;74706;21/09/2026;300;NS324C_74717_74706
NS324C;Eco-friendly ladies’ t-shirt;Raw Natural;XS;84769;74692;21/09/2026;238;NS324C_84769_74692
NS324C;Eco-friendly ladies’ t-shirt;Raw Natural;XL;84769;74704;21/09/2026;400;NS324C_84769_74704
NS324C;Eco-friendly ladies’ t-shirt;Organic Khaki;M;88580;74698;21/09/2026;1350;NS324C_88580_74698
NS324C;Eco-friendly ladies’ t-shirt;Organic Khaki;L;88580;74700;21/09/2026;1100;NS324C_88580_74700
NS324C;Eco-friendly ladies’ t-shirt;Poppy Red;XS;88581;74692;21/09/2026;200;NS324C_88581_74692
NS324C;Eco-friendly ladies’ t-shirt;Poppy Red;S;88581;74694;21/09/2026;1100;NS324C_88581_74694
NS324C;Eco-friendly ladies’ t-shirt;Poppy Red;L;88581;74700;21/09/2026;1627;NS324C_88581_74700
NS324C;Eco-friendly ladies’ t-shirt;Poppy Red;XXL;88581;74706;21/09/2026;50;NS324C_88581_74706
NS324C;Eco-friendly ladies’ t-shirt;Sea Blue;XS;88582;74692;21/09/2026;50;NS324C_88582_74692
NS324C;Eco-friendly ladies’ t-shirt;Wet Sand;M;88583;74698;21/09/2026;850;NS324C_88583_74698
NS324C;Eco-friendly ladies’ t-shirt;Wet Sand;L;88583;74700;21/09/2026;900;NS324C_88583_74700
NS324C;Eco-friendly ladies’ t-shirt;Wet Sand;XL;88583;74704;21/09/2026;150;NS324C_88583_74704
NS328;Eco-friendly ladies’ Terry Towel t-shirt;Apricot;XS;74737;74732;21/01/2027;120;NS328_74737_74732
NS328;Eco-friendly ladies’ Terry Towel t-shirt;Apricot;S;74737;74733;21/01/2027;60;NS328_74737_74733
NS328;Eco-friendly ladies’ Terry Towel t-shirt;Apricot;M;74737;74734;21/01/2027;90;NS328_74737_74734
NS328;Eco-friendly ladies’ Terry Towel t-shirt;Apricot;L;74737;74735;21/01/2027;111;NS328_74737_74735
NS328;Eco-friendly ladies’ Terry Towel t-shirt;Apricot;XL;74737;74736;21/01/2027;26;NS328_74737_74736
NS328;Eco-friendly ladies’ Terry Towel t-shirt;Candy Rose;XS;74738;74732;21/01/2027;120;NS328_74738_74732
NS328;Eco-friendly ladies’ Terry Towel t-shirt;Candy Rose;S;74738;74733;21/01/2027;240;NS328_74738_74733
NS328;Eco-friendly ladies’ Terry Towel t-shirt;Candy Rose;M;74738;74734;21/01/2027;300;NS328_74738_74734
NS328;Eco-friendly ladies’ Terry Towel t-shirt;Candy Rose;L;74738;74735;21/01/2027;180;NS328_74738_74735
NS328;Eco-friendly ladies’ Terry Towel t-shirt;Malachite Green;XS;81272;74732;21/01/2027;210;NS328_81272_74732
NS328;Eco-friendly ladies’ Terry Towel t-shirt;Malachite Green;S;81272;74733;21/01/2027;210;NS328_81272_74733
NS328;Eco-friendly ladies’ Terry Towel t-shirt;Malachite Green;M;81272;74734;21/01/2027;30;NS328_81272_74734
NS328;Eco-friendly ladies’ Terry Towel t-shirt;Malachite Green;L;81272;74735;21/01/2027;30;NS328_81272_74735
NS328;Eco-friendly ladies’ Terry Towel t-shirt;Malachite Green;XL;81272;74736;21/01/2027;30;NS328_81272_74736
NS328;Eco-friendly ladies’ Terry Towel t-shirt;Parma;XS;81273;74732;21/01/2027;90;NS328_81273_74732
NS328;Eco-friendly ladies’ Terry Towel t-shirt;Parma;S;81273;74733;21/01/2027;120;NS328_81273_74733
NS328;Eco-friendly ladies’ Terry Towel t-shirt;Parma;M;81273;74734;21/01/2027;270;NS328_81273_74734
NS328;Eco-friendly ladies’ Terry Towel t-shirt;Parma;L;81273;74735;21/01/2027;60;NS328_81273_74735
NS328;Eco-friendly ladies’ Terry Towel t-shirt;Riviera Blue;XS;81274;74732;21/01/2027;150;NS328_81274_74732
NS328;Eco-friendly ladies’ Terry Towel t-shirt;Riviera Blue;S;81274;74733;21/01/2027;330;NS328_81274_74733
NS328;Eco-friendly ladies’ Terry Towel t-shirt;Riviera Blue;M;81274;74734;21/01/2027;330;NS328_81274_74734
NS328;Eco-friendly ladies’ Terry Towel t-shirt;Riviera Blue;L;81274;74735;21/01/2027;198;NS328_81274_74735
NS328;Eco-friendly ladies’ Terry Towel t-shirt;Riviera Blue;XL;81274;74736;21/01/2027;75;NS328_81274_74736
NS328;Eco-friendly ladies’ Terry Towel t-shirt;Cream Coffee;XS;86779;74732;21/01/2027;90;NS328_86779_74732
NS328;Eco-friendly ladies’ Terry Towel t-shirt;Cream Coffee;S;86779;74733;21/01/2027;90;NS328_86779_74733
NS328;Eco-friendly ladies’ Terry Towel t-shirt;Cream Coffee;M;86779;74734;21/01/2027;120;NS328_86779_74734
NS328;Eco-friendly ladies’ Terry Towel t-shirt;Cream Coffee;L;86779;74735;21/01/2027;90;NS328_86779_74735
NS328;Eco-friendly ladies’ Terry Towel t-shirt;Cream Coffee;XL;86779;74736;21/01/2027;80;NS328_86779_74736
NS328;Eco-friendly ladies’ Terry Towel t-shirt;Paprika;XS;86780;74732;21/01/2027;60;NS328_86780_74732
NS328;Eco-friendly ladies’ Terry Towel t-shirt;Paprika;S;86780;74733;21/01/2027;240;NS328_86780_74733
NS328;Eco-friendly ladies’ Terry Towel t-shirt;Paprika;M;86780;74734;21/01/2027;150;NS328_86780_74734
NS328;Eco-friendly ladies’ Terry Towel t-shirt;Paprika;L;86780;74735;21/01/2027;120;NS328_86780_74735
NS328;Eco-friendly ladies’ Terry Towel t-shirt;Paprika;XL;86780;74736;21/01/2027;60;NS328_86780_74736
NS330;Eco-friendly unisex dropped shoulders t-shirt;Black;XS;85802;85794;24/11/2026;400;NS330_85802_85794
NS330;Eco-friendly unisex dropped shoulders t-shirt;Black;XS;85802;85794;;450;NS330_85802_85794
NS330;Eco-friendly unisex dropped shoulders t-shirt;Black;S;85802;85795;24/11/2026;500;NS330_85802_85795
NS330;Eco-friendly unisex dropped shoulders t-shirt;Black;M;85802;85796;24/11/2026;1500;NS330_85802_85796
NS330;Eco-friendly unisex dropped shoulders t-shirt;Black;M;85802;85796;;600;NS330_85802_85796
NS330;Eco-friendly unisex dropped shoulders t-shirt;Black;L;85802;85797;24/11/2026;1800;NS330_85802_85797
NS330;Eco-friendly unisex dropped shoulders t-shirt;Black;L;85802;85797;;1050;NS330_85802_85797
NS330;Eco-friendly unisex dropped shoulders t-shirt;Black;XL;85802;85798;24/11/2026;800;NS330_85802_85798
NS330;Eco-friendly unisex dropped shoulders t-shirt;Black;XL;85802;85798;;400;NS330_85802_85798
NS330;Eco-friendly unisex dropped shoulders t-shirt;Black;XXL;85802;85799;24/11/2026;100;NS330_85802_85799
NS330;Eco-friendly unisex dropped shoulders t-shirt;Ivory;XXS;85803;85793;24/11/2026;100;NS330_85803_85793
NS330;Eco-friendly unisex dropped shoulders t-shirt;Ivory;XS;85803;85794;24/11/2026;500;NS330_85803_85794
NS330;Eco-friendly unisex dropped shoulders t-shirt;Ivory;S;85803;85795;24/11/2026;1200;NS330_85803_85795
NS330;Eco-friendly unisex dropped shoulders t-shirt;Ivory;S;85803;85795;;1600;NS330_85803_85795
NS330;Eco-friendly unisex dropped shoulders t-shirt;Ivory;M;85803;85796;24/11/2026;2000;NS330_85803_85796
NS330;Eco-friendly unisex dropped shoulders t-shirt;Ivory;M;85803;85796;;4400;NS330_85803_85796
NS330;Eco-friendly unisex dropped shoulders t-shirt;Ivory;L;85803;85797;24/11/2026;1500;NS330_85803_85797
NS330;Eco-friendly unisex dropped shoulders t-shirt;Ivory;L;85803;85797;;1500;NS330_85803_85797
NS330;Eco-friendly unisex dropped shoulders t-shirt;Ivory;XL;85803;85798;24/11/2026;500;NS330_85803_85798
NS330;Eco-friendly unisex dropped shoulders t-shirt;Ivory;XL;85803;85798;;1500;NS330_85803_85798
NS330;Eco-friendly unisex dropped shoulders t-shirt;Ivory;XXL;85803;85799;24/11/2026;200;NS330_85803_85799
NS330;Eco-friendly unisex dropped shoulders t-shirt;Ivory;XXL;85803;85799;;1150;NS330_85803_85799
NS330;Eco-friendly unisex dropped shoulders t-shirt;Ivory;3XL;85803;85800;24/11/2026;100;NS330_85803_85800
NS330;Eco-friendly unisex dropped shoulders t-shirt;Ivory;3XL;85803;85800;;250;NS330_85803_85800
NS330;Eco-friendly unisex dropped shoulders t-shirt;Navy Blue;M;85804;85796;;800;NS330_85804_85796
NS330;Eco-friendly unisex dropped shoulders t-shirt;Navy Blue;L;85804;85797;;1200;NS330_85804_85797
NS330;Eco-friendly unisex dropped shoulders t-shirt;Navy Blue;XL;85804;85798;;650;NS330_85804_85798
NS330;Eco-friendly unisex dropped shoulders t-shirt;Navy Blue;XXL;85804;85799;;300;NS330_85804_85799
NS330;Eco-friendly unisex dropped shoulders t-shirt;Wet Sand;XXS;85807;85793;24/11/2026;200;NS330_85807_85793
NS330;Eco-friendly unisex dropped shoulders t-shirt;Wet Sand;XXS;85807;85793;;100;NS330_85807_85793
NS330;Eco-friendly unisex dropped shoulders t-shirt;Wet Sand;XS;85807;85794;24/11/2026;395;NS330_85807_85794
NS330;Eco-friendly unisex dropped shoulders t-shirt;Wet Sand;XS;85807;85794;;150;NS330_85807_85794
NS330;Eco-friendly unisex dropped shoulders t-shirt;Wet Sand;S;85807;85795;24/11/2026;1100;NS330_85807_85795
NS330;Eco-friendly unisex dropped shoulders t-shirt;Wet Sand;S;85807;85795;;500;NS330_85807_85795
NS330;Eco-friendly unisex dropped shoulders t-shirt;Wet Sand;M;85807;85796;24/11/2026;1600;NS330_85807_85796
NS330;Eco-friendly unisex dropped shoulders t-shirt;Wet Sand;M;85807;85796;;850;NS330_85807_85796
NS330;Eco-friendly unisex dropped shoulders t-shirt;Wet Sand;L;85807;85797;24/11/2026;1600;NS330_85807_85797
NS330;Eco-friendly unisex dropped shoulders t-shirt;Wet Sand;L;85807;85797;;950;NS330_85807_85797
NS330;Eco-friendly unisex dropped shoulders t-shirt;Wet Sand;XL;85807;85798;24/11/2026;1000;NS330_85807_85798
NS330;Eco-friendly unisex dropped shoulders t-shirt;Wet Sand;XL;85807;85798;;400;NS330_85807_85798
NS330;Eco-friendly unisex dropped shoulders t-shirt;Wet Sand;XXL;85807;85799;24/11/2026;409;NS330_85807_85799
NS330;Eco-friendly unisex dropped shoulders t-shirt;Wet Sand;XXL;85807;85799;;50;NS330_85807_85799
NS330;Eco-friendly unisex dropped shoulders t-shirt;White;XS;85808;85794;08/03/2027;800;NS330_85808_85794
NS330;Eco-friendly unisex dropped shoulders t-shirt;White;M;85808;85796;08/03/2027;2000;NS330_85808_85796
NS330;Eco-friendly unisex dropped shoulders t-shirt;White;L;85808;85797;21/09/2026;1000;NS330_85808_85797
NS330;Eco-friendly unisex dropped shoulders t-shirt;White;L;85808;85797;08/03/2027;1800;NS330_85808_85797
NS330;Eco-friendly unisex dropped shoulders t-shirt;White;XL;85808;85798;21/09/2026;1800;NS330_85808_85798
NS330;Eco-friendly unisex dropped shoulders t-shirt;White;XL;85808;85798;08/03/2027;400;NS330_85808_85798
NS330;Eco-friendly unisex dropped shoulders t-shirt;White;XXL;85808;85799;08/03/2027;500;NS330_85808_85799
NS330;Eco-friendly unisex dropped shoulders t-shirt;White;3XL;85808;85800;08/03/2027;150;NS330_85808_85800
NS330N;Eco-friendly unisex dropped shoulders t-shirt;Raw Natural;S;101703;101696;21/09/2026;1600;NS330N_101703_101696
NS330N;Eco-friendly unisex dropped shoulders t-shirt;Raw Natural;M;101703;101697;21/09/2026;1500;NS330N_101703_101697
NS330N;Eco-friendly unisex dropped shoulders t-shirt;Raw Natural;L;101703;101698;21/09/2026;1400;NS330N_101703_101698
NS332;Eco-friendly men’s oversize t-shirt;Black;XXS;74775;74768;21/09/2026;300;NS332_74775_74768
NS332;Eco-friendly men’s oversize t-shirt;Black;XS;74775;74769;;700;NS332_74775_74769
NS332;Eco-friendly men’s oversize t-shirt;Black;S;74775;74770;21/09/2026;5141;NS332_74775_74770
NS332;Eco-friendly men’s oversize t-shirt;Black;S;74775;74770;;3400;NS332_74775_74770
NS332;Eco-friendly men’s oversize t-shirt;Black;M;74775;74771;;2000;NS332_74775_74771
NS332;Eco-friendly men’s oversize t-shirt;White;M;74776;74771;21/09/2026;6100;NS332_74776_74771
NS332;Eco-friendly men’s oversize t-shirt;White;XXL;74776;74774;21/09/2026;500;NS332_74776_74774
NS332;Eco-friendly men’s oversize t-shirt;Driftwood;XXS;86208;74768;21/09/2026;83;NS332_86208_74768
NS332;Eco-friendly men’s oversize t-shirt;Driftwood;XL;86208;74773;21/09/2026;800;NS332_86208_74773
NS332;Eco-friendly men’s oversize t-shirt;Iron Grey;XXS;86209;74768;21/09/2026;50;NS332_86209_74768
NS332;Eco-friendly men’s oversize t-shirt;Iron Grey;XS;86209;74769;21/09/2026;100;NS332_86209_74769
NS332;Eco-friendly men’s oversize t-shirt;Iron Grey;S;86209;74770;21/09/2026;700;NS332_86209_74770
NS332;Eco-friendly men’s oversize t-shirt;Iron Grey;XL;86209;74773;21/09/2026;1150;NS332_86209_74773
NS332;Eco-friendly men’s oversize t-shirt;Iron Grey;XXL;86209;74774;21/09/2026;300;NS332_86209_74774
NS332;Eco-friendly men’s oversize t-shirt;Aquamarine;XS;88584;74769;21/09/2026;200;NS332_88584_74769
NS332;Eco-friendly men’s oversize t-shirt;Aquamarine;M;88584;74771;21/09/2026;1400;NS332_88584_74771
NS332;Eco-friendly men’s oversize t-shirt;Aquamarine;L;88584;74772;21/09/2026;1200;NS332_88584_74772
NS332;Eco-friendly men’s oversize t-shirt;Aquamarine;XL;88584;74773;21/09/2026;600;NS332_88584_74773
NS332;Eco-friendly men’s oversize t-shirt;Ivory;XXS;88585;74768;08/03/2027;50;NS332_88585_74768
NS332;Eco-friendly men’s oversize t-shirt;Ivory;XXS;88585;74768;;100;NS332_88585_74768
NS332;Eco-friendly men’s oversize t-shirt;Ivory;XS;88585;74769;08/03/2027;734;NS332_88585_74769
NS332;Eco-friendly men’s oversize t-shirt;Ivory;XS;88585;74769;15/03/2027;700;NS332_88585_74769
NS332;Eco-friendly men’s oversize t-shirt;Ivory;XS;88585;74769;;250;NS332_88585_74769
NS332;Eco-friendly men’s oversize t-shirt;Ivory;S;88585;74770;21/09/2026;86;NS332_88585_74770
NS332;Eco-friendly men’s oversize t-shirt;Ivory;S;88585;74770;08/03/2027;1800;NS332_88585_74770
NS332;Eco-friendly men’s oversize t-shirt;Ivory;S;88585;74770;15/03/2027;1700;NS332_88585_74770
NS332;Eco-friendly men’s oversize t-shirt;Ivory;S;88585;74770;;850;NS332_88585_74770
NS332;Eco-friendly men’s oversize t-shirt;Ivory;M;88585;74771;08/03/2027;1600;NS332_88585_74771
NS332;Eco-friendly men’s oversize t-shirt;Ivory;M;88585;74771;15/03/2027;3000;NS332_88585_74771
NS332;Eco-friendly men’s oversize t-shirt;Ivory;M;88585;74771;;1400;NS332_88585_74771
NS332;Eco-friendly men’s oversize t-shirt;Ivory;L;88585;74772;08/03/2027;1300;NS332_88585_74772
NS332;Eco-friendly men’s oversize t-shirt;Ivory;L;88585;74772;15/03/2027;2100;NS332_88585_74772
NS332;Eco-friendly men’s oversize t-shirt;Ivory;L;88585;74772;;1750;NS332_88585_74772
NS332;Eco-friendly men’s oversize t-shirt;Ivory;XL;88585;74773;08/03/2027;1200;NS332_88585_74773
NS332;Eco-friendly men’s oversize t-shirt;Ivory;XL;88585;74773;15/03/2027;1000;NS332_88585_74773
NS332;Eco-friendly men’s oversize t-shirt;Ivory;XL;88585;74773;;800;NS332_88585_74773
NS332;Eco-friendly men’s oversize t-shirt;Ivory;XXL;88585;74774;08/03/2027;250;NS332_88585_74774
NS332;Eco-friendly men’s oversize t-shirt;Ivory;XXL;88585;74774;15/03/2027;300;NS332_88585_74774
NS332;Eco-friendly men’s oversize t-shirt;Ivory;XXL;88585;74774;;350;NS332_88585_74774
NS332;Eco-friendly men’s oversize t-shirt;Navy Blue;XS;88586;74769;21/09/2026;400;NS332_88586_74769
NS332;Eco-friendly men’s oversize t-shirt;Navy Blue;XS;88586;74769;;300;NS332_88586_74769
NS332;Eco-friendly men’s oversize t-shirt;Navy Blue;S;88586;74770;21/09/2026;750;NS332_88586_74770
NS332;Eco-friendly men’s oversize t-shirt;Navy Blue;S;88586;74770;;1700;NS332_88586_74770
NS332;Eco-friendly men’s oversize t-shirt;Navy Blue;M;88586;74771;21/09/2026;1950;NS332_88586_74771
NS332;Eco-friendly men’s oversize t-shirt;Navy Blue;M;88586;74771;;2700;NS332_88586_74771
NS332;Eco-friendly men’s oversize t-shirt;Navy Blue;L;88586;74772;;2600;NS332_88586_74772
NS332;Eco-friendly men’s oversize t-shirt;Navy Blue;XL;88586;74773;21/09/2026;1350;NS332_88586_74773
NS332;Eco-friendly men’s oversize t-shirt;Navy Blue;XL;88586;74773;;1200;NS332_88586_74773
NS332;Eco-friendly men’s oversize t-shirt;Navy Blue;XXL;88586;74774;;400;NS332_88586_74774
NS332;Eco-friendly men’s oversize t-shirt;Organic Khaki;M;88587;74771;21/09/2026;2250;NS332_88587_74771
NS332;Eco-friendly men’s oversize t-shirt;Organic Khaki;L;88587;74772;21/09/2026;2400;NS332_88587_74772
NS332;Eco-friendly men’s oversize t-shirt;Organic Khaki;XL;88587;74773;21/09/2026;1150;NS332_88587_74773
NS332;Eco-friendly men’s oversize t-shirt;Peacock Green;M;88588;74771;21/09/2026;600;NS332_88588_74771
NS332;Eco-friendly men’s oversize t-shirt;Peacock Green;XL;88588;74773;21/09/2026;450;NS332_88588_74773
NS333C;Eco-friendly unisex long sleeve t-shirt;Black;L;81935;81927;21/09/2026;1268;NS333C_81935_81927
NS333C;Eco-friendly unisex long sleeve t-shirt;Black;XL;81935;81930;21/09/2026;640;NS333C_81935_81930
NS333C;Eco-friendly unisex long sleeve t-shirt;Navy Blue;S;88590;81923;26/04/2027;360;NS333C_88590_81923
NS333C;Eco-friendly unisex long sleeve t-shirt;Navy Blue;M;88590;81926;26/04/2027;800;NS333C_88590_81926
NS333C;Eco-friendly unisex long sleeve t-shirt;Navy Blue;L;88590;81927;26/04/2027;960;NS333C_88590_81927
NS333C;Eco-friendly unisex long sleeve t-shirt;Navy Blue;XL;88590;81930;26/04/2027;520;NS333C_88590_81930
NS333C;Eco-friendly unisex long sleeve t-shirt;Navy Blue;XXL;88590;81931;26/04/2027;240;NS333C_88590_81931
NS334;Eco-friendly ladies’ V-neck t-shirt;White;M;82132;82111;21/09/2026;1800;NS334_82132_82111
NS334;Eco-friendly ladies’ V-neck t-shirt;White;XL;82132;82115;21/09/2026;1200;NS334_82132_82115
NS340;Eco-friendly kids’ dropped shoulders t-shirt;Antique Rose;4/6 years (4/6 ans);85814;85809;08/03/2027;650;NS340_85814_85809
NS340;Eco-friendly kids’ dropped shoulders t-shirt;Antique Rose;6/8 years (6/8 ans);85814;85810;08/03/2027;450;NS340_85814_85810
NS340;Eco-friendly kids’ dropped shoulders t-shirt;Antique Rose;8/10 years (8/10 ans);85814;85811;08/03/2027;400;NS340_85814_85811
NS340;Eco-friendly kids’ dropped shoulders t-shirt;Black;4/6 years (4/6 ans);85815;85809;02/10/2026;100;NS340_85815_85809
NS340;Eco-friendly kids’ dropped shoulders t-shirt;Black;6/8 years (6/8 ans);85815;85810;02/10/2026;300;NS340_85815_85810
NS340;Eco-friendly kids’ dropped shoulders t-shirt;Black;8/10 years (8/10 ans);85815;85811;02/10/2026;400;NS340_85815_85811
NS340;Eco-friendly kids’ dropped shoulders t-shirt;Black;8/10 years (8/10 ans);85815;85811;08/03/2027;200;NS340_85815_85811
NS340;Eco-friendly kids’ dropped shoulders t-shirt;Black;10/12 years (10/12 ans);85815;85812;02/10/2026;500;NS340_85815_85812
NS340;Eco-friendly kids’ dropped shoulders t-shirt;Black;10/12 years (10/12 ans);85815;85812;08/03/2027;700;NS340_85815_85812
NS340;Eco-friendly kids’ dropped shoulders t-shirt;Black;12/14 years (12/14 ans);85815;85813;02/10/2026;200;NS340_85815_85813
NS340;Eco-friendly kids’ dropped shoulders t-shirt;Black;12/14 years (12/14 ans);85815;85813;08/03/2027;600;NS340_85815_85813
NS340;Eco-friendly kids’ dropped shoulders t-shirt;Ivory;4/6 years (4/6 ans);85816;85809;02/10/2026;104;NS340_85816_85809
NS340;Eco-friendly kids’ dropped shoulders t-shirt;Ivory;4/6 years (4/6 ans);85816;85809;08/03/2027;750;NS340_85816_85809
NS340;Eco-friendly kids’ dropped shoulders t-shirt;Ivory;4/6 years (4/6 ans);85816;85809;;150;NS340_85816_85809
NS340;Eco-friendly kids’ dropped shoulders t-shirt;Ivory;6/8 years (6/8 ans);85816;85810;02/10/2026;130;NS340_85816_85810
NS340;Eco-friendly kids’ dropped shoulders t-shirt;Ivory;6/8 years (6/8 ans);85816;85810;08/03/2027;600;NS340_85816_85810
NS340;Eco-friendly kids’ dropped shoulders t-shirt;Ivory;6/8 years (6/8 ans);85816;85810;;300;NS340_85816_85810
NS340;Eco-friendly kids’ dropped shoulders t-shirt;Ivory;8/10 years (8/10 ans);85816;85811;02/10/2026;350;NS340_85816_85811
NS340;Eco-friendly kids’ dropped shoulders t-shirt;Ivory;8/10 years (8/10 ans);85816;85811;08/03/2027;500;NS340_85816_85811
NS340;Eco-friendly kids’ dropped shoulders t-shirt;Ivory;8/10 years (8/10 ans);85816;85811;;400;NS340_85816_85811
NS340;Eco-friendly kids’ dropped shoulders t-shirt;Ivory;10/12 years (10/12 ans);85816;85812;02/10/2026;352;NS340_85816_85812
NS340;Eco-friendly kids’ dropped shoulders t-shirt;Ivory;10/12 years (10/12 ans);85816;85812;08/03/2027;350;NS340_85816_85812
NS340;Eco-friendly kids’ dropped shoulders t-shirt;Ivory;10/12 years (10/12 ans);85816;85812;;450;NS340_85816_85812
NS340;Eco-friendly kids’ dropped shoulders t-shirt;Ivory;12/14 years (12/14 ans);85816;85813;08/03/2027;200;NS340_85816_85813
NS340;Eco-friendly kids’ dropped shoulders t-shirt;Ivory;12/14 years (12/14 ans);85816;85813;;300;NS340_85816_85813
NS340;Eco-friendly kids’ dropped shoulders t-shirt;Peacock Green;4/6 years (4/6 ans);85819;85809;08/03/2027;250;NS340_85819_85809
NS340;Eco-friendly kids’ dropped shoulders t-shirt;Peacock Green;6/8 years (6/8 ans);85819;85810;08/03/2027;350;NS340_85819_85810
NS340;Eco-friendly kids’ dropped shoulders t-shirt;Peacock Green;8/10 years (8/10 ans);85819;85811;08/03/2027;450;NS340_85819_85811
NS340;Eco-friendly kids’ dropped shoulders t-shirt;Peacock Green;10/12 years (10/12 ans);85819;85812;08/03/2027;450;NS340_85819_85812
NS340;Eco-friendly kids’ dropped shoulders t-shirt;Peacock Green;12/14 years (12/14 ans);85819;85813;21/09/2026;350;NS340_85819_85813
NS340;Eco-friendly kids’ dropped shoulders t-shirt;Wet Sand;4/6 years (4/6 ans);85820;85809;08/03/2027;338;NS340_85820_85809
NS340;Eco-friendly kids’ dropped shoulders t-shirt;Wet Sand;6/8 years (6/8 ans);85820;85810;08/03/2027;300;NS340_85820_85810
NS340;Eco-friendly kids’ dropped shoulders t-shirt;Wet Sand;10/12 years (10/12 ans);85820;85812;08/03/2027;346;NS340_85820_85812
NS340;Eco-friendly kids’ dropped shoulders t-shirt;Wet Sand;12/14 years (12/14 ans);85820;85813;08/03/2027;248;NS340_85820_85813
NS340;Eco-friendly kids’ dropped shoulders t-shirt;White;6/8 years (6/8 ans);85821;85810;21/09/2026;100;NS340_85821_85810
NS340;Eco-friendly kids’ dropped shoulders t-shirt;White;6/8 years (6/8 ans);85821;85810;;450;NS340_85821_85810
NS340;Eco-friendly kids’ dropped shoulders t-shirt;White;8/10 years (8/10 ans);85821;85811;21/09/2026;300;NS340_85821_85811
NS340;Eco-friendly kids’ dropped shoulders t-shirt;White;8/10 years (8/10 ans);85821;85811;;500;NS340_85821_85811
NS340;Eco-friendly kids’ dropped shoulders t-shirt;White;10/12 years (10/12 ans);85821;85812;;150;NS340_85821_85812
NS340;Eco-friendly kids’ dropped shoulders t-shirt;White;12/14 years (12/14 ans);85821;85813;;300;NS340_85821_85813
NS341C;Eco-friendly ladies’ tank top;Black;XS;74815;74804;15/03/2027;500;NS341C_74815_74804
NS341C;Eco-friendly ladies’ tank top;Black;S;74815;74805;15/03/2027;100;NS341C_74815_74805
NS341C;Eco-friendly ladies’ tank top;Black;M;74815;74808;15/03/2027;500;NS341C_74815_74808
NS341C;Eco-friendly ladies’ tank top;Mineral Grey;XS;74816;74804;01/12/2026;5;NS341C_74816_74804
NS341C;Eco-friendly ladies’ tank top;Mineral Grey;XS;74816;74804;15/03/2027;200;NS341C_74816_74804
NS341C;Eco-friendly ladies’ tank top;Mineral Grey;S;74816;74805;01/12/2026;300;NS341C_74816_74805
NS341C;Eco-friendly ladies’ tank top;Mineral Grey;S;74816;74805;15/03/2027;600;NS341C_74816_74805
NS341C;Eco-friendly ladies’ tank top;Mineral Grey;M;74816;74808;01/12/2026;692;NS341C_74816_74808
NS341C;Eco-friendly ladies’ tank top;Mineral Grey;M;74816;74808;15/03/2027;600;NS341C_74816_74808
NS341C;Eco-friendly ladies’ tank top;Mineral Grey;L;74816;74809;01/12/2026;486;NS341C_74816_74809
NS341C;Eco-friendly ladies’ tank top;Mineral Grey;L;74816;74809;15/03/2027;100;NS341C_74816_74809
NS341C;Eco-friendly ladies’ tank top;Mineral Grey;XL;74816;74812;15/03/2027;100;NS341C_74816_74812
NS341C;Eco-friendly ladies’ tank top;Petal Rose;S;74819;74805;01/12/2026;473;NS341C_74819_74805
NS341C;Eco-friendly ladies’ tank top;Petal Rose;M;74819;74808;01/12/2026;600;NS341C_74819_74808
NS341C;Eco-friendly ladies’ tank top;Petal Rose;L;74819;74809;01/12/2026;200;NS341C_74819_74809
NS341C;Eco-friendly ladies’ tank top;Wet Sand;XS;88595;74804;15/03/2027;100;NS341C_88595_74804
NS341C;Eco-friendly ladies’ tank top;Wet Sand;S;88595;74805;15/03/2027;300;NS341C_88595_74805
NS341C;Eco-friendly ladies’ tank top;Wet Sand;M;88595;74808;15/03/2027;100;NS341C_88595_74808
NS341C;Eco-friendly ladies’ tank top;Wet Sand;L;88595;74809;15/03/2027;500;NS341C_88595_74809
NS342;Eco-friendly ladies’ sleeveless crop t-shirt;Washed Coal Grey;XS;74825;74821;08/03/2027;450;NS342_74825_74821
NS342;Eco-friendly ladies’ sleeveless crop t-shirt;Washed Coal Grey;S;74825;74822;08/03/2027;850;NS342_74825_74822
NS342;Eco-friendly ladies’ sleeveless crop t-shirt;Washed Coal Grey;M;74825;74823;08/03/2027;850;NS342_74825_74823
NS342;Eco-friendly ladies’ sleeveless crop t-shirt;Washed Coal Grey;L;74825;74824;08/03/2027;300;NS342_74825_74824
NS342;Eco-friendly ladies’ sleeveless crop t-shirt;Washed Mineral Grey;XS;74826;74821;02/10/2026;200;NS342_74826_74821
NS342;Eco-friendly ladies’ sleeveless crop t-shirt;Washed Mineral Grey;XS;74826;74821;08/03/2027;650;NS342_74826_74821
NS342;Eco-friendly ladies’ sleeveless crop t-shirt;Washed Mineral Grey;S;74826;74822;02/10/2026;325;NS342_74826_74822
NS342;Eco-friendly ladies’ sleeveless crop t-shirt;Washed Mineral Grey;S;74826;74822;08/03/2027;1200;NS342_74826_74822
NS342;Eco-friendly ladies’ sleeveless crop t-shirt;Washed Mineral Grey;S;74826;74822;15/03/2027;1000;NS342_74826_74822
NS342;Eco-friendly ladies’ sleeveless crop t-shirt;Washed Mineral Grey;M;74826;74823;02/10/2026;500;NS342_74826_74823
NS342;Eco-friendly ladies’ sleeveless crop t-shirt;Washed Mineral Grey;M;74826;74823;08/03/2027;1000;NS342_74826_74823
NS342;Eco-friendly ladies’ sleeveless crop t-shirt;Washed Mineral Grey;M;74826;74823;15/03/2027;400;NS342_74826_74823
NS342;Eco-friendly ladies’ sleeveless crop t-shirt;Washed Mineral Grey;L;74826;74824;02/10/2026;300;NS342_74826_74824
NS342;Eco-friendly ladies’ sleeveless crop t-shirt;Washed Mineral Grey;L;74826;74824;08/03/2027;600;NS342_74826_74824
NS342;Eco-friendly ladies’ sleeveless crop t-shirt;Washed Mineral Grey;L;74826;74824;15/03/2027;200;NS342_74826_74824
NS342;Eco-friendly ladies’ sleeveless crop t-shirt;Washed Organic Khaki;XS;74827;74821;02/10/2026;156;NS342_74827_74821
NS342;Eco-friendly ladies’ sleeveless crop t-shirt;Washed Organic Khaki;XS;74827;74821;08/03/2027;200;NS342_74827_74821
NS342;Eco-friendly ladies’ sleeveless crop t-shirt;Washed Organic Khaki;XS;74827;74821;15/03/2027;500;NS342_74827_74821
NS342;Eco-friendly ladies’ sleeveless crop t-shirt;Washed Organic Khaki;S;74827;74822;02/10/2026;232;NS342_74827_74822
NS342;Eco-friendly ladies’ sleeveless crop t-shirt;Washed Organic Khaki;S;74827;74822;08/03/2027;800;NS342_74827_74822
NS342;Eco-friendly ladies’ sleeveless crop t-shirt;Washed Organic Khaki;S;74827;74822;15/03/2027;1000;NS342_74827_74822
NS342;Eco-friendly ladies’ sleeveless crop t-shirt;Washed Organic Khaki;M;74827;74823;02/10/2026;211;NS342_74827_74823
NS342;Eco-friendly ladies’ sleeveless crop t-shirt;Washed Organic Khaki;M;74827;74823;08/03/2027;800;NS342_74827_74823
NS342;Eco-friendly ladies’ sleeveless crop t-shirt;Washed Organic Khaki;M;74827;74823;15/03/2027;600;NS342_74827_74823
NS342;Eco-friendly ladies’ sleeveless crop t-shirt;Washed Organic Khaki;L;74827;74824;02/10/2026;97;NS342_74827_74824
NS342;Eco-friendly ladies’ sleeveless crop t-shirt;Washed Organic Khaki;L;74827;74824;08/03/2027;300;NS342_74827_74824
NS342;Eco-friendly ladies’ sleeveless crop t-shirt;Washed Organic Khaki;L;74827;74824;15/03/2027;400;NS342_74827_74824
NS342;Eco-friendly ladies’ sleeveless crop t-shirt;Washed Paprika;XS;74828;74821;29/10/2026;202;NS342_74828_74821
NS342;Eco-friendly ladies’ sleeveless crop t-shirt;Washed Paprika;XS;74828;74821;08/03/2027;200;NS342_74828_74821
NS342;Eco-friendly ladies’ sleeveless crop t-shirt;Washed Paprika;XS;74828;74821;15/03/2027;400;NS342_74828_74821
NS342;Eco-friendly ladies’ sleeveless crop t-shirt;Washed Paprika;S;74828;74822;29/10/2026;531;NS342_74828_74822
NS342;Eco-friendly ladies’ sleeveless crop t-shirt;Washed Paprika;S;74828;74822;08/03/2027;500;NS342_74828_74822
NS342;Eco-friendly ladies’ sleeveless crop t-shirt;Washed Paprika;S;74828;74822;15/03/2027;500;NS342_74828_74822
NS342;Eco-friendly ladies’ sleeveless crop t-shirt;Washed Paprika;M;74828;74823;29/10/2026;537;NS342_74828_74823
NS342;Eco-friendly ladies’ sleeveless crop t-shirt;Washed Paprika;M;74828;74823;08/03/2027;500;NS342_74828_74823
NS342;Eco-friendly ladies’ sleeveless crop t-shirt;Washed Paprika;M;74828;74823;15/03/2027;500;NS342_74828_74823
NS342;Eco-friendly ladies’ sleeveless crop t-shirt;Washed Paprika;L;74828;74824;29/10/2026;137;NS342_74828_74824
NS342;Eco-friendly ladies’ sleeveless crop t-shirt;Washed Paprika;L;74828;74824;08/03/2027;300;NS342_74828_74824
NS342;Eco-friendly ladies’ sleeveless crop t-shirt;Washed Paprika;L;74828;74824;15/03/2027;350;NS342_74828_74824
NS342;Eco-friendly ladies’ sleeveless crop t-shirt;Washed Ivory;L;81275;74824;15/03/2027;1500;NS342_81275_74824
NS345;Eco-friendly unisex Dip Dye t-shirt;Dip Dye Navy Blue;S;88597;74831;21/09/2026;100;NS345_88597_74831
NS345;Eco-friendly unisex Dip Dye t-shirt;Dip Dye Navy Blue;M;88597;74832;21/09/2026;400;NS345_88597_74832
NS345;Eco-friendly unisex Dip Dye t-shirt;Dip Dye Navy Blue;L;88597;74833;21/09/2026;450;NS345_88597_74833
NS345;Eco-friendly unisex Dip Dye t-shirt;Dip Dye Navy Blue;XL;88597;74834;21/09/2026;250;NS345_88597_74834
NS346;Eco-friendly kids’ long sleeve t-shirt;Navy Blue;6/8 ans;90033;90027;29/10/2026;350;NS346_90033_90027
NS346;Eco-friendly kids’ long sleeve t-shirt;Navy Blue;8/10 ans;90033;90028;29/10/2026;650;NS346_90033_90028
NS346;Eco-friendly kids’ long sleeve t-shirt;Navy Blue;10/12 ans;90033;90029;29/10/2026;500;NS346_90033_90029
NS346;Eco-friendly kids’ long sleeve t-shirt;White;4/6 ans;90035;90026;29/10/2026;200;NS346_90035_90026
NS346;Eco-friendly kids’ long sleeve t-shirt;White;6/8 ans;90035;90027;29/10/2026;600;NS346_90035_90027
NS346;Eco-friendly kids’ long sleeve t-shirt;White;8/10 ans;90035;90028;29/10/2026;400;NS346_90035_90028
NS346;Eco-friendly kids’ long sleeve t-shirt;White;10/12 ans;90035;90029;29/10/2026;200;NS346_90035_90029
NS346;Eco-friendly kids’ long sleeve t-shirt;White;12/14 ans;90035;90030;29/10/2026;100;NS346_90035_90030
NS347;Eco-friendly unisex long sleeve t-shirt;Navy Blue;XS;95879;95860;15/03/2027;50;NS347_95879_95860
NS347;Eco-friendly unisex long sleeve t-shirt;Navy Blue;S;95879;95863;15/03/2027;150;NS347_95879_95863
NS347;Eco-friendly unisex long sleeve t-shirt;Navy Blue;M;95879;95864;15/03/2027;400;NS347_95879_95864
NS347;Eco-friendly unisex long sleeve t-shirt;Navy Blue;L;95879;95867;15/03/2027;450;NS347_95879_95867
NS347;Eco-friendly unisex long sleeve t-shirt;Navy Blue;XL;95879;95868;15/03/2027;350;NS347_95879_95868
NS347;Eco-friendly unisex long sleeve t-shirt;Navy Blue;XXL;95879;95871;15/03/2027;250;NS347_95879_95871
NS347;Eco-friendly unisex long sleeve t-shirt;White;M;95880;95864;15/03/2027;300;NS347_95880_95864
NS347;Eco-friendly unisex long sleeve t-shirt;White;L;95880;95867;15/03/2027;650;NS347_95880_95867
NS347;Eco-friendly unisex long sleeve t-shirt;White;XL;95880;95868;15/03/2027;500;NS347_95880_95868
NS347;Eco-friendly unisex long sleeve t-shirt;White;XXL;95880;95871;15/03/2027;150;NS347_95880_95871
NS352;Eco-friendly men’s oversize t-shirt;White;XS;95899;95883;04/12/2026;50;NS352_95899_95883
NS352;Eco-friendly men’s oversize t-shirt;White;XS;95899;95883;25/03/2027;900;NS352_95899_95883
NS352;Eco-friendly men’s oversize t-shirt;White;S;95899;95884;04/12/2026;300;NS352_95899_95884
NS352;Eco-friendly men’s oversize t-shirt;White;S;95899;95884;25/03/2027;1550;NS352_95899_95884
NS352;Eco-friendly men’s oversize t-shirt;White;M;95899;95887;04/12/2026;2100;NS352_95899_95887
NS352;Eco-friendly men’s oversize t-shirt;White;M;95899;95887;25/03/2027;2100;NS352_95899_95887
NS352;Eco-friendly men’s oversize t-shirt;White;L;95899;95888;25/03/2027;2600;NS352_95899_95888
NS352;Eco-friendly men’s oversize t-shirt;White;XL;95899;95891;04/12/2026;250;NS352_95899_95891
NS352;Eco-friendly men’s oversize t-shirt;White;XL;95899;95891;25/03/2027;1550;NS352_95899_95891
NS352;Eco-friendly men’s oversize t-shirt;White;XXL;95899;95892;25/03/2027;450;NS352_95899_95892
NS352C;Eco-friendly men’s oversize t-shirt;Black;XS;95894;95882;04/01/2027;400;NS352C_95894_95882
NS352C;Eco-friendly men’s oversize t-shirt;Black;XS;95894;95882;25/03/2027;200;NS352C_95894_95882
NS352C;Eco-friendly men’s oversize t-shirt;Black;S;95894;95885;04/01/2027;550;NS352C_95894_95885
NS352C;Eco-friendly men’s oversize t-shirt;Black;S;95894;95885;25/03/2027;950;NS352C_95894_95885
NS352C;Eco-friendly men’s oversize t-shirt;Black;M;95894;95886;04/01/2027;1800;NS352C_95894_95886
NS352C;Eco-friendly men’s oversize t-shirt;Black;M;95894;95886;25/03/2027;2000;NS352C_95894_95886
NS352C;Eco-friendly men’s oversize t-shirt;Black;L;95894;95889;04/01/2027;2000;NS352C_95894_95889
NS352C;Eco-friendly men’s oversize t-shirt;Black;L;95894;95889;25/03/2027;8250;NS352C_95894_95889
NS352C;Eco-friendly men’s oversize t-shirt;Black;XL;95894;95890;04/01/2027;1600;NS352C_95894_95890
NS352C;Eco-friendly men’s oversize t-shirt;Black;XL;95894;95890;25/03/2027;7850;NS352C_95894_95890
NS352C;Eco-friendly men’s oversize t-shirt;Black;XXL;95894;95893;04/01/2027;650;NS352C_95894_95893
NS352C;Eco-friendly men’s oversize t-shirt;Black;XXL;95894;95893;25/03/2027;250;NS352C_95894_95893
NS352C;Eco-friendly men’s oversize t-shirt;Driftwood;XS;95895;95882;25/03/2027;150;NS352C_95895_95882
NS352C;Eco-friendly men’s oversize t-shirt;Driftwood;M;95895;95886;25/03/2027;200;NS352C_95895_95886
NS352C;Eco-friendly men’s oversize t-shirt;Driftwood;L;95895;95889;25/03/2027;200;NS352C_95895_95889
NS352C;Eco-friendly men’s oversize t-shirt;Driftwood;XL;95895;95890;25/03/2027;500;NS352C_95895_95890
NS352C;Eco-friendly men’s oversize t-shirt;Driftwood;XXL;95895;95893;25/03/2027;450;NS352C_95895_95893
NS352C;Eco-friendly men’s oversize t-shirt;Ivory;XS;95896;95882;04/12/2026;795;NS352C_95896_95882
NS352C;Eco-friendly men’s oversize t-shirt;Ivory;XS;95896;95882;02/02/2027;550;NS352C_95896_95882
NS352C;Eco-friendly men’s oversize t-shirt;Ivory;XS;95896;95882;25/03/2027;1000;NS352C_95896_95882
NS352C;Eco-friendly men’s oversize t-shirt;Ivory;S;95896;95885;04/12/2026;1400;NS352C_95896_95885
NS352C;Eco-friendly men’s oversize t-shirt;Ivory;S;95896;95885;02/02/2027;1650;NS352C_95896_95885
NS352C;Eco-friendly men’s oversize t-shirt;Ivory;S;95896;95885;25/03/2027;3950;NS352C_95896_95885
NS352C;Eco-friendly men’s oversize t-shirt;Ivory;M;95896;95886;04/12/2026;1600;NS352C_95896_95886
NS352C;Eco-friendly men’s oversize t-shirt;Ivory;M;95896;95886;02/02/2027;2250;NS352C_95896_95886
NS352C;Eco-friendly men’s oversize t-shirt;Ivory;M;95896;95886;25/03/2027;5600;NS352C_95896_95886
NS352C;Eco-friendly men’s oversize t-shirt;Ivory;L;95896;95889;04/12/2026;1300;NS352C_95896_95889
NS352C;Eco-friendly men’s oversize t-shirt;Ivory;L;95896;95889;02/02/2027;1800;NS352C_95896_95889
NS352C;Eco-friendly men’s oversize t-shirt;Ivory;L;95896;95889;25/03/2027;5200;NS352C_95896_95889
NS352C;Eco-friendly men’s oversize t-shirt;Ivory;XL;95896;95890;04/12/2026;800;NS352C_95896_95890
NS352C;Eco-friendly men’s oversize t-shirt;Ivory;XL;95896;95890;02/02/2027;1150;NS352C_95896_95890
NS352C;Eco-friendly men’s oversize t-shirt;Ivory;XL;95896;95890;25/03/2027;2700;NS352C_95896_95890
NS352C;Eco-friendly men’s oversize t-shirt;Ivory;XXL;95896;95893;04/12/2026;446;NS352C_95896_95893
NS352C;Eco-friendly men’s oversize t-shirt;Ivory;XXL;95896;95893;02/02/2027;150;NS352C_95896_95893
NS352C;Eco-friendly men’s oversize t-shirt;Ivory;XXL;95896;95893;25/03/2027;800;NS352C_95896_95893
NS352C;Eco-friendly men’s oversize t-shirt;Organic Khaki;XS;95897;95882;25/03/2027;200;NS352C_95897_95882
NS352C;Eco-friendly men’s oversize t-shirt;Organic Khaki;S;95897;95885;25/03/2027;50;NS352C_95897_95885
NS352C;Eco-friendly men’s oversize t-shirt;Organic Khaki;M;95897;95886;25/03/2027;500;NS352C_95897_95886
NS352C;Eco-friendly men’s oversize t-shirt;Organic Khaki;L;95897;95889;25/03/2027;950;NS352C_95897_95889
NS352C;Eco-friendly men’s oversize t-shirt;Organic Khaki;XL;95897;95890;25/03/2027;900;NS352C_95897_95890
NS352C;Eco-friendly men’s oversize t-shirt;Organic Khaki;XXL;95897;95893;25/03/2027;400;NS352C_95897_95893
NS352C;Eco-friendly men’s oversize t-shirt;Paprika;XS;95898;95882;04/12/2026;350;NS352C_95898_95882
NS352C;Eco-friendly men’s oversize t-shirt;Paprika;S;95898;95885;04/12/2026;150;NS352C_95898_95885
NS352C;Eco-friendly men’s oversize t-shirt;Paprika;M;95898;95886;04/12/2026;700;NS352C_95898_95886
NS352C;Eco-friendly men’s oversize t-shirt;Paprika;L;95898;95889;04/12/2026;550;NS352C_95898_95889
NS352C;Eco-friendly men’s oversize t-shirt;Paprika;XL;95898;95890;04/12/2026;850;NS352C_95898_95890
NS352C;Eco-friendly men’s oversize t-shirt;Paprika;XXL;95898;95893;04/12/2026;554;NS352C_95898_95893
NS353;Eco-friendly kids' oversize t-shirt;White;4/6 years (4/6 ans);95914;95900;04/12/2026;820;NS353_95914_95900
NS353;Eco-friendly kids' oversize t-shirt;White;6/8 years (6/8 ans);95914;95903;04/12/2026;596;NS353_95914_95903
NS353;Eco-friendly kids' oversize t-shirt;White;6/8 years (6/8 ans);95914;95903;25/03/2027;600;NS353_95914_95903
NS353;Eco-friendly kids' oversize t-shirt;White;8/10 years (8/10 ans);95914;95904;04/12/2026;600;NS353_95914_95904
NS353;Eco-friendly kids' oversize t-shirt;White;8/10 years (8/10 ans);95914;95904;25/03/2027;600;NS353_95914_95904
NS353;Eco-friendly kids' oversize t-shirt;White;10/12 years (10/12 ans);95914;95907;04/12/2026;587;NS353_95914_95907
NS353;Eco-friendly kids' oversize t-shirt;White;10/12 years (10/12 ans);95914;95907;25/03/2027;1000;NS353_95914_95907
NS353;Eco-friendly kids' oversize t-shirt;White;12/14 years (12/14 ans);95914;95908;04/12/2026;689;NS353_95914_95908
NS353;Eco-friendly kids' oversize t-shirt;White;12/14 years (12/14 ans);95914;95908;25/03/2027;750;NS353_95914_95908
NS353C;Eco-friendly kids' oversize t-shirt;Black;4/6 years (4/6 ans);95910;95901;04/12/2026;345;NS353C_95910_95901
NS353C;Eco-friendly kids' oversize t-shirt;Black;4/6 years (4/6 ans);95910;95901;25/03/2027;200;NS353C_95910_95901
NS353C;Eco-friendly kids' oversize t-shirt;Black;6/8 years (6/8 ans);95910;95902;04/12/2026;449;NS353C_95910_95902
NS353C;Eco-friendly kids' oversize t-shirt;Black;6/8 years (6/8 ans);95910;95902;25/03/2027;750;NS353C_95910_95902
NS353C;Eco-friendly kids' oversize t-shirt;Black;8/10 years (8/10 ans);95910;95905;04/12/2026;484;NS353C_95910_95905
NS353C;Eco-friendly kids' oversize t-shirt;Black;8/10 years (8/10 ans);95910;95905;25/03/2027;700;NS353C_95910_95905
NS353C;Eco-friendly kids' oversize t-shirt;Black;10/12 years (10/12 ans);95910;95906;04/12/2026;639;NS353C_95910_95906
NS353C;Eco-friendly kids' oversize t-shirt;Black;10/12 years (10/12 ans);95910;95906;25/03/2027;700;NS353C_95910_95906
NS353C;Eco-friendly kids' oversize t-shirt;Black;12/14 years (12/14 ans);95910;95909;04/12/2026;546;NS353C_95910_95909
NS353C;Eco-friendly kids' oversize t-shirt;Black;12/14 years (12/14 ans);95910;95909;25/03/2027;750;NS353C_95910_95909
NS353C;Eco-friendly kids' oversize t-shirt;Driftwood;4/6 years (4/6 ans);95911;95901;04/12/2026;833;NS353C_95911_95901
NS353C;Eco-friendly kids' oversize t-shirt;Driftwood;6/8 years (6/8 ans);95911;95902;04/12/2026;840;NS353C_95911_95902
NS353C;Eco-friendly kids' oversize t-shirt;Driftwood;6/8 years (6/8 ans);95911;95902;25/03/2027;550;NS353C_95911_95902
NS353C;Eco-friendly kids' oversize t-shirt;Driftwood;8/10 years (8/10 ans);95911;95905;04/12/2026;1090;NS353C_95911_95905
NS353C;Eco-friendly kids' oversize t-shirt;Driftwood;8/10 years (8/10 ans);95911;95905;25/03/2027;150;NS353C_95911_95905
NS353C;Eco-friendly kids' oversize t-shirt;Driftwood;10/12 years (10/12 ans);95911;95906;04/12/2026;1034;NS353C_95911_95906
NS353C;Eco-friendly kids' oversize t-shirt;Driftwood;10/12 years (10/12 ans);95911;95906;25/03/2027;150;NS353C_95911_95906
NS353C;Eco-friendly kids' oversize t-shirt;Driftwood;12/14 years (12/14 ans);95911;95909;04/12/2026;748;NS353C_95911_95909
NS353C;Eco-friendly kids' oversize t-shirt;Driftwood;12/14 years (12/14 ans);95911;95909;25/03/2027;150;NS353C_95911_95909
NS353C;Eco-friendly kids' oversize t-shirt;Ivory;4/6 years (4/6 ans);95912;95901;04/12/2026;877;NS353C_95912_95901
NS353C;Eco-friendly kids' oversize t-shirt;Ivory;6/8 years (6/8 ans);95912;95902;04/12/2026;595;NS353C_95912_95902
NS353C;Eco-friendly kids' oversize t-shirt;Ivory;6/8 years (6/8 ans);95912;95902;25/03/2027;600;NS353C_95912_95902
NS353C;Eco-friendly kids' oversize t-shirt;Ivory;8/10 years (8/10 ans);95912;95905;04/12/2026;823;NS353C_95912_95905
NS353C;Eco-friendly kids' oversize t-shirt;Ivory;8/10 years (8/10 ans);95912;95905;25/03/2027;600;NS353C_95912_95905
NS353C;Eco-friendly kids' oversize t-shirt;Ivory;10/12 years (10/12 ans);95912;95906;04/12/2026;520;NS353C_95912_95906
NS353C;Eco-friendly kids' oversize t-shirt;Ivory;10/12 years (10/12 ans);95912;95906;25/03/2027;850;NS353C_95912_95906
NS353C;Eco-friendly kids' oversize t-shirt;Ivory;12/14 years (12/14 ans);95912;95909;04/12/2026;256;NS353C_95912_95909
NS353C;Eco-friendly kids' oversize t-shirt;Ivory;12/14 years (12/14 ans);95912;95909;25/03/2027;900;NS353C_95912_95909
NS353C;Eco-friendly kids' oversize t-shirt;Organic Khaki;4/6 years (4/6 ans);95913;95901;04/12/2026;388;NS353C_95913_95901
NS353C;Eco-friendly kids' oversize t-shirt;Organic Khaki;4/6 years (4/6 ans);95913;95901;25/03/2027;100;NS353C_95913_95901
NS353C;Eco-friendly kids' oversize t-shirt;Organic Khaki;6/8 years (6/8 ans);95913;95902;04/12/2026;300;NS353C_95913_95902
NS353C;Eco-friendly kids' oversize t-shirt;Organic Khaki;6/8 years (6/8 ans);95913;95902;25/03/2027;200;NS353C_95913_95902
NS353C;Eco-friendly kids' oversize t-shirt;Organic Khaki;8/10 years (8/10 ans);95913;95905;04/12/2026;300;NS353C_95913_95905
NS353C;Eco-friendly kids' oversize t-shirt;Organic Khaki;8/10 years (8/10 ans);95913;95905;25/03/2027;250;NS353C_95913_95905
NS353C;Eco-friendly kids' oversize t-shirt;Organic Khaki;10/12 years (10/12 ans);95913;95906;04/12/2026;250;NS353C_95913_95906
NS353C;Eco-friendly kids' oversize t-shirt;Organic Khaki;10/12 years (10/12 ans);95913;95906;25/03/2027;250;NS353C_95913_95906
NS353C;Eco-friendly kids' oversize t-shirt;Organic Khaki;12/14 years (12/14 ans);95913;95909;04/12/2026;200;NS353C_95913_95909
NS353C;Eco-friendly kids' oversize t-shirt;Organic Khaki;12/14 years (12/14 ans);95913;95909;25/03/2027;200;NS353C_95913_95909
NS360;Eco-friendly men's ringer t-shirt with washed effect binding;Ivory / Washed black;S;95920;95915;27/01/2027;348;NS360_95920_95915
NS360;Eco-friendly men's ringer t-shirt with washed effect binding;Ivory / Washed black;S;95920;95915;24/02/2027;800;NS360_95920_95915
NS360;Eco-friendly men's ringer t-shirt with washed effect binding;Ivory / Washed black;S;95920;95915;26/03/2027;150;NS360_95920_95915
NS360;Eco-friendly men's ringer t-shirt with washed effect binding;Ivory / Washed black;M;95920;95916;27/01/2027;306;NS360_95920_95916
NS360;Eco-friendly men's ringer t-shirt with washed effect binding;Ivory / Washed black;M;95920;95916;24/02/2027;2000;NS360_95920_95916
NS360;Eco-friendly men's ringer t-shirt with washed effect binding;Ivory / Washed black;M;95920;95916;26/03/2027;1500;NS360_95920_95916
NS360;Eco-friendly men's ringer t-shirt with washed effect binding;Ivory / Washed black;L;95920;95917;27/01/2027;250;NS360_95920_95917
NS360;Eco-friendly men's ringer t-shirt with washed effect binding;Ivory / Washed black;L;95920;95917;24/02/2027;2000;NS360_95920_95917
NS360;Eco-friendly men's ringer t-shirt with washed effect binding;Ivory / Washed black;L;95920;95917;26/03/2027;1600;NS360_95920_95917
NS360;Eco-friendly men's ringer t-shirt with washed effect binding;Ivory / Washed black;XL;95920;95918;27/01/2027;184;NS360_95920_95918
NS360;Eco-friendly men's ringer t-shirt with washed effect binding;Ivory / Washed black;XL;95920;95918;24/02/2027;1100;NS360_95920_95918
NS360;Eco-friendly men's ringer t-shirt with washed effect binding;Ivory / Washed black;XL;95920;95918;26/03/2027;950;NS360_95920_95918
NS360;Eco-friendly men's ringer t-shirt with washed effect binding;Ivory / Washed black;XXL;95920;95919;24/02/2027;489;NS360_95920_95919
NS360;Eco-friendly men's ringer t-shirt with washed effect binding;Ivory / Washed black;XXL;95920;95919;26/03/2027;450;NS360_95920_95919
NS360;Eco-friendly men's ringer t-shirt with washed effect binding;Ivory / Washed Navy Blue;S;95921;95915;27/01/2027;200;NS360_95921_95915
NS360;Eco-friendly men's ringer t-shirt with washed effect binding;Ivory / Washed Navy Blue;S;95921;95915;24/02/2027;350;NS360_95921_95915
NS360;Eco-friendly men's ringer t-shirt with washed effect binding;Ivory / Washed Navy Blue;S;95921;95915;26/03/2027;150;NS360_95921_95915
NS360;Eco-friendly men's ringer t-shirt with washed effect binding;Ivory / Washed Navy Blue;M;95921;95916;27/01/2027;900;NS360_95921_95916
NS360;Eco-friendly men's ringer t-shirt with washed effect binding;Ivory / Washed Navy Blue;M;95921;95916;24/02/2027;600;NS360_95921_95916
NS360;Eco-friendly men's ringer t-shirt with washed effect binding;Ivory / Washed Navy Blue;M;95921;95916;26/03/2027;500;NS360_95921_95916
NS360;Eco-friendly men's ringer t-shirt with washed effect binding;Ivory / Washed Navy Blue;L;95921;95917;27/01/2027;1000;NS360_95921_95917
NS360;Eco-friendly men's ringer t-shirt with washed effect binding;Ivory / Washed Navy Blue;L;95921;95917;24/02/2027;550;NS360_95921_95917
NS360;Eco-friendly men's ringer t-shirt with washed effect binding;Ivory / Washed Navy Blue;L;95921;95917;26/03/2027;500;NS360_95921_95917
NS360;Eco-friendly men's ringer t-shirt with washed effect binding;Ivory / Washed Navy Blue;XL;95921;95918;27/01/2027;600;NS360_95921_95918
NS360;Eco-friendly men's ringer t-shirt with washed effect binding;Ivory / Washed Navy Blue;XL;95921;95918;24/02/2027;600;NS360_95921_95918
NS360;Eco-friendly men's ringer t-shirt with washed effect binding;Ivory / Washed Navy Blue;XL;95921;95918;26/03/2027;250;NS360_95921_95918
NS360;Eco-friendly men's ringer t-shirt with washed effect binding;Ivory / Washed Navy Blue;XXL;95921;95919;27/01/2027;250;NS360_95921_95919
NS360;Eco-friendly men's ringer t-shirt with washed effect binding;Ivory / Washed Navy Blue;XXL;95921;95919;24/02/2027;300;NS360_95921_95919
NS360;Eco-friendly men's ringer t-shirt with washed effect binding;Ivory / Washed Navy Blue;XXL;95921;95919;26/03/2027;150;NS360_95921_95919
NS360;Eco-friendly men's ringer t-shirt with washed effect binding;Ivory / Washed Paprika;S;95922;95915;27/01/2027;200;NS360_95922_95915
NS360;Eco-friendly men's ringer t-shirt with washed effect binding;Ivory / Washed Paprika;S;95922;95915;24/02/2027;150;NS360_95922_95915
NS360;Eco-friendly men's ringer t-shirt with washed effect binding;Ivory / Washed Paprika;S;95922;95915;26/03/2027;100;NS360_95922_95915
NS360;Eco-friendly men's ringer t-shirt with washed effect binding;Ivory / Washed Paprika;M;95922;95916;27/01/2027;850;NS360_95922_95916
NS360;Eco-friendly men's ringer t-shirt with washed effect binding;Ivory / Washed Paprika;M;95922;95916;24/02/2027;700;NS360_95922_95916
NS360;Eco-friendly men's ringer t-shirt with washed effect binding;Ivory / Washed Paprika;M;95922;95916;26/03/2027;550;NS360_95922_95916
NS360;Eco-friendly men's ringer t-shirt with washed effect binding;Ivory / Washed Paprika;L;95922;95917;27/01/2027;950;NS360_95922_95917
NS360;Eco-friendly men's ringer t-shirt with washed effect binding;Ivory / Washed Paprika;L;95922;95917;24/02/2027;650;NS360_95922_95917
NS360;Eco-friendly men's ringer t-shirt with washed effect binding;Ivory / Washed Paprika;L;95922;95917;26/03/2027;400;NS360_95922_95917
NS360;Eco-friendly men's ringer t-shirt with washed effect binding;Ivory / Washed Paprika;XL;95922;95918;27/01/2027;883;NS360_95922_95918
NS360;Eco-friendly men's ringer t-shirt with washed effect binding;Ivory / Washed Paprika;XL;95922;95918;24/02/2027;450;NS360_95922_95918
NS360;Eco-friendly men's ringer t-shirt with washed effect binding;Ivory / Washed Paprika;XL;95922;95918;26/03/2027;300;NS360_95922_95918
NS360;Eco-friendly men's ringer t-shirt with washed effect binding;Ivory / Washed Paprika;XXL;95922;95919;27/01/2027;200;NS360_95922_95919
NS360;Eco-friendly men's ringer t-shirt with washed effect binding;Ivory / Washed Paprika;XXL;95922;95919;24/02/2027;250;NS360_95922_95919
NS360;Eco-friendly men's ringer t-shirt with washed effect binding;Ivory / Washed Paprika;XXL;95922;95919;26/03/2027;150;NS360_95922_95919
NS361;Eco-friendly ladies' ringer t-shirt with washed effect binding;Ivory / Washed black;XS;95928;95923;24/02/2027;136;NS361_95928_95923
NS361;Eco-friendly ladies' ringer t-shirt with washed effect binding;Ivory / Washed black;XS;95928;95923;26/03/2027;2150;NS361_95928_95923
NS361;Eco-friendly ladies' ringer t-shirt with washed effect binding;Ivory / Washed black;S;95928;95924;27/01/2027;350;NS361_95928_95924
NS361;Eco-friendly ladies' ringer t-shirt with washed effect binding;Ivory / Washed black;S;95928;95924;24/02/2027;650;NS361_95928_95924
NS361;Eco-friendly ladies' ringer t-shirt with washed effect binding;Ivory / Washed black;S;95928;95924;26/03/2027;2300;NS361_95928_95924
NS361;Eco-friendly ladies' ringer t-shirt with washed effect binding;Ivory / Washed black;M;95928;95925;27/01/2027;148;NS361_95928_95925
NS361;Eco-friendly ladies' ringer t-shirt with washed effect binding;Ivory / Washed black;M;95928;95925;24/02/2027;800;NS361_95928_95925
NS361;Eco-friendly ladies' ringer t-shirt with washed effect binding;Ivory / Washed black;M;95928;95925;26/03/2027;2350;NS361_95928_95925
NS361;Eco-friendly ladies' ringer t-shirt with washed effect binding;Ivory / Washed black;L;95928;95926;27/01/2027;100;NS361_95928_95926
NS361;Eco-friendly ladies' ringer t-shirt with washed effect binding;Ivory / Washed black;L;95928;95926;24/02/2027;400;NS361_95928_95926
NS361;Eco-friendly ladies' ringer t-shirt with washed effect binding;Ivory / Washed black;L;95928;95926;26/03/2027;1950;NS361_95928_95926
NS361;Eco-friendly ladies' ringer t-shirt with washed effect binding;Ivory / Washed black;XL;95928;95927;24/02/2027;150;NS361_95928_95927
NS361;Eco-friendly ladies' ringer t-shirt with washed effect binding;Ivory / Washed black;XL;95928;95927;26/03/2027;1300;NS361_95928_95927
NS361;Eco-friendly ladies' ringer t-shirt with washed effect binding;Ivory / Washed Navy Blue;XS;95929;95923;27/01/2027;56;NS361_95929_95923
NS361;Eco-friendly ladies' ringer t-shirt with washed effect binding;Ivory / Washed Navy Blue;XS;95929;95923;24/02/2027;150;NS361_95929_95923
NS361;Eco-friendly ladies' ringer t-shirt with washed effect binding;Ivory / Washed Navy Blue;XS;95929;95923;26/03/2027;1600;NS361_95929_95923
NS361;Eco-friendly ladies' ringer t-shirt with washed effect binding;Ivory / Washed Navy Blue;S;95929;95924;27/01/2027;400;NS361_95929_95924
NS361;Eco-friendly ladies' ringer t-shirt with washed effect binding;Ivory / Washed Navy Blue;S;95929;95924;24/02/2027;300;NS361_95929_95924
NS361;Eco-friendly ladies' ringer t-shirt with washed effect binding;Ivory / Washed Navy Blue;S;95929;95924;26/03/2027;2200;NS361_95929_95924
NS361;Eco-friendly ladies' ringer t-shirt with washed effect binding;Ivory / Washed Navy Blue;M;95929;95925;27/01/2027;391;NS361_95929_95925
NS361;Eco-friendly ladies' ringer t-shirt with washed effect binding;Ivory / Washed Navy Blue;M;95929;95925;24/02/2027;300;NS361_95929_95925
NS361;Eco-friendly ladies' ringer t-shirt with washed effect binding;Ivory / Washed Navy Blue;M;95929;95925;26/03/2027;2200;NS361_95929_95925
NS361;Eco-friendly ladies' ringer t-shirt with washed effect binding;Ivory / Washed Navy Blue;L;95929;95926;27/01/2027;212;NS361_95929_95926
NS361;Eco-friendly ladies' ringer t-shirt with washed effect binding;Ivory / Washed Navy Blue;L;95929;95926;24/02/2027;350;NS361_95929_95926
NS361;Eco-friendly ladies' ringer t-shirt with washed effect binding;Ivory / Washed Navy Blue;L;95929;95926;26/03/2027;1500;NS361_95929_95926
NS361;Eco-friendly ladies' ringer t-shirt with washed effect binding;Ivory / Washed Navy Blue;XL;95929;95927;24/02/2027;178;NS361_95929_95927
NS361;Eco-friendly ladies' ringer t-shirt with washed effect binding;Ivory / Washed Navy Blue;XL;95929;95927;26/03/2027;1100;NS361_95929_95927
NS361;Eco-friendly ladies' ringer t-shirt with washed effect binding;Ivory / Washed Paprika;XS;95930;95923;27/01/2027;106;NS361_95930_95923
NS361;Eco-friendly ladies' ringer t-shirt with washed effect binding;Ivory / Washed Paprika;XS;95930;95923;26/03/2027;1900;NS361_95930_95923
NS361;Eco-friendly ladies' ringer t-shirt with washed effect binding;Ivory / Washed Paprika;S;95930;95924;27/01/2027;250;NS361_95930_95924
NS361;Eco-friendly ladies' ringer t-shirt with washed effect binding;Ivory / Washed Paprika;S;95930;95924;26/03/2027;2300;NS361_95930_95924
NS361;Eco-friendly ladies' ringer t-shirt with washed effect binding;Ivory / Washed Paprika;M;95930;95925;27/01/2027;350;NS361_95930_95925
NS361;Eco-friendly ladies' ringer t-shirt with washed effect binding;Ivory / Washed Paprika;M;95930;95925;26/03/2027;2300;NS361_95930_95925
NS361;Eco-friendly ladies' ringer t-shirt with washed effect binding;Ivory / Washed Paprika;L;95930;95926;27/01/2027;341;NS361_95930_95926
NS361;Eco-friendly ladies' ringer t-shirt with washed effect binding;Ivory / Washed Paprika;L;95930;95926;26/03/2027;1700;NS361_95930_95926
NS361;Eco-friendly ladies' ringer t-shirt with washed effect binding;Ivory / Washed Paprika;XL;95930;95927;27/01/2027;98;NS361_95930_95927
NS361;Eco-friendly ladies' ringer t-shirt with washed effect binding;Ivory / Washed Paprika;XL;95930;95927;26/03/2027;1200;NS361_95930_95927
NS400;Eco-friendly unisex round neck sweatshirt;Ivory;XXS;68718;68677;21/09/2026;300;NS400_68718_68677
NS400A;Eco-friendly unisex round neck sweatshirt;Volcano Grey Heather;M;68729;68687;21/09/2026;380;NS400A_68729_68687
NS400A;Eco-friendly unisex round neck sweatshirt;Volcano Grey Heather;L;68729;68691;21/09/2026;860;NS400A_68729_68691
NS400A;Eco-friendly unisex round neck sweatshirt;Volcano Grey Heather;XL;68729;68693;21/09/2026;760;NS400A_68729_68693
NS400AX;Eco-friendly unisex round neck sweatshirt;Moon Grey Heather;3XL;68720;68698;21/09/2026;280;NS400AX_68720_68698
NS400C;Eco-friendly unisex round neck sweatshirt;Almond Green;S;68705;68684;15/03/2027;100;NS400C_68705_68684
NS400C;Eco-friendly unisex round neck sweatshirt;Almond Green;M;68705;68686;21/09/2026;960;NS400C_68705_68686
NS400C;Eco-friendly unisex round neck sweatshirt;Almond Green;L;68705;68690;21/09/2026;696;NS400C_68705_68690
NS400C;Eco-friendly unisex round neck sweatshirt;Almond Green;L;68705;68690;15/03/2027;360;NS400C_68705_68690
NS400C;Eco-friendly unisex round neck sweatshirt;Almond Green;XL;68705;68692;15/03/2027;340;NS400C_68705_68692
NS400C;Eco-friendly unisex round neck sweatshirt;Aquamarine;M;68709;68686;21/09/2026;480;NS400C_68709_68686
NS400C;Eco-friendly unisex round neck sweatshirt;Black;XXS;68710;68678;21/09/2026;980;NS400C_68710_68678
NS400C;Eco-friendly unisex round neck sweatshirt;Black;XS;68710;68680;21/09/2026;2573;NS400C_68710_68680
NS400C;Eco-friendly unisex round neck sweatshirt;Black;L;68710;68690;21/09/2026;17780;NS400C_68710_68690
NS400C;Eco-friendly unisex round neck sweatshirt;Black;XL;68710;68692;15/03/2027;1000;NS400C_68710_68692
NS400C;Eco-friendly unisex round neck sweatshirt;Dark Cherry;S;68714;68684;21/09/2026;592;NS400C_68714_68684
NS400C;Eco-friendly unisex round neck sweatshirt;Dark Cherry;M;68714;68686;21/09/2026;960;NS400C_68714_68686
NS400C;Eco-friendly unisex round neck sweatshirt;Dark Cherry;L;68714;68690;21/09/2026;880;NS400C_68714_68690
NS400C;Eco-friendly unisex round neck sweatshirt;Hibiscus Red;S;68717;68684;21/09/2026;376;NS400C_68717_68684
NS400C;Eco-friendly unisex round neck sweatshirt;Hibiscus Red;M;68717;68686;21/09/2026;1354;NS400C_68717_68686
NS400C;Eco-friendly unisex round neck sweatshirt;Hibiscus Red;L;68717;68690;21/09/2026;1540;NS400C_68717_68690
NS400C;Eco-friendly unisex round neck sweatshirt;Organic Khaki;XS;68725;68680;21/09/2026;200;NS400C_68725_68680
NS400C;Eco-friendly unisex round neck sweatshirt;Organic Khaki;S;68725;68684;21/09/2026;500;NS400C_68725_68684
NS400C;Eco-friendly unisex round neck sweatshirt;Organic Khaki;M;68725;68686;21/09/2026;900;NS400C_68725_68686
NS400C;Eco-friendly unisex round neck sweatshirt;Organic Khaki;L;68725;68690;21/09/2026;500;NS400C_68725_68690
NS400C;Eco-friendly unisex round neck sweatshirt;Organic Khaki;XL;68725;68692;21/09/2026;500;NS400C_68725_68692
NS400C;Eco-friendly unisex round neck sweatshirt;Peacock Blue;S;68726;68684;12/02/2027;80;NS400C_68726_68684
NS400C;Eco-friendly unisex round neck sweatshirt;Peacock Blue;M;68726;68686;21/09/2026;560;NS400C_68726_68686
NS400C;Eco-friendly unisex round neck sweatshirt;Peacock Blue;M;68726;68686;12/02/2027;400;NS400C_68726_68686
NS400C;Eco-friendly unisex round neck sweatshirt;Peacock Blue;L;68726;68690;12/02/2027;580;NS400C_68726_68690
NS400C;Eco-friendly unisex round neck sweatshirt;Peacock Blue;XL;68726;68692;12/02/2027;360;NS400C_68726_68692
NS400C;Eco-friendly unisex round neck sweatshirt;Wet Sand;S;68730;68684;12/02/2027;160;NS400C_68730_68684
NS400C;Eco-friendly unisex round neck sweatshirt;Wet Sand;M;68730;68686;12/02/2027;640;NS400C_68730_68686
NS400C;Eco-friendly unisex round neck sweatshirt;Wet Sand;L;68730;68690;21/09/2026;480;NS400C_68730_68690
NS400C;Eco-friendly unisex round neck sweatshirt;Wet Sand;L;68730;68690;12/02/2027;400;NS400C_68730_68690
NS400C;Eco-friendly unisex round neck sweatshirt;Wet Sand;XL;68730;68692;12/02/2027;140;NS400C_68730_68692
NS400C;Eco-friendly unisex round neck sweatshirt;Iron Grey;M;71121;68686;21/09/2026;1285;NS400C_71121_68686
NS400C;Eco-friendly unisex round neck sweatshirt;Iron Grey;L;71121;68690;21/09/2026;1275;NS400C_71121_68690
NS400C;Eco-friendly unisex round neck sweatshirt;Iron Grey;XL;71121;68692;21/09/2026;800;NS400C_71121_68692
NS400C;Eco-friendly unisex round neck sweatshirt;Mineral Grey;XS;71122;68680;21/09/2026;80;NS400C_71122_68680
NS400C;Eco-friendly unisex round neck sweatshirt;Mineral Grey;M;71122;68686;21/09/2026;760;NS400C_71122_68686
NS400C;Eco-friendly unisex round neck sweatshirt;Mineral Grey;XL;71122;68692;21/09/2026;495;NS400C_71122_68692
NS400C;Eco-friendly unisex round neck sweatshirt;Navy Blue;XXS;71124;68678;21/09/2026;280;NS400C_71124_68678
NS400C;Eco-friendly unisex round neck sweatshirt;Navy Blue;XS;71124;68680;02/10/2026;60;NS400C_71124_68680
NS400C;Eco-friendly unisex round neck sweatshirt;Navy Blue;S;71124;68684;21/09/2026;3720;NS400C_71124_68684
NS400C;Eco-friendly unisex round neck sweatshirt;Navy Blue;M;71124;68686;21/09/2026;5305;NS400C_71124_68686
NS400C;Eco-friendly unisex round neck sweatshirt;Navy Blue;M;71124;68686;02/10/2026;720;NS400C_71124_68686
NS400C;Eco-friendly unisex round neck sweatshirt;Navy Blue;M;71124;68686;15/03/2027;780;NS400C_71124_68686
NS400C;Eco-friendly unisex round neck sweatshirt;Navy Blue;L;71124;68690;02/10/2026;640;NS400C_71124_68690
NS400C;Eco-friendly unisex round neck sweatshirt;Navy Blue;L;71124;68690;15/03/2027;680;NS400C_71124_68690
NS400C;Eco-friendly unisex round neck sweatshirt;Navy Blue;XL;71124;68692;02/10/2026;340;NS400C_71124_68692
NS400C;Eco-friendly unisex round neck sweatshirt;Navy Blue;XL;71124;68692;15/03/2027;220;NS400C_71124_68692
NS400C;Eco-friendly unisex round neck sweatshirt;Gemstone Green;XXS;78054;68678;02/10/2026;1;NS400C_78054_68678
NS400C;Eco-friendly unisex round neck sweatshirt;Gemstone Green;M;78054;68686;02/10/2026;300;NS400C_78054_68686
NS400C;Eco-friendly unisex round neck sweatshirt;Gemstone Green;L;78054;68690;02/10/2026;474;NS400C_78054_68690
NS400C;Eco-friendly unisex round neck sweatshirt;Gemstone Green;XL;78054;68692;02/10/2026;160;NS400C_78054_68692
NS400C;Eco-friendly unisex round neck sweatshirt;Jade Green;M;78056;68686;21/09/2026;1486;NS400C_78056_68686
NS400C;Eco-friendly unisex round neck sweatshirt;Jade Green;L;78056;68690;21/09/2026;480;NS400C_78056_68690
NS400C;Eco-friendly unisex round neck sweatshirt;Parma;M;78059;68686;21/09/2026;480;NS400C_78059_68686
NS400C;Eco-friendly unisex round neck sweatshirt;Parma;L;78059;68690;21/09/2026;480;NS400C_78059_68690
NS400C;Eco-friendly unisex round neck sweatshirt;Adriatic Blue;L;81276;68690;21/09/2026;400;NS400C_81276_68690
NS400C;Eco-friendly unisex round neck sweatshirt;Lemon Citrus;S;81281;68684;21/09/2026;260;NS400C_81281_68684
NS400C;Eco-friendly unisex round neck sweatshirt;Lemon Citrus;M;81281;68686;21/09/2026;480;NS400C_81281_68686
NS400C;Eco-friendly unisex round neck sweatshirt;Lemon Citrus;L;81281;68690;21/09/2026;622;NS400C_81281_68690
NS400C;Eco-friendly unisex round neck sweatshirt;Lemon Citrus;XL;81281;68692;21/09/2026;340;NS400C_81281_68692
NS400C;Eco-friendly unisex round neck sweatshirt;Light Turquoise;M;81282;68686;21/09/2026;340;NS400C_81282_68686
NS400C;Eco-friendly unisex round neck sweatshirt;Light Turquoise;L;81282;68690;21/09/2026;360;NS400C_81282_68690
NS400C;Eco-friendly unisex round neck sweatshirt;Peacock Green;S;81284;68684;21/09/2026;480;NS400C_81284_68684
NS400C;Eco-friendly unisex round neck sweatshirt;Peacock Green;M;81284;68686;21/09/2026;480;NS400C_81284_68686
NS400C;Eco-friendly unisex round neck sweatshirt;Peacock Green;L;81284;68690;21/09/2026;960;NS400C_81284_68690
NS400C;Eco-friendly unisex round neck sweatshirt;Poppy Red;S;81286;68684;21/09/2026;340;NS400C_81286_68684
NS400C;Eco-friendly unisex round neck sweatshirt;Poppy Red;L;81286;68690;21/09/2026;600;NS400C_81286_68690
NS400C;Eco-friendly unisex round neck sweatshirt;Raw Natural;S;81289;68684;21/09/2026;829;NS400C_81289_68684
NS400C;Eco-friendly unisex round neck sweatshirt;Raw Natural;S;81289;68684;02/10/2026;300;NS400C_81289_68684
NS400C;Eco-friendly unisex round neck sweatshirt;Raw Natural;M;81289;68686;21/09/2026;823;NS400C_81289_68686
NS400C;Eco-friendly unisex round neck sweatshirt;Raw Natural;M;81289;68686;02/10/2026;860;NS400C_81289_68686
NS400C;Eco-friendly unisex round neck sweatshirt;Raw Natural;L;81289;68690;21/09/2026;962;NS400C_81289_68690
NS400C;Eco-friendly unisex round neck sweatshirt;Raw Natural;L;81289;68690;02/10/2026;580;NS400C_81289_68690
NS400C;Eco-friendly unisex round neck sweatshirt;Antique Rose;M;84771;68686;21/09/2026;960;NS400C_84771_68686
NS400C;Eco-friendly unisex round neck sweatshirt;Forest Green;XS;88603;68680;02/10/2026;120;NS400C_88603_68680
NS400C;Eco-friendly unisex round neck sweatshirt;Forest Green;XS;88603;68680;12/02/2027;60;NS400C_88603_68680
NS400C;Eco-friendly unisex round neck sweatshirt;Forest Green;XS;88603;68680;15/03/2027;40;NS400C_88603_68680
NS400C;Eco-friendly unisex round neck sweatshirt;Forest Green;S;88603;68684;21/09/2026;200;NS400C_88603_68684
NS400C;Eco-friendly unisex round neck sweatshirt;Forest Green;S;88603;68684;02/10/2026;280;NS400C_88603_68684
NS400C;Eco-friendly unisex round neck sweatshirt;Forest Green;S;88603;68684;12/02/2027;100;NS400C_88603_68684
NS400C;Eco-friendly unisex round neck sweatshirt;Forest Green;S;88603;68684;15/03/2027;200;NS400C_88603_68684
NS400C;Eco-friendly unisex round neck sweatshirt;Forest Green;M;88603;68686;02/10/2026;460;NS400C_88603_68686
NS400C;Eco-friendly unisex round neck sweatshirt;Forest Green;M;88603;68686;12/02/2027;540;NS400C_88603_68686
NS400C;Eco-friendly unisex round neck sweatshirt;Forest Green;M;88603;68686;15/03/2027;380;NS400C_88603_68686
NS400C;Eco-friendly unisex round neck sweatshirt;Forest Green;L;88603;68690;02/10/2026;400;NS400C_88603_68690
NS400C;Eco-friendly unisex round neck sweatshirt;Forest Green;L;88603;68690;12/02/2027;440;NS400C_88603_68690
NS400C;Eco-friendly unisex round neck sweatshirt;Forest Green;L;88603;68690;15/03/2027;460;NS400C_88603_68690
NS400C;Eco-friendly unisex round neck sweatshirt;Forest Green;XL;88603;68692;02/10/2026;200;NS400C_88603_68692
NS400C;Eco-friendly unisex round neck sweatshirt;Forest Green;XL;88603;68692;12/02/2027;380;NS400C_88603_68692
NS400C;Eco-friendly unisex round neck sweatshirt;Forest Green;XL;88603;68692;15/03/2027;320;NS400C_88603_68692
NS400C;Eco-friendly unisex round neck sweatshirt;Paprika;XS;88606;68680;12/02/2027;120;NS400C_88606_68680
NS400C;Eco-friendly unisex round neck sweatshirt;Paprika;S;88606;68684;12/02/2027;320;NS400C_88606_68684
NS400C;Eco-friendly unisex round neck sweatshirt;Paprika;M;88606;68686;12/02/2027;500;NS400C_88606_68686
NS400C;Eco-friendly unisex round neck sweatshirt;Paprika;L;88606;68690;12/02/2027;460;NS400C_88606_68690
NS400C;Eco-friendly unisex round neck sweatshirt;Paprika;XL;88606;68692;12/02/2027;120;NS400C_88606_68692
NS400C;Eco-friendly unisex round neck sweatshirt;Petal Rose;XS;88609;68680;21/09/2026;120;NS400C_88609_68680
NS400C;Eco-friendly unisex round neck sweatshirt;Petal Rose;S;88609;68684;21/09/2026;440;NS400C_88609_68684
NS400C;Eco-friendly unisex round neck sweatshirt;Petal Rose;M;88609;68686;21/09/2026;500;NS400C_88609_68686
NS400C;Eco-friendly unisex round neck sweatshirt;Petal Rose;L;88609;68690;21/09/2026;500;NS400C_88609_68690
NS400C;Eco-friendly unisex round neck sweatshirt;Petal Rose;XL;88609;68692;21/09/2026;500;NS400C_88609_68692
NS400CC;Eco-friendly unisex round neck sweatshirt;Cool Blue Heather;L;70252;70262;21/09/2026;200;NS400CC_70252_70262
NS400CC;Eco-friendly unisex round neck sweatshirt;Navy Blue Heather;M;70254;70260;21/09/2026;860;NS400CC_70254_70260
NS400CC;Eco-friendly unisex round neck sweatshirt;Navy Blue Heather;L;70254;70262;21/09/2026;1200;NS400CC_70254_70262
NS400CC;Eco-friendly unisex round neck sweatshirt;Navy Blue Heather;XL;70254;70264;21/09/2026;440;NS400CC_70254_70264
NS400CX;Eco-friendly unisex round neck sweatshirt;Almond Green;XXL;68704;68695;15/03/2027;160;NS400CX_68704_68695
NS400CX;Eco-friendly unisex round neck sweatshirt;Almond Green;3XL;68704;68700;15/03/2027;100;NS400CX_68704_68700
NS400CX;Eco-friendly unisex round neck sweatshirt;Black;XXL;68711;68695;21/09/2026;1906;NS400CX_68711_68695
NS400CX;Eco-friendly unisex round neck sweatshirt;Black;XXL;68711;68695;15/03/2027;900;NS400CX_68711_68695
NS400CX;Eco-friendly unisex round neck sweatshirt;Black;4XL;68711;68701;21/09/2026;300;NS400CX_68711_68701
NS400CX;Eco-friendly unisex round neck sweatshirt;Organic Khaki;XXL;68724;68695;21/09/2026;140;NS400CX_68724_68695
NS400CX;Eco-friendly unisex round neck sweatshirt;Organic Khaki;3XL;68724;68700;21/09/2026;100;NS400CX_68724_68700
NS400CX;Eco-friendly unisex round neck sweatshirt;Peacock Blue;XXL;68727;68695;12/02/2027;200;NS400CX_68727_68695
NS400CX;Eco-friendly unisex round neck sweatshirt;Wet Sand;XXL;68731;68695;12/02/2027;160;NS400CX_68731_68695
NS400CX;Eco-friendly unisex round neck sweatshirt;Mineral Grey;XXL;71123;68695;21/09/2026;80;NS400CX_71123_68695
NS400CX;Eco-friendly unisex round neck sweatshirt;Navy Blue;XXL;71125;68695;21/09/2026;1100;NS400CX_71125_68695
NS400CX;Eco-friendly unisex round neck sweatshirt;Navy Blue;XXL;71125;68695;02/10/2026;140;NS400CX_71125_68695
NS400CX;Eco-friendly unisex round neck sweatshirt;Navy Blue;XXL;71125;68695;15/03/2027;100;NS400CX_71125_68695
NS400CX;Eco-friendly unisex round neck sweatshirt;Navy Blue;3XL;71125;68700;21/09/2026;100;NS400CX_71125_68700
NS400CX;Eco-friendly unisex round neck sweatshirt;Navy Blue;3XL;71125;68700;02/10/2026;200;NS400CX_71125_68700
NS400CX;Eco-friendly unisex round neck sweatshirt;Navy Blue;3XL;71125;68700;15/03/2027;40;NS400CX_71125_68700
NS400CX;Eco-friendly unisex round neck sweatshirt;Gemstone Green;XXL;78055;68695;02/10/2026;20;NS400CX_78055_68695
NS400CX;Eco-friendly unisex round neck sweatshirt;Lemon Citrus;XXL;81280;68695;21/09/2026;80;NS400CX_81280_68695
NS400CX;Eco-friendly unisex round neck sweatshirt;Light Turquoise;XXL;81283;68695;21/09/2026;20;NS400CX_81283_68695
NS400CX;Eco-friendly unisex round neck sweatshirt;Light Turquoise;3XL;81283;68700;21/09/2026;100;NS400CX_81283_68700
NS400CX;Eco-friendly unisex round neck sweatshirt;Light Turquoise;4XL;81283;68701;21/09/2026;100;NS400CX_81283_68701
NS400CX;Eco-friendly unisex round neck sweatshirt;Poppy Red;XXL;81287;68695;21/09/2026;200;NS400CX_81287_68695
NS400CX;Eco-friendly unisex round neck sweatshirt;Forest Green;XXL;88602;68695;02/10/2026;180;NS400CX_88602_68695
NS400CX;Eco-friendly unisex round neck sweatshirt;Forest Green;XXL;88602;68695;15/03/2027;140;NS400CX_88602_68695
NS400CX;Eco-friendly unisex round neck sweatshirt;Forest Green;3XL;88602;68700;21/09/2026;20;NS400CX_88602_68700
NS400CX;Eco-friendly unisex round neck sweatshirt;Petal Rose;XXL;88608;68695;21/09/2026;200;NS400CX_88608_68695
NS400CX;Eco-friendly unisex round neck sweatshirt;Petal Rose;3XL;88608;68700;21/09/2026;100;NS400CX_88608_68700
NS401;Eco-friendly unisex hooded sweatshirt;Ivory;S;68774;68740;21/09/2026;5813;NS401_68774_68740
NS401;Eco-friendly unisex hooded sweatshirt;Ivory;L;68774;68746;21/09/2026;12703;NS401_68774_68746
NS401;Eco-friendly unisex hooded sweatshirt;White;XS;88629;68735;21/09/2026;100;NS401_88629_68735
NS401;Eco-friendly unisex hooded sweatshirt;White;S;88629;68740;21/09/2026;940;NS401_88629_68740
NS401;Eco-friendly unisex hooded sweatshirt;White;M;88629;68741;21/09/2026;1880;NS401_88629_68741
NS401A;Eco-friendly unisex hooded sweatshirt;Moon Grey Heather;XS;68775;68737;21/09/2026;200;NS401A_68775_68737
NS401A;Eco-friendly unisex hooded sweatshirt;Moon Grey Heather;L;68775;68745;21/09/2026;3789;NS401A_68775_68745
NS401A;Eco-friendly unisex hooded sweatshirt;Moon Grey Heather;XL;68775;68748;21/09/2026;3384;NS401A_68775_68748
NS401A;Eco-friendly unisex hooded sweatshirt;Volcano Grey Heather;XS;68783;68737;29/10/2026;270;NS401A_68783_68737
NS401A;Eco-friendly unisex hooded sweatshirt;Volcano Grey Heather;S;68783;68739;21/09/2026;320;NS401A_68783_68739
NS401A;Eco-friendly unisex hooded sweatshirt;Volcano Grey Heather;S;68783;68739;29/10/2026;300;NS401A_68783_68739
NS401A;Eco-friendly unisex hooded sweatshirt;Volcano Grey Heather;M;68783;68743;21/09/2026;1400;NS401A_68783_68743
NS401A;Eco-friendly unisex hooded sweatshirt;Volcano Grey Heather;M;68783;68743;29/10/2026;460;NS401A_68783_68743
NS401A;Eco-friendly unisex hooded sweatshirt;Volcano Grey Heather;L;68783;68745;21/09/2026;2060;NS401A_68783_68745
NS401AX;Eco-friendly unisex hooded sweatshirt;Moon Grey Heather;XXL;68776;68750;21/09/2026;740;NS401AX_68776_68750
NS401C;Eco-friendly unisex hooded sweatshirt;Almond Green;XXS;68759;68732;21/09/2026;40;NS401C_68759_68732
NS401C;Eco-friendly unisex hooded sweatshirt;Almond Green;XS;68759;68736;21/09/2026;540;NS401C_68759_68736
NS401C;Eco-friendly unisex hooded sweatshirt;Almond Green;S;68759;68738;21/09/2026;940;NS401C_68759_68738
NS401C;Eco-friendly unisex hooded sweatshirt;Almond Green;M;68759;68742;21/09/2026;1347;NS401C_68759_68742
NS401C;Eco-friendly unisex hooded sweatshirt;Almond Green;L;68759;68744;21/09/2026;1231;NS401C_68759_68744
NS401C;Eco-friendly unisex hooded sweatshirt;Aquamarine;XS;68763;68736;21/09/2026;220;NS401C_68763_68736
NS401C;Eco-friendly unisex hooded sweatshirt;Aquamarine;S;68763;68738;21/09/2026;989;NS401C_68763_68738
NS401C;Eco-friendly unisex hooded sweatshirt;Aquamarine;M;68763;68742;21/09/2026;1840;NS401C_68763_68742
NS401C;Eco-friendly unisex hooded sweatshirt;Aquamarine;L;68763;68744;21/09/2026;1616;NS401C_68763_68744
NS401C;Eco-friendly unisex hooded sweatshirt;Black;XXS;68766;68732;21/09/2026;4880;NS401C_68766_68732
NS401C;Eco-friendly unisex hooded sweatshirt;Black;S;68766;68738;21/09/2026;16234;NS401C_68766_68738
NS401C;Eco-friendly unisex hooded sweatshirt;Black;M;68766;68742;21/09/2026;27544;NS401C_68766_68742
NS401C;Eco-friendly unisex hooded sweatshirt;Black;XL;68766;68747;12/02/2027;1500;NS401C_68766_68747
NS401C;Eco-friendly unisex hooded sweatshirt;Dark Cherry;XS;68770;68736;24/11/2026;20;NS401C_68770_68736
NS401C;Eco-friendly unisex hooded sweatshirt;Dark Cherry;S;68770;68738;21/09/2026;240;NS401C_68770_68738
NS401C;Eco-friendly unisex hooded sweatshirt;Dark Cherry;S;68770;68738;24/11/2026;20;NS401C_68770_68738
NS401C;Eco-friendly unisex hooded sweatshirt;Dark Cherry;M;68770;68742;24/11/2026;440;NS401C_68770_68742
NS401C;Eco-friendly unisex hooded sweatshirt;Dark Cherry;L;68770;68744;21/09/2026;1058;NS401C_68770_68744
NS401C;Eco-friendly unisex hooded sweatshirt;Dark Cherry;L;68770;68744;24/11/2026;540;NS401C_68770_68744
NS401C;Eco-friendly unisex hooded sweatshirt;Dark Cherry;XL;68770;68747;24/11/2026;220;NS401C_68770_68747
NS401C;Eco-friendly unisex hooded sweatshirt;Hibiscus Red;M;68771;68742;21/09/2026;1280;NS401C_68771_68742
NS401C;Eco-friendly unisex hooded sweatshirt;Hibiscus Red;L;68771;68744;21/09/2026;1563;NS401C_68771_68744
NS401C;Eco-friendly unisex hooded sweatshirt;Hibiscus Red;XL;68771;68747;21/09/2026;400;NS401C_68771_68747
NS401C;Eco-friendly unisex hooded sweatshirt;Organic Khaki;XXS;68779;68732;21/09/2026;40;NS401C_68779_68732
NS401C;Eco-friendly unisex hooded sweatshirt;Organic Khaki;XS;68779;68736;21/09/2026;160;NS401C_68779_68736
NS401C;Eco-friendly unisex hooded sweatshirt;Organic Khaki;S;68779;68738;21/09/2026;840;NS401C_68779_68738
NS401C;Eco-friendly unisex hooded sweatshirt;Organic Khaki;M;68779;68742;21/09/2026;1613;NS401C_68779_68742
NS401C;Eco-friendly unisex hooded sweatshirt;Organic Khaki;L;68779;68744;21/09/2026;1560;NS401C_68779_68744
NS401C;Eco-friendly unisex hooded sweatshirt;Organic Khaki;XL;68779;68747;21/09/2026;920;NS401C_68779_68747
NS401C;Eco-friendly unisex hooded sweatshirt;Peacock Blue;XXS;68782;68732;15/03/2027;60;NS401C_68782_68732
NS401C;Eco-friendly unisex hooded sweatshirt;Peacock Blue;XS;68782;68736;02/10/2026;140;NS401C_68782_68736
NS401C;Eco-friendly unisex hooded sweatshirt;Peacock Blue;XS;68782;68736;12/02/2027;120;NS401C_68782_68736
NS401C;Eco-friendly unisex hooded sweatshirt;Peacock Blue;XS;68782;68736;15/03/2027;180;NS401C_68782_68736
NS401C;Eco-friendly unisex hooded sweatshirt;Peacock Blue;S;68782;68738;21/09/2026;380;NS401C_68782_68738
NS401C;Eco-friendly unisex hooded sweatshirt;Peacock Blue;S;68782;68738;02/10/2026;280;NS401C_68782_68738
NS401C;Eco-friendly unisex hooded sweatshirt;Peacock Blue;S;68782;68738;12/02/2027;240;NS401C_68782_68738
NS401C;Eco-friendly unisex hooded sweatshirt;Peacock Blue;S;68782;68738;15/03/2027;240;NS401C_68782_68738
NS401C;Eco-friendly unisex hooded sweatshirt;Peacock Blue;M;68782;68742;21/09/2026;1280;NS401C_68782_68742
NS401C;Eco-friendly unisex hooded sweatshirt;Peacock Blue;M;68782;68742;02/10/2026;420;NS401C_68782_68742
NS401C;Eco-friendly unisex hooded sweatshirt;Peacock Blue;M;68782;68742;12/02/2027;480;NS401C_68782_68742
NS401C;Eco-friendly unisex hooded sweatshirt;Peacock Blue;M;68782;68742;15/03/2027;500;NS401C_68782_68742
NS401C;Eco-friendly unisex hooded sweatshirt;Peacock Blue;L;68782;68744;21/09/2026;1640;NS401C_68782_68744
NS401C;Eco-friendly unisex hooded sweatshirt;Peacock Blue;L;68782;68744;02/10/2026;280;NS401C_68782_68744
NS401C;Eco-friendly unisex hooded sweatshirt;Peacock Blue;L;68782;68744;12/02/2027;660;NS401C_68782_68744
NS401C;Eco-friendly unisex hooded sweatshirt;Peacock Blue;L;68782;68744;15/03/2027;540;NS401C_68782_68744
NS401C;Eco-friendly unisex hooded sweatshirt;Peacock Blue;XL;68782;68747;02/10/2026;220;NS401C_68782_68747
NS401C;Eco-friendly unisex hooded sweatshirt;Peacock Blue;XL;68782;68747;12/02/2027;280;NS401C_68782_68747
NS401C;Eco-friendly unisex hooded sweatshirt;Peacock Blue;XL;68782;68747;15/03/2027;360;NS401C_68782_68747
NS401C;Eco-friendly unisex hooded sweatshirt;Wet Sand;S;68786;68738;21/09/2026;600;NS401C_68786_68738
NS401C;Eco-friendly unisex hooded sweatshirt;Wet Sand;M;68786;68742;21/09/2026;2167;NS401C_68786_68742
NS401C;Eco-friendly unisex hooded sweatshirt;Wet Sand;L;68786;68744;21/09/2026;1640;NS401C_68786_68744
NS401C;Eco-friendly unisex hooded sweatshirt;Wet Sand;XL;68786;68747;21/09/2026;600;NS401C_68786_68747
NS401C;Eco-friendly unisex hooded sweatshirt;Iron Grey;XXS;71127;68732;21/09/2026;60;NS401C_71127_68732
NS401C;Eco-friendly unisex hooded sweatshirt;Iron Grey;XS;71127;68736;21/09/2026;40;NS401C_71127_68736
NS401C;Eco-friendly unisex hooded sweatshirt;Iron Grey;XS;71127;68736;24/11/2026;20;NS401C_71127_68736
NS401C;Eco-friendly unisex hooded sweatshirt;Iron Grey;S;71127;68738;21/09/2026;580;NS401C_71127_68738
NS401C;Eco-friendly unisex hooded sweatshirt;Iron Grey;S;71127;68738;24/11/2026;40;NS401C_71127_68738
NS401C;Eco-friendly unisex hooded sweatshirt;Iron Grey;M;71127;68742;24/11/2026;520;NS401C_71127_68742
NS401C;Eco-friendly unisex hooded sweatshirt;Iron Grey;L;71127;68744;21/09/2026;1040;NS401C_71127_68744
NS401C;Eco-friendly unisex hooded sweatshirt;Iron Grey;L;71127;68744;24/11/2026;400;NS401C_71127_68744
NS401C;Eco-friendly unisex hooded sweatshirt;Iron Grey;XL;71127;68747;21/09/2026;400;NS401C_71127_68747
NS401C;Eco-friendly unisex hooded sweatshirt;Iron Grey;XL;71127;68747;24/11/2026;320;NS401C_71127_68747
NS401C;Eco-friendly unisex hooded sweatshirt;Mineral Grey;S;71128;68738;21/09/2026;846;NS401C_71128_68738
NS401C;Eco-friendly unisex hooded sweatshirt;Mineral Grey;S;71128;68738;02/10/2026;160;NS401C_71128_68738
NS401C;Eco-friendly unisex hooded sweatshirt;Mineral Grey;M;71128;68742;21/09/2026;2024;NS401C_71128_68742
NS401C;Eco-friendly unisex hooded sweatshirt;Mineral Grey;XL;71128;68747;21/09/2026;596;NS401C_71128_68747
NS401C;Eco-friendly unisex hooded sweatshirt;Mineral Grey;XL;71128;68747;02/10/2026;820;NS401C_71128_68747
NS401C;Eco-friendly unisex hooded sweatshirt;Navy Blue;XXS;71130;68732;21/09/2026;300;NS401C_71130_68732
NS401C;Eco-friendly unisex hooded sweatshirt;Navy Blue;XS;71130;68736;21/09/2026;1411;NS401C_71130_68736
NS401C;Eco-friendly unisex hooded sweatshirt;Navy Blue;S;71130;68738;21/09/2026;5337;NS401C_71130_68738
NS401C;Eco-friendly unisex hooded sweatshirt;Navy Blue;M;71130;68742;24/11/2026;200;NS401C_71130_68742
NS401C;Eco-friendly unisex hooded sweatshirt;Navy Blue;M;71130;68742;12/02/2027;720;NS401C_71130_68742
NS401C;Eco-friendly unisex hooded sweatshirt;Navy Blue;L;71130;68744;21/09/2026;7980;NS401C_71130_68744
NS401C;Eco-friendly unisex hooded sweatshirt;Navy Blue;L;71130;68744;24/11/2026;860;NS401C_71130_68744
NS401C;Eco-friendly unisex hooded sweatshirt;Navy Blue;L;71130;68744;12/02/2027;860;NS401C_71130_68744
NS401C;Eco-friendly unisex hooded sweatshirt;Navy Blue;XL;71130;68747;21/09/2026;3560;NS401C_71130_68747
NS401C;Eco-friendly unisex hooded sweatshirt;Navy Blue;XL;71130;68747;24/11/2026;1660;NS401C_71130_68747
NS401C;Eco-friendly unisex hooded sweatshirt;Navy Blue;XL;71130;68747;12/02/2027;420;NS401C_71130_68747
NS401C;Eco-friendly unisex hooded sweatshirt;Blue Sapphire;S;78065;68738;21/09/2026;60;NS401C_78065_68738
NS401C;Eco-friendly unisex hooded sweatshirt;Blue Sapphire;M;78065;68742;21/09/2026;300;NS401C_78065_68742
NS401C;Eco-friendly unisex hooded sweatshirt;Blue Sapphire;L;78065;68744;21/09/2026;200;NS401C_78065_68744
NS401C;Eco-friendly unisex hooded sweatshirt;Blue Sapphire;XL;78065;68747;21/09/2026;200;NS401C_78065_68747
NS401C;Eco-friendly unisex hooded sweatshirt;Gemstone Green;XXS;78066;68732;21/09/2026;40;NS401C_78066_68732
NS401C;Eco-friendly unisex hooded sweatshirt;Gemstone Green;S;78066;68738;21/09/2026;360;NS401C_78066_68738
NS401C;Eco-friendly unisex hooded sweatshirt;Gemstone Green;M;78066;68742;21/09/2026;440;NS401C_78066_68742
NS401C;Eco-friendly unisex hooded sweatshirt;Gemstone Green;L;78066;68744;21/09/2026;320;NS401C_78066_68744
NS401C;Eco-friendly unisex hooded sweatshirt;Jade Green;XXS;80029;68732;21/09/2026;40;NS401C_80029_68732
NS401C;Eco-friendly unisex hooded sweatshirt;Jade Green;XS;80029;68736;21/09/2026;300;NS401C_80029_68736
NS401C;Eco-friendly unisex hooded sweatshirt;Jade Green;XS;80029;68736;24/11/2026;120;NS401C_80029_68736
NS401C;Eco-friendly unisex hooded sweatshirt;Jade Green;S;80029;68738;21/09/2026;900;NS401C_80029_68738
NS401C;Eco-friendly unisex hooded sweatshirt;Jade Green;S;80029;68738;24/11/2026;360;NS401C_80029_68738
NS401C;Eco-friendly unisex hooded sweatshirt;Jade Green;M;80029;68742;21/09/2026;2366;NS401C_80029_68742
NS401C;Eco-friendly unisex hooded sweatshirt;Jade Green;M;80029;68742;24/11/2026;600;NS401C_80029_68742
NS401C;Eco-friendly unisex hooded sweatshirt;Jade Green;L;80029;68744;21/09/2026;2280;NS401C_80029_68744
NS401C;Eco-friendly unisex hooded sweatshirt;Jade Green;L;80029;68744;24/11/2026;300;NS401C_80029_68744
NS401C;Eco-friendly unisex hooded sweatshirt;Jade Green;XL;80029;68747;21/09/2026;1051;NS401C_80029_68747
NS401C;Eco-friendly unisex hooded sweatshirt;Jade Green;XL;80029;68747;24/11/2026;100;NS401C_80029_68747
NS401C;Eco-friendly unisex hooded sweatshirt;Adriatic Blue;XS;80040;68736;21/09/2026;40;NS401C_80040_68736
NS401C;Eco-friendly unisex hooded sweatshirt;Adriatic Blue;S;80040;68738;21/09/2026;660;NS401C_80040_68738
NS401C;Eco-friendly unisex hooded sweatshirt;Adriatic Blue;L;80040;68744;21/09/2026;1300;NS401C_80040_68744
NS401C;Eco-friendly unisex hooded sweatshirt;Curcuma;S;80043;68738;21/09/2026;180;NS401C_80043_68738
NS401C;Eco-friendly unisex hooded sweatshirt;Curcuma;M;80043;68742;21/09/2026;577;NS401C_80043_68742
NS401C;Eco-friendly unisex hooded sweatshirt;Curcuma;L;80043;68744;21/09/2026;560;NS401C_80043_68744
NS401C;Eco-friendly unisex hooded sweatshirt;Lemon Citrus;S;80044;68738;21/09/2026;320;NS401C_80044_68738
NS401C;Eco-friendly unisex hooded sweatshirt;Lemon Citrus;M;80044;68742;21/09/2026;1140;NS401C_80044_68742
NS401C;Eco-friendly unisex hooded sweatshirt;Lemon Citrus;L;80044;68744;21/09/2026;1293;NS401C_80044_68744
NS401C;Eco-friendly unisex hooded sweatshirt;Lemon Citrus;XL;80044;68747;21/09/2026;720;NS401C_80044_68747
NS401C;Eco-friendly unisex hooded sweatshirt;Light Turquoise;S;80047;68738;21/09/2026;340;NS401C_80047_68738
NS401C;Eco-friendly unisex hooded sweatshirt;Light Turquoise;M;80047;68742;21/09/2026;694;NS401C_80047_68742
NS401C;Eco-friendly unisex hooded sweatshirt;Light Turquoise;L;80047;68744;21/09/2026;805;NS401C_80047_68744
NS401C;Eco-friendly unisex hooded sweatshirt;Light Turquoise;XL;80047;68747;21/09/2026;600;NS401C_80047_68747
NS401C;Eco-friendly unisex hooded sweatshirt;Peacock Green;XS;80048;68736;21/09/2026;180;NS401C_80048_68736
NS401C;Eco-friendly unisex hooded sweatshirt;Peacock Green;S;80048;68738;21/09/2026;600;NS401C_80048_68738
NS401C;Eco-friendly unisex hooded sweatshirt;Peacock Green;M;80048;68742;21/09/2026;2070;NS401C_80048_68742
NS401C;Eco-friendly unisex hooded sweatshirt;Peacock Green;L;80048;68744;21/09/2026;1980;NS401C_80048_68744
NS401C;Eco-friendly unisex hooded sweatshirt;Peacock Green;XL;80048;68747;21/09/2026;640;NS401C_80048_68747
NS401C;Eco-friendly unisex hooded sweatshirt;Poppy Red;XS;80050;68736;21/09/2026;100;NS401C_80050_68736
NS401C;Eco-friendly unisex hooded sweatshirt;Poppy Red;S;80050;68738;21/09/2026;140;NS401C_80050_68738
NS401C;Eco-friendly unisex hooded sweatshirt;Poppy Red;S;80050;68738;12/02/2027;100;NS401C_80050_68738
NS401C;Eco-friendly unisex hooded sweatshirt;Poppy Red;M;80050;68742;21/09/2026;580;NS401C_80050_68742
NS401C;Eco-friendly unisex hooded sweatshirt;Poppy Red;M;80050;68742;12/02/2027;240;NS401C_80050_68742
NS401C;Eco-friendly unisex hooded sweatshirt;Poppy Red;L;80050;68744;21/09/2026;600;NS401C_80050_68744
NS401C;Eco-friendly unisex hooded sweatshirt;Poppy Red;L;80050;68744;12/02/2027;440;NS401C_80050_68744
NS401C;Eco-friendly unisex hooded sweatshirt;Poppy Red;XL;80050;68747;21/09/2026;300;NS401C_80050_68747
NS401C;Eco-friendly unisex hooded sweatshirt;Poppy Red;XL;80050;68747;12/02/2027;360;NS401C_80050_68747
NS401C;Eco-friendly unisex hooded sweatshirt;Raw Natural;XXS;80053;68732;15/03/2027;20;NS401C_80053_68732
NS401C;Eco-friendly unisex hooded sweatshirt;Raw Natural;XS;80053;68736;21/09/2026;40;NS401C_80053_68736
NS401C;Eco-friendly unisex hooded sweatshirt;Raw Natural;XS;80053;68736;15/03/2027;340;NS401C_80053_68736
NS401C;Eco-friendly unisex hooded sweatshirt;Raw Natural;S;80053;68738;15/03/2027;400;NS401C_80053_68738
NS401C;Eco-friendly unisex hooded sweatshirt;Raw Natural;M;80053;68742;21/09/2026;3380;NS401C_80053_68742
NS401C;Eco-friendly unisex hooded sweatshirt;Raw Natural;M;80053;68742;15/03/2027;180;NS401C_80053_68742
NS401C;Eco-friendly unisex hooded sweatshirt;Raw Natural;L;80053;68744;21/09/2026;3660;NS401C_80053_68744
NS401C;Eco-friendly unisex hooded sweatshirt;Raw Natural;XL;80053;68747;21/09/2026;860;NS401C_80053_68747
NS401C;Eco-friendly unisex hooded sweatshirt;Sienna;M;80054;68742;21/09/2026;320;NS401C_80054_68742
NS401C;Eco-friendly unisex hooded sweatshirt;Sienna;L;80054;68744;21/09/2026;320;NS401C_80054_68744
NS401C;Eco-friendly unisex hooded sweatshirt;Antique Rose;XS;84773;68736;21/09/2026;100;NS401C_84773_68736
NS401C;Eco-friendly unisex hooded sweatshirt;Antique Rose;S;84773;68738;21/09/2026;940;NS401C_84773_68738
NS401C;Eco-friendly unisex hooded sweatshirt;Antique Rose;M;84773;68742;21/09/2026;1448;NS401C_84773_68742
NS401C;Eco-friendly unisex hooded sweatshirt;Antique Rose;XL;84773;68747;21/09/2026;480;NS401C_84773_68747
NS401C;Eco-friendly unisex hooded sweatshirt;Celadon Green;XS;88615;68736;21/09/2026;320;NS401C_88615_68736
NS401C;Eco-friendly unisex hooded sweatshirt;Celadon Green;S;88615;68738;21/09/2026;640;NS401C_88615_68738
NS401C;Eco-friendly unisex hooded sweatshirt;Celadon Green;M;88615;68742;21/09/2026;640;NS401C_88615_68742
NS401C;Eco-friendly unisex hooded sweatshirt;Celadon Green;XL;88615;68747;21/09/2026;320;NS401C_88615_68747
NS401C;Eco-friendly unisex hooded sweatshirt;Cherry Purple;S;88617;68738;21/09/2026;320;NS401C_88617_68738
NS401C;Eco-friendly unisex hooded sweatshirt;Cherry Purple;M;88617;68742;21/09/2026;320;NS401C_88617_68742
NS401C;Eco-friendly unisex hooded sweatshirt;Cherry Purple;L;88617;68744;21/09/2026;320;NS401C_88617_68744
NS401C;Eco-friendly unisex hooded sweatshirt;Cherry Purple;XL;88617;68747;21/09/2026;320;NS401C_88617_68747
NS401C;Eco-friendly unisex hooded sweatshirt;Dark camel;M;88619;68742;21/09/2026;1119;NS401C_88619_68742
NS401C;Eco-friendly unisex hooded sweatshirt;Dark camel;L;88619;68744;21/09/2026;960;NS401C_88619_68744
NS401C;Eco-friendly unisex hooded sweatshirt;Dark camel;XL;88619;68747;21/09/2026;640;NS401C_88619_68747
NS401C;Eco-friendly unisex hooded sweatshirt;Forest Green;XXS;88620;68732;21/09/2026;100;NS401C_88620_68732
NS401C;Eco-friendly unisex hooded sweatshirt;Forest Green;XS;88620;68736;21/09/2026;320;NS401C_88620_68736
NS401C;Eco-friendly unisex hooded sweatshirt;Forest Green;S;88620;68738;21/09/2026;420;NS401C_88620_68738
NS401C;Eco-friendly unisex hooded sweatshirt;Forest Green;M;88620;68742;21/09/2026;840;NS401C_88620_68742
NS401C;Eco-friendly unisex hooded sweatshirt;Forest Green;L;88620;68744;21/09/2026;820;NS401C_88620_68744
NS401C;Eco-friendly unisex hooded sweatshirt;Forest Green;XL;88620;68747;21/09/2026;340;NS401C_88620_68747
NS401C;Eco-friendly unisex hooded sweatshirt;Paprika;M;88622;68742;21/09/2026;320;NS401C_88622_68742
NS401C;Eco-friendly unisex hooded sweatshirt;Petal Rose;M;88625;68742;21/09/2026;816;NS401C_88625_68742
NS401C;Eco-friendly unisex hooded sweatshirt;Sea Blue;S;88626;68738;21/09/2026;300;NS401C_88626_68738
NS401C;Eco-friendly unisex hooded sweatshirt;Sea Blue;M;88626;68742;21/09/2026;1240;NS401C_88626_68742
NS401C;Eco-friendly unisex hooded sweatshirt;Sea Blue;L;88626;68744;21/09/2026;1120;NS401C_88626_68744
NS401C;Eco-friendly unisex hooded sweatshirt;Sea Blue;XL;88626;68747;21/09/2026;620;NS401C_88626_68747
NS401C;Eco-friendly unisex hooded sweatshirt;Sun Yellow;XS;94195;68736;21/09/2026;480;NS401C_94195_68736
NS401C;Eco-friendly unisex hooded sweatshirt;Sun Yellow;M;94195;68742;21/09/2026;2291;NS401C_94195_68742
NS401C;Eco-friendly unisex hooded sweatshirt;Sun Yellow;L;94195;68744;21/09/2026;1260;NS401C_94195_68744
NS401C;Eco-friendly unisex hooded sweatshirt;Sun Yellow;XL;94195;68747;21/09/2026;1300;NS401C_94195_68747
NS401CX;Eco-friendly unisex hooded sweatshirt;Almond Green;XXL;68760;68752;21/09/2026;360;NS401CX_68760_68752
NS401CX;Eco-friendly unisex hooded sweatshirt;Almond Green;3XL;68760;68753;21/09/2026;60;NS401CX_68760_68753
NS401CX;Eco-friendly unisex hooded sweatshirt;Aquamarine;XXL;68764;68752;21/09/2026;260;NS401CX_68764_68752
NS401CX;Eco-friendly unisex hooded sweatshirt;Aquamarine;3XL;68764;68753;21/09/2026;100;NS401CX_68764_68753
NS401CX;Eco-friendly unisex hooded sweatshirt;Black;XXL;68765;68752;12/02/2027;960;NS401CX_68765_68752
NS401CX;Eco-friendly unisex hooded sweatshirt;Black;3XL;68765;68753;12/02/2027;160;NS401CX_68765_68753
NS401CX;Eco-friendly unisex hooded sweatshirt;Black;4XL;68765;68758;21/09/2026;1100;NS401CX_68765_68758
NS401CX;Eco-friendly unisex hooded sweatshirt;Dark Cherry;XXL;68769;68752;24/11/2026;200;NS401CX_68769_68752
NS401CX;Eco-friendly unisex hooded sweatshirt;Dark Cherry;3XL;68769;68753;24/11/2026;80;NS401CX_68769_68753
NS401CX;Eco-friendly unisex hooded sweatshirt;Hibiscus Red;XXL;68772;68752;21/09/2026;198;NS401CX_68772_68752
NS401CX;Eco-friendly unisex hooded sweatshirt;Organic Khaki;XXL;68780;68752;21/09/2026;200;NS401CX_68780_68752
NS401CX;Eco-friendly unisex hooded sweatshirt;Organic Khaki;3XL;68780;68753;21/09/2026;180;NS401CX_68780_68753
NS401CX;Eco-friendly unisex hooded sweatshirt;Organic Khaki;4XL;68780;68758;21/09/2026;40;NS401CX_68780_68758
NS401CX;Eco-friendly unisex hooded sweatshirt;Peacock Blue;XXL;68781;68752;02/10/2026;120;NS401CX_68781_68752
NS401CX;Eco-friendly unisex hooded sweatshirt;Peacock Blue;XXL;68781;68752;12/02/2027;220;NS401CX_68781_68752
NS401CX;Eco-friendly unisex hooded sweatshirt;Peacock Blue;XXL;68781;68752;15/03/2027;80;NS401CX_68781_68752
NS401CX;Eco-friendly unisex hooded sweatshirt;Peacock Blue;3XL;68781;68753;21/09/2026;80;NS401CX_68781_68753
NS401CX;Eco-friendly unisex hooded sweatshirt;Peacock Blue;3XL;68781;68753;02/10/2026;80;NS401CX_68781_68753
NS401CX;Eco-friendly unisex hooded sweatshirt;Peacock Blue;3XL;68781;68753;12/02/2027;100;NS401CX_68781_68753
NS401CX;Eco-friendly unisex hooded sweatshirt;Peacock Blue;3XL;68781;68753;15/03/2027;40;NS401CX_68781_68753
NS401CX;Eco-friendly unisex hooded sweatshirt;Peacock Blue;4XL;68781;68758;02/10/2026;60;NS401CX_68781_68758
NS401CX;Eco-friendly unisex hooded sweatshirt;Peacock Blue;4XL;68781;68758;12/02/2027;20;NS401CX_68781_68758
NS401CX;Eco-friendly unisex hooded sweatshirt;Wet Sand;4XL;68785;68758;21/09/2026;260;NS401CX_68785_68758
NS401CX;Eco-friendly unisex hooded sweatshirt;Iron Grey;XXL;71126;68752;21/09/2026;100;NS401CX_71126_68752
NS401CX;Eco-friendly unisex hooded sweatshirt;Iron Grey;XXL;71126;68752;24/11/2026;100;NS401CX_71126_68752
NS401CX;Eco-friendly unisex hooded sweatshirt;Iron Grey;3XL;71126;68753;21/09/2026;60;NS401CX_71126_68753
NS401CX;Eco-friendly unisex hooded sweatshirt;Iron Grey;3XL;71126;68753;24/11/2026;100;NS401CX_71126_68753
NS401CX;Eco-friendly unisex hooded sweatshirt;Iron Grey;4XL;71126;68758;21/09/2026;40;NS401CX_71126_68758
NS401CX;Eco-friendly unisex hooded sweatshirt;Mineral Grey;XXL;71129;68752;21/09/2026;180;NS401CX_71129_68752
NS401CX;Eco-friendly unisex hooded sweatshirt;Mineral Grey;XXL;71129;68752;02/10/2026;520;NS401CX_71129_68752
NS401CX;Eco-friendly unisex hooded sweatshirt;Navy Blue;XXL;71131;68752;21/09/2026;1957;NS401CX_71131_68752
NS401CX;Eco-friendly unisex hooded sweatshirt;Navy Blue;XXL;71131;68752;24/11/2026;760;NS401CX_71131_68752
NS401CX;Eco-friendly unisex hooded sweatshirt;Navy Blue;XXL;71131;68752;12/02/2027;240;NS401CX_71131_68752
NS401CX;Eco-friendly unisex hooded sweatshirt;Navy Blue;3XL;71131;68753;21/09/2026;560;NS401CX_71131_68753
NS401CX;Eco-friendly unisex hooded sweatshirt;Navy Blue;3XL;71131;68753;24/11/2026;120;NS401CX_71131_68753
NS401CX;Eco-friendly unisex hooded sweatshirt;Navy Blue;3XL;71131;68753;12/02/2027;180;NS401CX_71131_68753
NS401CX;Eco-friendly unisex hooded sweatshirt;Navy Blue;4XL;71131;68758;21/09/2026;240;NS401CX_71131_68758
NS401CX;Eco-friendly unisex hooded sweatshirt;Blue Sapphire;3XL;78064;68753;21/09/2026;100;NS401CX_78064_68753
NS401CX;Eco-friendly unisex hooded sweatshirt;Gemstone Green;XXL;78067;68752;21/09/2026;80;NS401CX_78067_68752
NS401CX;Eco-friendly unisex hooded sweatshirt;Gemstone Green;3XL;78067;68753;21/09/2026;100;NS401CX_78067_68753
NS401CX;Eco-friendly unisex hooded sweatshirt;Gemstone Green;4XL;78067;68758;21/09/2026;40;NS401CX_78067_68758
NS401CX;Eco-friendly unisex hooded sweatshirt;Jade Green;XXL;80035;68752;21/09/2026;380;NS401CX_80035_68752
NS401CX;Eco-friendly unisex hooded sweatshirt;Jade Green;XXL;80035;68752;24/11/2026;20;NS401CX_80035_68752
NS401CX;Eco-friendly unisex hooded sweatshirt;Jade Green;3XL;80035;68753;21/09/2026;200;NS401CX_80035_68753
NS401CX;Eco-friendly unisex hooded sweatshirt;Jade Green;4XL;80035;68758;21/09/2026;20;NS401CX_80035_68758
NS401CX;Eco-friendly unisex hooded sweatshirt;Adriatic Blue;XXL;80041;68752;21/09/2026;240;NS401CX_80041_68752
NS401CX;Eco-friendly unisex hooded sweatshirt;Lemon Citrus;XXL;80045;68752;21/09/2026;220;NS401CX_80045_68752
NS401CX;Eco-friendly unisex hooded sweatshirt;Lemon Citrus;3XL;80045;68753;21/09/2026;80;NS401CX_80045_68753
NS401CX;Eco-friendly unisex hooded sweatshirt;Lemon Citrus;4XL;80045;68758;21/09/2026;100;NS401CX_80045_68758
NS401CX;Eco-friendly unisex hooded sweatshirt;Light Turquoise;4XL;80046;68758;21/09/2026;100;NS401CX_80046_68758
NS401CX;Eco-friendly unisex hooded sweatshirt;Peacock Green;XXL;80049;68752;21/09/2026;280;NS401CX_80049_68752
NS401CX;Eco-friendly unisex hooded sweatshirt;Peacock Green;3XL;80049;68753;21/09/2026;40;NS401CX_80049_68753
NS401CX;Eco-friendly unisex hooded sweatshirt;Poppy Red;XXL;80051;68752;21/09/2026;120;NS401CX_80051_68752
NS401CX;Eco-friendly unisex hooded sweatshirt;Poppy Red;XXL;80051;68752;12/02/2027;200;NS401CX_80051_68752
NS401CX;Eco-friendly unisex hooded sweatshirt;Poppy Red;3XL;80051;68753;21/09/2026;80;NS401CX_80051_68753
NS401CX;Eco-friendly unisex hooded sweatshirt;Raw Natural;3XL;80052;68753;15/03/2027;100;NS401CX_80052_68753
NS401CX;Eco-friendly unisex hooded sweatshirt;Antique Rose;3XL;84772;68753;21/09/2026;60;NS401CX_84772_68753
NS401CX;Eco-friendly unisex hooded sweatshirt;Celadon Green;XXL;88614;68752;21/09/2026;300;NS401CX_88614_68752
NS401CX;Eco-friendly unisex hooded sweatshirt;Forest Green;XXL;88621;68752;21/09/2026;200;NS401CX_88621_68752
NS401CX;Eco-friendly unisex hooded sweatshirt;Forest Green;3XL;88621;68753;21/09/2026;60;NS401CX_88621_68753
NS401CX;Eco-friendly unisex hooded sweatshirt;Sea Blue;XXL;88627;68752;21/09/2026;140;NS401CX_88627_68752
NS401CX;Eco-friendly unisex hooded sweatshirt;Sea Blue;3XL;88627;68753;21/09/2026;20;NS401CX_88627_68753
NS401CX;Eco-friendly unisex hooded sweatshirt;Sun Yellow;XXL;94196;68752;21/09/2026;1349;NS401CX_94196_68752
NS401CX;Eco-friendly unisex hooded sweatshirt;Sun Yellow;4XL;94196;68758;21/09/2026;140;NS401CX_94196_68758
NS401X;Eco-friendly unisex hooded sweatshirt;Ivory;XXL;68773;68751;21/09/2026;3460;NS401X_68773_68751
NS401X;Eco-friendly unisex hooded sweatshirt;Ivory;4XL;68773;68757;21/09/2026;440;NS401X_68773_68757
NS401X;Eco-friendly unisex hooded sweatshirt;White;XXL;88628;68751;21/09/2026;400;NS401X_88628_68751
NS402;Eco-friendly unisex full zip hooded sweatshirt;Black;XXS;74850;74841;15/03/2027;80;NS402_74850_74841
NS402;Eco-friendly unisex full zip hooded sweatshirt;Black;XS;74850;74842;24/11/2026;200;NS402_74850_74842
NS402;Eco-friendly unisex full zip hooded sweatshirt;Black;XS;74850;74842;12/02/2027;80;NS402_74850_74842
NS402;Eco-friendly unisex full zip hooded sweatshirt;Black;XS;74850;74842;15/03/2027;160;NS402_74850_74842
NS402;Eco-friendly unisex full zip hooded sweatshirt;Black;S;74850;74843;21/09/2026;145;NS402_74850_74843
NS402;Eco-friendly unisex full zip hooded sweatshirt;Black;S;74850;74843;24/11/2026;1760;NS402_74850_74843
NS402;Eco-friendly unisex full zip hooded sweatshirt;Black;S;74850;74843;15/03/2027;780;NS402_74850_74843
NS402;Eco-friendly unisex full zip hooded sweatshirt;Black;M;74850;74844;24/11/2026;2580;NS402_74850_74844
NS402;Eco-friendly unisex full zip hooded sweatshirt;Black;M;74850;74844;12/02/2027;360;NS402_74850_74844
NS402;Eco-friendly unisex full zip hooded sweatshirt;Black;M;74850;74844;15/03/2027;1440;NS402_74850_74844
NS402;Eco-friendly unisex full zip hooded sweatshirt;Black;L;74850;74845;21/09/2026;418;NS402_74850_74845
NS402;Eco-friendly unisex full zip hooded sweatshirt;Black;L;74850;74845;24/11/2026;2800;NS402_74850_74845
NS402;Eco-friendly unisex full zip hooded sweatshirt;Black;L;74850;74845;12/02/2027;460;NS402_74850_74845
NS402;Eco-friendly unisex full zip hooded sweatshirt;Black;L;74850;74845;15/03/2027;1400;NS402_74850_74845
NS402;Eco-friendly unisex full zip hooded sweatshirt;Black;XL;74850;74846;21/09/2026;511;NS402_74850_74846
NS402;Eco-friendly unisex full zip hooded sweatshirt;Black;XL;74850;74846;24/11/2026;1680;NS402_74850_74846
NS402;Eco-friendly unisex full zip hooded sweatshirt;Black;XL;74850;74846;12/02/2027;400;NS402_74850_74846
NS402;Eco-friendly unisex full zip hooded sweatshirt;Black;XL;74850;74846;15/03/2027;840;NS402_74850_74846
NS402;Eco-friendly unisex full zip hooded sweatshirt;Black;XXL;74850;87196;21/09/2026;500;NS402_74850_87196
NS402;Eco-friendly unisex full zip hooded sweatshirt;Black;XXL;74850;87196;24/11/2026;40;NS402_74850_87196
NS402;Eco-friendly unisex full zip hooded sweatshirt;Black;XXL;74850;87196;12/02/2027;120;NS402_74850_87196
NS402;Eco-friendly unisex full zip hooded sweatshirt;Black;XXL;74850;87196;15/03/2027;360;NS402_74850_87196
NS402;Eco-friendly unisex full zip hooded sweatshirt;Iron Grey;L;74853;74845;21/09/2026;1280;NS402_74853_74845
NS402;Eco-friendly unisex full zip hooded sweatshirt;Navy Blue;XS;74857;74842;21/09/2026;80;NS402_74857_74842
NS402;Eco-friendly unisex full zip hooded sweatshirt;Navy Blue;XS;74857;74842;12/02/2027;240;NS402_74857_74842
NS402;Eco-friendly unisex full zip hooded sweatshirt;Navy Blue;S;74857;74843;21/09/2026;320;NS402_74857_74843
NS402;Eco-friendly unisex full zip hooded sweatshirt;Navy Blue;S;74857;74843;12/02/2027;460;NS402_74857_74843
NS402;Eco-friendly unisex full zip hooded sweatshirt;Navy Blue;M;74857;74844;12/02/2027;1200;NS402_74857_74844
NS402;Eco-friendly unisex full zip hooded sweatshirt;Navy Blue;L;74857;74845;12/02/2027;1260;NS402_74857_74845
NS402;Eco-friendly unisex full zip hooded sweatshirt;Navy Blue;XL;74857;74846;12/02/2027;700;NS402_74857_74846
NS402;Eco-friendly unisex full zip hooded sweatshirt;Navy Blue;XXL;74857;87196;21/09/2026;200;NS402_74857_87196
NS402;Eco-friendly unisex full zip hooded sweatshirt;Navy Blue;XXL;74857;87196;12/02/2027;240;NS402_74857_87196
NS402;Eco-friendly unisex full zip hooded sweatshirt;Ivory;XS;84795;74842;21/09/2026;340;NS402_84795_74842
NS402;Eco-friendly unisex full zip hooded sweatshirt;Ivory;XS;84795;74842;12/02/2027;200;NS402_84795_74842
NS402;Eco-friendly unisex full zip hooded sweatshirt;Ivory;S;84795;74843;21/09/2026;640;NS402_84795_74843
NS402;Eco-friendly unisex full zip hooded sweatshirt;Ivory;S;84795;74843;12/02/2027;660;NS402_84795_74843
NS402;Eco-friendly unisex full zip hooded sweatshirt;Ivory;M;84795;74844;12/02/2027;360;NS402_84795_74844
NS402;Eco-friendly unisex full zip hooded sweatshirt;Ivory;M;84795;74844;15/03/2027;600;NS402_84795_74844
NS402;Eco-friendly unisex full zip hooded sweatshirt;Ivory;L;84795;74845;12/02/2027;160;NS402_84795_74845
NS402;Eco-friendly unisex full zip hooded sweatshirt;Ivory;L;84795;74845;15/03/2027;620;NS402_84795_74845
NS402;Eco-friendly unisex full zip hooded sweatshirt;Ivory;XL;84795;74846;21/09/2026;160;NS402_84795_74846
NS402;Eco-friendly unisex full zip hooded sweatshirt;Ivory;XL;84795;74846;12/02/2027;100;NS402_84795_74846
NS402;Eco-friendly unisex full zip hooded sweatshirt;Ivory;XL;84795;74846;15/03/2027;280;NS402_84795_74846
NS402;Eco-friendly unisex full zip hooded sweatshirt;Ivory;XXL;84795;87196;21/09/2026;140;NS402_84795_87196
NS402;Eco-friendly unisex full zip hooded sweatshirt;Ivory;XXL;84795;87196;15/03/2027;80;NS402_84795_87196
NS402;Eco-friendly unisex full zip hooded sweatshirt;Organic Khaki;S;88630;74843;12/02/2027;320;NS402_88630_74843
NS402;Eco-friendly unisex full zip hooded sweatshirt;Organic Khaki;M;88630;74844;12/02/2027;580;NS402_88630_74844
NS402;Eco-friendly unisex full zip hooded sweatshirt;Organic Khaki;L;88630;74845;12/02/2027;740;NS402_88630_74845
NS402;Eco-friendly unisex full zip hooded sweatshirt;Organic Khaki;XL;88630;74846;12/02/2027;480;NS402_88630_74846
NS402;Eco-friendly unisex full zip hooded sweatshirt;Organic Khaki;XXL;88630;87196;12/02/2027;160;NS402_88630_87196
NS402;Eco-friendly unisex full zip hooded sweatshirt;Peacock Green;XXS;88633;74841;12/02/2027;20;NS402_88633_74841
NS402;Eco-friendly unisex full zip hooded sweatshirt;Peacock Green;XS;88633;74842;24/11/2026;120;NS402_88633_74842
NS402;Eco-friendly unisex full zip hooded sweatshirt;Peacock Green;XS;88633;74842;12/02/2027;100;NS402_88633_74842
NS402;Eco-friendly unisex full zip hooded sweatshirt;Peacock Green;S;88633;74843;24/11/2026;360;NS402_88633_74843
NS402;Eco-friendly unisex full zip hooded sweatshirt;Peacock Green;S;88633;74843;12/02/2027;260;NS402_88633_74843
NS402;Eco-friendly unisex full zip hooded sweatshirt;Peacock Green;M;88633;74844;24/11/2026;560;NS402_88633_74844
NS402;Eco-friendly unisex full zip hooded sweatshirt;Peacock Green;M;88633;74844;12/02/2027;380;NS402_88633_74844
NS402;Eco-friendly unisex full zip hooded sweatshirt;Peacock Green;L;88633;74845;24/11/2026;420;NS402_88633_74845
NS402;Eco-friendly unisex full zip hooded sweatshirt;Peacock Green;L;88633;74845;12/02/2027;400;NS402_88633_74845
NS402;Eco-friendly unisex full zip hooded sweatshirt;Peacock Green;XL;88633;74846;24/11/2026;340;NS402_88633_74846
NS402;Eco-friendly unisex full zip hooded sweatshirt;Peacock Green;XL;88633;74846;12/02/2027;200;NS402_88633_74846
NS402;Eco-friendly unisex full zip hooded sweatshirt;Peacock Green;XXL;88633;87196;24/11/2026;200;NS402_88633_87196
NS402;Eco-friendly unisex full zip hooded sweatshirt;Peacock Green;XXL;88633;87196;12/02/2027;140;NS402_88633_87196
NS402;Eco-friendly unisex full zip hooded sweatshirt;Sea Blue;S;88634;74843;21/09/2026;320;NS402_88634_74843
NS402;Eco-friendly unisex full zip hooded sweatshirt;Sea Blue;XL;88634;74846;21/09/2026;320;NS402_88634_74846
NS402A;Eco-friendly unisex full zip hooded sweatshirt;Moon Grey Heather;XXS;84796;84775;15/03/2027;120;NS402A_84796_84775
NS402A;Eco-friendly unisex full zip hooded sweatshirt;Moon Grey Heather;XS;84796;84777;21/09/2026;20;NS402A_84796_84777
NS402A;Eco-friendly unisex full zip hooded sweatshirt;Moon Grey Heather;XS;84796;84777;29/10/2026;140;NS402A_84796_84777
NS402A;Eco-friendly unisex full zip hooded sweatshirt;Moon Grey Heather;XS;84796;84777;15/03/2027;100;NS402A_84796_84777
NS402A;Eco-friendly unisex full zip hooded sweatshirt;Moon Grey Heather;S;84796;84779;29/10/2026;460;NS402A_84796_84779
NS402A;Eco-friendly unisex full zip hooded sweatshirt;Moon Grey Heather;S;84796;84779;15/03/2027;520;NS402A_84796_84779
NS402A;Eco-friendly unisex full zip hooded sweatshirt;Moon Grey Heather;M;84796;84781;29/10/2026;840;NS402A_84796_84781
NS402A;Eco-friendly unisex full zip hooded sweatshirt;Moon Grey Heather;M;84796;84781;15/03/2027;200;NS402A_84796_84781
NS402A;Eco-friendly unisex full zip hooded sweatshirt;Moon Grey Heather;L;84796;84783;21/09/2026;240;NS402A_84796_84783
NS402A;Eco-friendly unisex full zip hooded sweatshirt;Moon Grey Heather;L;84796;84783;29/10/2026;900;NS402A_84796_84783
NS402A;Eco-friendly unisex full zip hooded sweatshirt;Moon Grey Heather;L;84796;84783;15/03/2027;40;NS402A_84796_84783
NS402A;Eco-friendly unisex full zip hooded sweatshirt;Moon Grey Heather;XL;84796;84785;29/10/2026;500;NS402A_84796_84785
NS402AX;Eco-friendly unisex full zip hooded sweatshirt;Moon Grey Heather;XXL;84797;84787;29/10/2026;180;NS402AX_84797_84787
NS402X;Eco-friendly unisex full zip hooded sweatshirt;Black;3XL;74851;74848;24/11/2026;205;NS402X_74851_74848
NS402X;Eco-friendly unisex full zip hooded sweatshirt;Black;3XL;74851;74848;12/02/2027;100;NS402X_74851_74848
NS402X;Eco-friendly unisex full zip hooded sweatshirt;Black;3XL;74851;74848;15/03/2027;160;NS402X_74851_74848
NS402X;Eco-friendly unisex full zip hooded sweatshirt;Black;4XL;74851;74849;24/11/2026;140;NS402X_74851_74849
NS402X;Eco-friendly unisex full zip hooded sweatshirt;Navy Blue;3XL;74856;74848;12/02/2027;100;NS402X_74856_74848
NS402X;Eco-friendly unisex full zip hooded sweatshirt;Ivory;3XL;84794;74848;12/02/2027;40;NS402X_84794_74848
NS402X;Eco-friendly unisex full zip hooded sweatshirt;Ivory;3XL;84794;74848;15/03/2027;80;NS402X_84794_74848
NS404;Eco-friendly kids' hooded sweatshirt;Black;10/12 years (10/12 ans);74875;74872;21/09/2026;640;NS404_74875_74872
NS404;Eco-friendly kids' hooded sweatshirt;Black;12/14 years (12/14 ans);74875;74873;21/09/2026;420;NS404_74875_74873
NS404;Eco-friendly kids' hooded sweatshirt;Jade Green;4/6 years (4/6 ans);74877;74869;21/09/2026;220;NS404_74877_74869
NS404;Eco-friendly kids' hooded sweatshirt;Jade Green;6/8 years (6/8 ans);74877;74870;21/09/2026;360;NS404_74877_74870
NS404;Eco-friendly kids' hooded sweatshirt;Jade Green;8/10 years (8/10 ans);74877;74871;21/09/2026;320;NS404_74877_74871
NS404;Eco-friendly kids' hooded sweatshirt;Jade Green;12/14 years (12/14 ans);74877;74873;21/09/2026;360;NS404_74877_74873
NS404;Eco-friendly kids' hooded sweatshirt;Navy Blue;10/12 years (10/12 ans);74879;74872;21/09/2026;400;NS404_74879_74872
NS405;Eco-friendly kids’ full zip hooded sweatshirt;Jade Green;4/6 years (4/6 ans);81299;81292;15/03/2027;200;NS405_81299_81292
NS405;Eco-friendly kids’ full zip hooded sweatshirt;Jade Green;6/8 years (6/8 ans);81299;81293;15/03/2027;240;NS405_81299_81293
NS405;Eco-friendly kids’ full zip hooded sweatshirt;Jade Green;8/10 years (8/10 ans);81299;81294;15/03/2027;200;NS405_81299_81294
NS405;Eco-friendly kids’ full zip hooded sweatshirt;Jade Green;10/12 years (10/12 ans);81299;81295;15/03/2027;320;NS405_81299_81295
NS405;Eco-friendly kids’ full zip hooded sweatshirt;Jade Green;12/14 years (12/14 ans);81299;81296;15/03/2027;600;NS405_81299_81296
NS405A;Eco-friendly kids’ full zip hooded sweatshirt;Moon Grey Heather;10/12 years (10/12 ans);84808;84805;15/03/2027;300;NS405A_84808_84805
NS405A;Eco-friendly kids’ full zip hooded sweatshirt;Moon Grey Heather;12/14 years (12/14 ans);84808;84806;15/03/2027;680;NS405A_84808_84806
NS406;Unisex eco-friendly French Terry short sleeve drop shoulder hooded sweatshirt;Ivory;XL;90044;90040;21/09/2026;180;NS406_90044_90040
NS407;Eco-friendly unisex oversize round neck sweatshirt;Ivory;XS;74901;74883;24/11/2026;320;NS407_74901_74883
NS407;Eco-friendly unisex oversize round neck sweatshirt;Ivory;XS;74901;74883;26/04/2027;400;NS407_74901_74883
NS407;Eco-friendly unisex oversize round neck sweatshirt;Ivory;S;74901;74884;24/11/2026;440;NS407_74901_74884
NS407;Eco-friendly unisex oversize round neck sweatshirt;Ivory;S;74901;74884;26/04/2027;1300;NS407_74901_74884
NS407;Eco-friendly unisex oversize round neck sweatshirt;Ivory;M;74901;74887;24/11/2026;800;NS407_74901_74887
NS407;Eco-friendly unisex oversize round neck sweatshirt;Ivory;M;74901;74887;26/04/2027;1800;NS407_74901_74887
NS407;Eco-friendly unisex oversize round neck sweatshirt;Ivory;L;74901;74888;24/11/2026;1000;NS407_74901_74888
NS407;Eco-friendly unisex oversize round neck sweatshirt;Ivory;L;74901;74888;26/04/2027;1500;NS407_74901_74888
NS407;Eco-friendly unisex oversize round neck sweatshirt;Ivory;XL;74901;74891;24/11/2026;260;NS407_74901_74891
NS407;Eco-friendly unisex oversize round neck sweatshirt;Ivory;XL;74901;74891;26/04/2027;800;NS407_74901_74891
NS407;Eco-friendly unisex oversize round neck sweatshirt;Ivory;XXL;74901;74892;24/11/2026;60;NS407_74901_74892
NS407;Eco-friendly unisex oversize round neck sweatshirt;Ivory;XXL;74901;74892;26/04/2027;200;NS407_74901_74892
NS407C;Eco-friendly unisex oversize round neck sweatshirt;Black;XS;74896;74882;02/10/2026;100;NS407C_74896_74882
NS407C;Eco-friendly unisex oversize round neck sweatshirt;Black;S;74896;74885;21/09/2026;480;NS407C_74896_74885
NS407C;Eco-friendly unisex oversize round neck sweatshirt;Black;S;74896;74885;02/10/2026;200;NS407C_74896_74885
NS407C;Eco-friendly unisex oversize round neck sweatshirt;Black;S;74896;74885;24/11/2026;360;NS407C_74896_74885
NS407C;Eco-friendly unisex oversize round neck sweatshirt;Black;M;74896;74886;21/09/2026;1060;NS407C_74896_74886
NS407C;Eco-friendly unisex oversize round neck sweatshirt;Black;M;74896;74886;02/10/2026;300;NS407C_74896_74886
NS407C;Eco-friendly unisex oversize round neck sweatshirt;Black;M;74896;74886;24/11/2026;1400;NS407C_74896_74886
NS407C;Eco-friendly unisex oversize round neck sweatshirt;Black;L;74896;74889;21/09/2026;400;NS407C_74896_74889
NS407C;Eco-friendly unisex oversize round neck sweatshirt;Black;L;74896;74889;02/10/2026;600;NS407C_74896_74889
NS407C;Eco-friendly unisex oversize round neck sweatshirt;Black;L;74896;74889;24/11/2026;1300;NS407C_74896_74889
NS407C;Eco-friendly unisex oversize round neck sweatshirt;Black;XL;74896;74890;02/10/2026;400;NS407C_74896_74890
NS407C;Eco-friendly unisex oversize round neck sweatshirt;Black;XL;74896;74890;24/11/2026;700;NS407C_74896_74890
NS407C;Eco-friendly unisex oversize round neck sweatshirt;Black;XXL;74896;74893;02/10/2026;200;NS407C_74896_74893
NS407C;Eco-friendly unisex oversize round neck sweatshirt;Black;XXL;74896;74893;24/11/2026;220;NS407C_74896_74893
NS407C;Eco-friendly unisex oversize round neck sweatshirt;Brook Green;M;74897;74886;21/09/2026;460;NS407C_74897_74886
NS407C;Eco-friendly unisex oversize round neck sweatshirt;Brook Green;L;74897;74889;21/09/2026;400;NS407C_74897_74889
NS407C;Eco-friendly unisex oversize round neck sweatshirt;Iron Grey;XXS;74900;74881;21/09/2026;280;NS407C_74900_74881
NS407C;Eco-friendly unisex oversize round neck sweatshirt;Iron Grey;XS;74900;74882;24/11/2026;40;NS407C_74900_74882
NS407C;Eco-friendly unisex oversize round neck sweatshirt;Iron Grey;S;74900;74885;21/09/2026;480;NS407C_74900_74885
NS407C;Eco-friendly unisex oversize round neck sweatshirt;Iron Grey;S;74900;74885;24/11/2026;100;NS407C_74900_74885
NS407C;Eco-friendly unisex oversize round neck sweatshirt;Iron Grey;M;74900;74886;24/11/2026;200;NS407C_74900_74886
NS407C;Eco-friendly unisex oversize round neck sweatshirt;Iron Grey;L;74900;74889;21/09/2026;400;NS407C_74900_74889
NS407C;Eco-friendly unisex oversize round neck sweatshirt;Iron Grey;L;74900;74889;24/11/2026;620;NS407C_74900_74889
NS407C;Eco-friendly unisex oversize round neck sweatshirt;Iron Grey;XL;74900;74890;24/11/2026;240;NS407C_74900_74890
NS407C;Eco-friendly unisex oversize round neck sweatshirt;Iron Grey;XXL;74900;74893;24/11/2026;210;NS407C_74900_74893
NS407C;Eco-friendly unisex oversize round neck sweatshirt;Navy Blue;XS;74902;74882;24/11/2026;100;NS407C_74902_74882
NS407C;Eco-friendly unisex oversize round neck sweatshirt;Navy Blue;S;74902;74885;24/11/2026;320;NS407C_74902_74885
NS407C;Eco-friendly unisex oversize round neck sweatshirt;Navy Blue;M;74902;74886;24/11/2026;160;NS407C_74902_74886
NS407C;Eco-friendly unisex oversize round neck sweatshirt;Navy Blue;L;74902;74889;24/11/2026;620;NS407C_74902_74889
NS407C;Eco-friendly unisex oversize round neck sweatshirt;Navy Blue;XL;74902;74890;24/11/2026;240;NS407C_74902_74890
NS407C;Eco-friendly unisex oversize round neck sweatshirt;Navy Blue;XXL;74902;74893;24/11/2026;60;NS407C_74902_74893
NS407C;Eco-friendly unisex oversize round neck sweatshirt;Organic Khaki;XXS;88646;74881;21/09/2026;80;NS407C_88646_74881
NS407C;Eco-friendly unisex oversize round neck sweatshirt;Organic Khaki;XS;88646;74882;21/09/2026;200;NS407C_88646_74882
NS407C;Eco-friendly unisex oversize round neck sweatshirt;Organic Khaki;S;88646;74885;21/09/2026;562;NS407C_88646_74885
NS407C;Eco-friendly unisex oversize round neck sweatshirt;Organic Khaki;M;88646;74886;21/09/2026;864;NS407C_88646_74886
NS407C;Eco-friendly unisex oversize round neck sweatshirt;Organic Khaki;L;88646;74889;21/09/2026;883;NS407C_88646_74889
NS407C;Eco-friendly unisex oversize round neck sweatshirt;Organic Khaki;XXL;88646;74893;21/09/2026;340;NS407C_88646_74893
NS407C;Eco-friendly unisex oversize round neck sweatshirt;Peacock Green;XS;88647;74882;21/09/2026;200;NS407C_88647_74882
NS407C;Eco-friendly unisex oversize round neck sweatshirt;Peacock Green;L;88647;74889;21/09/2026;800;NS407C_88647_74889
NS407C;Eco-friendly unisex oversize round neck sweatshirt;Peacock Green;XL;88647;74890;21/09/2026;400;NS407C_88647_74890
NS407C;Eco-friendly unisex oversize round neck sweatshirt;Peacock Green;3XL;88647;74894;21/09/2026;80;NS407C_88647_74894
NS407C;Eco-friendly unisex oversize round neck sweatshirt;Toffee;XXS;88649;74881;21/09/2026;100;NS407C_88649_74881
NS407C;Eco-friendly unisex oversize round neck sweatshirt;Toffee;XS;88649;74882;21/09/2026;300;NS407C_88649_74882
NS407C;Eco-friendly unisex oversize round neck sweatshirt;Toffee;S;88649;74885;21/09/2026;180;NS407C_88649_74885
NS407C;Eco-friendly unisex oversize round neck sweatshirt;Toffee;XL;88649;74890;21/09/2026;160;NS407C_88649_74890
NS407C;Eco-friendly unisex oversize round neck sweatshirt;Toffee;XXL;88649;74893;21/09/2026;200;NS407C_88649_74893
NS407C;Eco-friendly unisex oversize round neck sweatshirt;Toffee;3XL;88649;74894;21/09/2026;100;NS407C_88649_74894
NS407C;Eco-friendly unisex oversize round neck sweatshirt;White;S;88650;74885;24/11/2026;100;NS407C_88650_74885
NS407C;Eco-friendly unisex oversize round neck sweatshirt;White;M;88650;74886;24/11/2026;360;NS407C_88650_74886
NS407C;Eco-friendly unisex oversize round neck sweatshirt;White;L;88650;74889;24/11/2026;500;NS407C_88650_74889
NS407C;Eco-friendly unisex oversize round neck sweatshirt;White;XL;88650;74890;24/11/2026;555;NS407C_88650_74890
NS407C;Eco-friendly unisex oversize round neck sweatshirt;White;XXL;88650;74893;24/11/2026;338;NS407C_88650_74893
NS408;Eco-friendly unisex oversize hooded sweatshirt;Ivory;S;74924;74907;21/09/2026;1525;NS408_74924_74907
NS408;Eco-friendly unisex oversize hooded sweatshirt;Ivory;S;74924;74907;06/11/2026;500;NS408_74924_74907
NS408;Eco-friendly unisex oversize hooded sweatshirt;Ivory;M;74924;74910;06/11/2026;820;NS408_74924_74910
NS408;Eco-friendly unisex oversize hooded sweatshirt;Ivory;L;74924;74911;06/11/2026;920;NS408_74924_74911
NS408;Eco-friendly unisex oversize hooded sweatshirt;Ivory;XL;74924;74914;21/09/2026;1271;NS408_74924_74914
NS408;Eco-friendly unisex oversize hooded sweatshirt;Ivory;XXL;74924;74915;21/09/2026;440;NS408_74924_74915
NS408C;Eco-friendly unisex oversize hooded sweatshirt;Black;XS;74919;74905;21/09/2026;418;NS408C_74919_74905
NS408C;Eco-friendly unisex oversize hooded sweatshirt;Black;XS;74919;74905;26/04/2027;260;NS408C_74919_74905
NS408C;Eco-friendly unisex oversize hooded sweatshirt;Black;S;74919;74908;21/09/2026;925;NS408C_74919_74908
NS408C;Eco-friendly unisex oversize hooded sweatshirt;Black;S;74919;74908;02/10/2026;300;NS408C_74919_74908
NS408C;Eco-friendly unisex oversize hooded sweatshirt;Black;S;74919;74908;06/11/2026;1000;NS408C_74919_74908
NS408C;Eco-friendly unisex oversize hooded sweatshirt;Black;S;74919;74908;26/04/2027;240;NS408C_74919_74908
NS408C;Eco-friendly unisex oversize hooded sweatshirt;Black;M;74919;74909;21/09/2026;2026;NS408C_74919_74909
NS408C;Eco-friendly unisex oversize hooded sweatshirt;Black;M;74919;74909;02/10/2026;400;NS408C_74919_74909
NS408C;Eco-friendly unisex oversize hooded sweatshirt;Black;M;74919;74909;06/11/2026;1880;NS408C_74919_74909
NS408C;Eco-friendly unisex oversize hooded sweatshirt;Black;M;74919;74909;26/04/2027;500;NS408C_74919_74909
NS408C;Eco-friendly unisex oversize hooded sweatshirt;Black;L;74919;74912;21/09/2026;1637;NS408C_74919_74912
NS408C;Eco-friendly unisex oversize hooded sweatshirt;Black;L;74919;74912;02/10/2026;1000;NS408C_74919_74912
NS408C;Eco-friendly unisex oversize hooded sweatshirt;Black;L;74919;74912;06/11/2026;1700;NS408C_74919_74912
NS408C;Eco-friendly unisex oversize hooded sweatshirt;Black;L;74919;74912;26/04/2027;600;NS408C_74919_74912
NS408C;Eco-friendly unisex oversize hooded sweatshirt;Black;XL;74919;74913;21/09/2026;1131;NS408C_74919_74913
NS408C;Eco-friendly unisex oversize hooded sweatshirt;Black;XL;74919;74913;02/10/2026;200;NS408C_74919_74913
NS408C;Eco-friendly unisex oversize hooded sweatshirt;Black;XL;74919;74913;06/11/2026;1200;NS408C_74919_74913
NS408C;Eco-friendly unisex oversize hooded sweatshirt;Black;XL;74919;74913;26/04/2027;260;NS408C_74919_74913
NS408C;Eco-friendly unisex oversize hooded sweatshirt;Black;XXL;74919;74916;21/09/2026;639;NS408C_74919_74916
NS408C;Eco-friendly unisex oversize hooded sweatshirt;Black;XXL;74919;74916;02/10/2026;100;NS408C_74919_74916
NS408C;Eco-friendly unisex oversize hooded sweatshirt;Black;XXL;74919;74916;06/11/2026;200;NS408C_74919_74916
NS408C;Eco-friendly unisex oversize hooded sweatshirt;Brook Green;XS;74920;74905;21/09/2026;340;NS408C_74920_74905
NS408C;Eco-friendly unisex oversize hooded sweatshirt;Brook Green;M;74920;74909;21/09/2026;960;NS408C_74920_74909
NS408C;Eco-friendly unisex oversize hooded sweatshirt;Brook Green;L;74920;74912;21/09/2026;960;NS408C_74920_74912
NS408C;Eco-friendly unisex oversize hooded sweatshirt;Brook Green;XL;74920;74913;21/09/2026;500;NS408C_74920_74913
NS408C;Eco-friendly unisex oversize hooded sweatshirt;Brook Green;XXL;74920;74916;21/09/2026;220;NS408C_74920_74916
NS408C;Eco-friendly unisex oversize hooded sweatshirt;Brook Green;3XL;74920;74917;21/09/2026;60;NS408C_74920_74917
NS408C;Eco-friendly unisex oversize hooded sweatshirt;Burnt Brick;XS;74921;74905;21/09/2026;100;NS408C_74921_74905
NS408C;Eco-friendly unisex oversize hooded sweatshirt;Burnt Brick;S;74921;74908;21/09/2026;200;NS408C_74921_74908
NS408C;Eco-friendly unisex oversize hooded sweatshirt;Burnt Brick;M;74921;74909;21/09/2026;560;NS408C_74921_74909
NS408C;Eco-friendly unisex oversize hooded sweatshirt;Burnt Brick;L;74921;74912;21/09/2026;440;NS408C_74921_74912
NS408C;Eco-friendly unisex oversize hooded sweatshirt;Burnt Brick;XL;74921;74913;21/09/2026;360;NS408C_74921_74913
NS408C;Eco-friendly unisex oversize hooded sweatshirt;Iron Grey;S;74923;74908;21/09/2026;400;NS408C_74923_74908
NS408C;Eco-friendly unisex oversize hooded sweatshirt;Iron Grey;M;74923;74909;21/09/2026;940;NS408C_74923_74909
NS408C;Eco-friendly unisex oversize hooded sweatshirt;Iron Grey;L;74923;74912;21/09/2026;1000;NS408C_74923_74912
NS408C;Eco-friendly unisex oversize hooded sweatshirt;Iron Grey;XL;74923;74913;21/09/2026;920;NS408C_74923_74913
NS408C;Eco-friendly unisex oversize hooded sweatshirt;Iron Grey;XXL;74923;74916;21/09/2026;20;NS408C_74923_74916
NS408C;Eco-friendly unisex oversize hooded sweatshirt;Navy Blue;XS;74925;74905;06/11/2026;80;NS408C_74925_74905
NS408C;Eco-friendly unisex oversize hooded sweatshirt;Navy Blue;S;74925;74908;21/09/2026;674;NS408C_74925_74908
NS408C;Eco-friendly unisex oversize hooded sweatshirt;Navy Blue;S;74925;74908;06/11/2026;200;NS408C_74925_74908
NS408C;Eco-friendly unisex oversize hooded sweatshirt;Navy Blue;M;74925;74909;21/09/2026;1100;NS408C_74925_74909
NS408C;Eco-friendly unisex oversize hooded sweatshirt;Navy Blue;M;74925;74909;06/11/2026;600;NS408C_74925_74909
NS408C;Eco-friendly unisex oversize hooded sweatshirt;Navy Blue;L;74925;74912;21/09/2026;1100;NS408C_74925_74912
NS408C;Eco-friendly unisex oversize hooded sweatshirt;Navy Blue;L;74925;74912;06/11/2026;500;NS408C_74925_74912
NS408C;Eco-friendly unisex oversize hooded sweatshirt;Navy Blue;XL;74925;74913;21/09/2026;580;NS408C_74925_74913
NS408C;Eco-friendly unisex oversize hooded sweatshirt;Navy Blue;XL;74925;74913;06/11/2026;140;NS408C_74925_74913
NS408C;Eco-friendly unisex oversize hooded sweatshirt;Navy Blue;XXL;74925;74916;21/09/2026;375;NS408C_74925_74916
NS408C;Eco-friendly unisex oversize hooded sweatshirt;Jade Green;XXS;88653;74904;21/09/2026;80;NS408C_88653_74904
NS408C;Eco-friendly unisex oversize hooded sweatshirt;Jade Green;S;88653;74908;21/09/2026;500;NS408C_88653_74908
NS408C;Eco-friendly unisex oversize hooded sweatshirt;Jade Green;M;88653;74909;21/09/2026;800;NS408C_88653_74909
NS408C;Eco-friendly unisex oversize hooded sweatshirt;Jade Green;XL;88653;74913;21/09/2026;700;NS408C_88653_74913
NS408C;Eco-friendly unisex oversize hooded sweatshirt;Jade Green;XXL;88653;74916;21/09/2026;400;NS408C_88653_74916
NS408C;Eco-friendly unisex oversize hooded sweatshirt;Raw Natural;M;88657;74909;21/09/2026;180;NS408C_88657_74909
NS409;Eco-friendly ladies’ French Terry full zip hooded sweatshirt;Ivory;XS;81312;81301;21/09/2026;120;NS409_81312_81301
NS409;Eco-friendly ladies’ French Terry full zip hooded sweatshirt;Ivory;XS;81312;81301;26/04/2027;60;NS409_81312_81301
NS409;Eco-friendly ladies’ French Terry full zip hooded sweatshirt;Ivory;S;81312;81304;21/09/2026;211;NS409_81312_81304
NS409;Eco-friendly ladies’ French Terry full zip hooded sweatshirt;Ivory;S;81312;81304;26/04/2027;240;NS409_81312_81304
NS409;Eco-friendly ladies’ French Terry full zip hooded sweatshirt;Ivory;M;81312;81305;21/09/2026;108;NS409_81312_81305
NS409;Eco-friendly ladies’ French Terry full zip hooded sweatshirt;Ivory;M;81312;81305;26/04/2027;440;NS409_81312_81305
NS409;Eco-friendly ladies’ French Terry full zip hooded sweatshirt;Ivory;L;81312;81308;21/09/2026;20;NS409_81312_81308
NS409;Eco-friendly ladies’ French Terry full zip hooded sweatshirt;Ivory;L;81312;81308;26/04/2027;320;NS409_81312_81308
NS409;Eco-friendly ladies’ French Terry full zip hooded sweatshirt;Ivory;XL;81312;81309;26/04/2027;80;NS409_81312_81309
NS409C;Eco-friendly ladies’ French Terry full zip hooded sweatshirt;Jade Green;XS;88660;81302;21/09/2026;300;NS409C_88660_81302
NS409C;Eco-friendly ladies’ French Terry full zip hooded sweatshirt;Jade Green;M;88660;81306;21/09/2026;305;NS409C_88660_81306
NS409C;Eco-friendly ladies’ French Terry full zip hooded sweatshirt;Jade Green;L;88660;81307;21/09/2026;173;NS409C_88660_81307
NS409C;Eco-friendly ladies’ French Terry full zip hooded sweatshirt;Organic Khaki;XS;88661;81302;21/09/2026;260;NS409C_88661_81302
NS409C;Eco-friendly ladies’ French Terry full zip hooded sweatshirt;Organic Khaki;S;88661;81303;21/09/2026;60;NS409C_88661_81303
NS409C;Eco-friendly ladies’ French Terry full zip hooded sweatshirt;Organic Khaki;M;88661;81306;21/09/2026;180;NS409C_88661_81306
NS409C;Eco-friendly ladies’ French Terry full zip hooded sweatshirt;Organic Khaki;L;88661;81307;21/09/2026;120;NS409C_88661_81307
NS409C;Eco-friendly ladies’ French Terry full zip hooded sweatshirt;Organic Khaki;XL;88661;81310;21/09/2026;180;NS409C_88661_81310
NS409C;Eco-friendly ladies’ French Terry full zip hooded sweatshirt;Petal Rose;XS;88662;81302;21/09/2026;160;NS409C_88662_81302
NS409C;Eco-friendly ladies’ French Terry full zip hooded sweatshirt;Petal Rose;S;88662;81303;21/09/2026;60;NS409C_88662_81303
NS409C;Eco-friendly ladies’ French Terry full zip hooded sweatshirt;Petal Rose;M;88662;81306;21/09/2026;140;NS409C_88662_81306
NS409C;Eco-friendly ladies’ French Terry full zip hooded sweatshirt;Petal Rose;XL;88662;81310;21/09/2026;160;NS409C_88662_81310
NS413;Eco-friendly ladies’ Terry Towel sweatshirt;Ivory;XS;84130;84124;21/01/2027;100;NS413_84130_84124
NS413;Eco-friendly ladies’ Terry Towel sweatshirt;Ivory;S;84130;84125;21/01/2027;160;NS413_84130_84125
NS413;Eco-friendly ladies’ Terry Towel sweatshirt;Ivory;M;84130;84126;21/01/2027;180;NS413_84130_84126
NS413;Eco-friendly ladies’ Terry Towel sweatshirt;Ivory;L;84130;84127;21/01/2027;60;NS413_84130_84127
NS416;Eco-friendly unisex French Terry hooded sweatshirt;Washed Organic Khaki;L;74967;74958;21/09/2026;260;NS416_74967_74958
NS417;Eco-friendly unisex French Terry full zip hooded sweatshirt;Washed Ivory;L;74979;74973;21/09/2026;316;NS417_74979_74973
NS417;Eco-friendly unisex French Terry full zip hooded sweatshirt;Washed Pomelo;L;74983;74973;21/09/2026;320;NS417_74983_74973
NS422;Eco-friendly ladies' raglan hooded sweatshirt;Ivory;XS;74997;74985;11/12/2026;80;NS422_74997_74985
NS422;Eco-friendly ladies' raglan hooded sweatshirt;Ivory;S;74997;74986;11/12/2026;240;NS422_74997_74986
NS422;Eco-friendly ladies' raglan hooded sweatshirt;Ivory;M;74997;74989;11/12/2026;400;NS422_74997_74989
NS422;Eco-friendly ladies' raglan hooded sweatshirt;Ivory;L;74997;74990;11/12/2026;360;NS422_74997_74990
NS422;Eco-friendly ladies' raglan hooded sweatshirt;Ivory;XL;74997;74993;11/12/2026;200;NS422_74997_74993
NS422;Eco-friendly ladies' raglan hooded sweatshirt;Ivory;XXL;74997;74994;11/12/2026;40;NS422_74997_74994
NS422C;Eco-friendly ladies' raglan hooded sweatshirt;Black;S;74996;74987;21/09/2026;320;NS422C_74996_74987
NS422C;Eco-friendly ladies' raglan hooded sweatshirt;Jade Green;XS;74998;74984;21/09/2026;120;NS422C_74998_74984
NS422C;Eco-friendly ladies' raglan hooded sweatshirt;Jade Green;S;74998;74987;21/09/2026;300;NS422C_74998_74987
NS422C;Eco-friendly ladies' raglan hooded sweatshirt;Jade Green;M;74998;74988;21/09/2026;400;NS422C_74998_74988
NS422C;Eco-friendly ladies' raglan hooded sweatshirt;Jade Green;L;74998;74991;21/09/2026;180;NS422C_74998_74991
NS422C;Eco-friendly ladies' raglan hooded sweatshirt;Jade Green;XXL;74998;74995;21/09/2026;80;NS422C_74998_74995
NS428;Men’s eco-friendly zip high neck sweatshirt;Black;M;90052;90047;21/09/2026;1200;NS428_90052_90047
NS428;Men’s eco-friendly zip high neck sweatshirt;Black;M;90052;90047;24/11/2026;520;NS428_90052_90047
NS428;Men’s eco-friendly zip high neck sweatshirt;Black;M;90052;90047;12/02/2027;560;NS428_90052_90047
NS428;Men’s eco-friendly zip high neck sweatshirt;Black;L;90052;90048;24/11/2026;1000;NS428_90052_90048
NS428;Men’s eco-friendly zip high neck sweatshirt;Black;L;90052;90048;12/02/2027;660;NS428_90052_90048
NS428;Men’s eco-friendly zip high neck sweatshirt;Black;XL;90052;90049;12/02/2027;300;NS428_90052_90049
NS428;Men’s eco-friendly zip high neck sweatshirt;Dark Cherry;M;90053;90047;21/09/2026;960;NS428_90053_90047
NS428;Men’s eco-friendly zip high neck sweatshirt;Dark Cherry;L;90053;90048;21/09/2026;400;NS428_90053_90048
NS428;Men’s eco-friendly zip high neck sweatshirt;Ivory;XS;90054;90045;21/09/2026;200;NS428_90054_90045
NS428;Men’s eco-friendly zip high neck sweatshirt;Ivory;M;90054;90047;21/09/2026;880;NS428_90054_90047
NS428;Men’s eco-friendly zip high neck sweatshirt;Ivory;L;90054;90048;21/09/2026;1300;NS428_90054_90048
NS428;Men’s eco-friendly zip high neck sweatshirt;Ivory;XL;90054;90049;21/09/2026;500;NS428_90054_90049
NS428;Men’s eco-friendly zip high neck sweatshirt;Ivory;XXL;90054;90050;21/09/2026;400;NS428_90054_90050
NS428;Men’s eco-friendly zip high neck sweatshirt;Ivory;3XL;90054;90051;21/09/2026;100;NS428_90054_90051
NS428;Men’s eco-friendly zip high neck sweatshirt;Moss Green;S;90055;90046;21/09/2026;880;NS428_90055_90046
NS428;Men’s eco-friendly zip high neck sweatshirt;Moss Green;M;90055;90047;21/09/2026;1280;NS428_90055_90047
NS428;Men’s eco-friendly zip high neck sweatshirt;Moss Green;L;90055;90048;21/09/2026;1500;NS428_90055_90048
NS428;Men’s eco-friendly zip high neck sweatshirt;Moss Green;XL;90055;90049;21/09/2026;1000;NS428_90055_90049
NS428;Men’s eco-friendly zip high neck sweatshirt;Moss Green;3XL;90055;90051;21/09/2026;100;NS428_90055_90051
NS428;Men’s eco-friendly zip high neck sweatshirt;Navy Blue;XS;90056;90045;06/11/2026;60;NS428_90056_90045
NS428;Men’s eco-friendly zip high neck sweatshirt;Navy Blue;XS;90056;90045;24/11/2026;160;NS428_90056_90045
NS428;Men’s eco-friendly zip high neck sweatshirt;Navy Blue;XS;90056;90045;12/02/2027;160;NS428_90056_90045
NS428;Men’s eco-friendly zip high neck sweatshirt;Navy Blue;S;90056;90046;21/09/2026;420;NS428_90056_90046
NS428;Men’s eco-friendly zip high neck sweatshirt;Navy Blue;S;90056;90046;06/11/2026;260;NS428_90056_90046
NS428;Men’s eco-friendly zip high neck sweatshirt;Navy Blue;S;90056;90046;24/11/2026;400;NS428_90056_90046
NS428;Men’s eco-friendly zip high neck sweatshirt;Navy Blue;S;90056;90046;12/02/2027;400;NS428_90056_90046
NS428;Men’s eco-friendly zip high neck sweatshirt;Navy Blue;M;90056;90047;21/09/2026;320;NS428_90056_90047
NS428;Men’s eco-friendly zip high neck sweatshirt;Navy Blue;M;90056;90047;06/11/2026;1040;NS428_90056_90047
NS428;Men’s eco-friendly zip high neck sweatshirt;Navy Blue;M;90056;90047;24/11/2026;500;NS428_90056_90047
NS428;Men’s eco-friendly zip high neck sweatshirt;Navy Blue;M;90056;90047;12/02/2027;740;NS428_90056_90047
NS428;Men’s eco-friendly zip high neck sweatshirt;Navy Blue;L;90056;90048;21/09/2026;200;NS428_90056_90048
NS428;Men’s eco-friendly zip high neck sweatshirt;Navy Blue;L;90056;90048;06/11/2026;1060;NS428_90056_90048
NS428;Men’s eco-friendly zip high neck sweatshirt;Navy Blue;L;90056;90048;24/11/2026;760;NS428_90056_90048
NS428;Men’s eco-friendly zip high neck sweatshirt;Navy Blue;L;90056;90048;12/02/2027;780;NS428_90056_90048
NS428;Men’s eco-friendly zip high neck sweatshirt;Navy Blue;XL;90056;90049;06/11/2026;540;NS428_90056_90049
NS428;Men’s eco-friendly zip high neck sweatshirt;Navy Blue;XL;90056;90049;24/11/2026;580;NS428_90056_90049
NS428;Men’s eco-friendly zip high neck sweatshirt;Navy Blue;XL;90056;90049;12/02/2027;700;NS428_90056_90049
NS428;Men’s eco-friendly zip high neck sweatshirt;Navy Blue;XXL;90056;90050;06/11/2026;80;NS428_90056_90050
NS428;Men’s eco-friendly zip high neck sweatshirt;Navy Blue;XXL;90056;90050;24/11/2026;380;NS428_90056_90050
NS428;Men’s eco-friendly zip high neck sweatshirt;Navy Blue;XXL;90056;90050;12/02/2027;400;NS428_90056_90050
NS428;Men’s eco-friendly zip high neck sweatshirt;Navy Blue;3XL;90056;90051;12/02/2027;60;NS428_90056_90051
NS429;Eco-friendly ladies’ oversize cropped round neck sweatshirt;Ivory;XS;81331;81324;01/12/2026;360;NS429_81331_81324
NS429;Eco-friendly ladies’ oversize cropped round neck sweatshirt;Ivory;S;81331;81325;01/12/2026;600;NS429_81331_81325
NS429;Eco-friendly ladies’ oversize cropped round neck sweatshirt;Ivory;M;81331;81326;01/12/2026;600;NS429_81331_81326
NS429;Eco-friendly ladies’ oversize cropped round neck sweatshirt;Peacock Green;XS;88664;81324;01/12/2026;60;NS429_88664_81324
NS429;Eco-friendly ladies’ oversize cropped round neck sweatshirt;Peacock Green;S;88664;81325;01/12/2026;440;NS429_88664_81325
NS429;Eco-friendly ladies’ oversize cropped round neck sweatshirt;Peacock Green;M;88664;81326;01/12/2026;400;NS429_88664_81326
NS429;Eco-friendly ladies’ oversize cropped round neck sweatshirt;Peacock Green;L;88664;81327;01/12/2026;200;NS429_88664_81327
NS429;Eco-friendly ladies’ oversize cropped round neck sweatshirt;Peacock Green;XL;88664;81328;01/12/2026;60;NS429_88664_81328
NS429;Eco-friendly ladies’ oversize cropped round neck sweatshirt;Wet Sand;S;88665;81325;01/12/2026;460;NS429_88665_81325
NS429;Eco-friendly ladies’ oversize cropped round neck sweatshirt;Wet Sand;M;88665;81326;01/12/2026;548;NS429_88665_81326
NS429;Eco-friendly ladies’ oversize cropped round neck sweatshirt;Wet Sand;L;88665;81327;01/12/2026;260;NS429_88665_81327
NS429;Eco-friendly ladies’ oversize cropped round neck sweatshirt;Wet Sand;XL;88665;81328;01/12/2026;60;NS429_88665_81328
NS430;Eco-friendly unisex French Terry dropped shoulders round neck sweatshirt;Black;M;85830;85825;21/09/2026;960;NS430_85830_85825
NS430;Eco-friendly unisex French Terry dropped shoulders round neck sweatshirt;Black;L;85830;85826;21/09/2026;900;NS430_85830_85826
NS430;Eco-friendly unisex French Terry dropped shoulders round neck sweatshirt;Black;XL;85830;85827;21/09/2026;480;NS430_85830_85827
NS430;Eco-friendly unisex French Terry dropped shoulders round neck sweatshirt;Black;XXL;85830;85828;21/09/2026;435;NS430_85830_85828
NS430;Eco-friendly unisex French Terry dropped shoulders round neck sweatshirt;Navy Blue;M;85832;85825;21/09/2026;964;NS430_85832_85825
NS431;Eco-friendly unisex French Terry dropped shoulders hooded sweatshirt;Black;XS;85843;85836;21/09/2026;360;NS431_85843_85836
NS431;Eco-friendly unisex French Terry dropped shoulders hooded sweatshirt;Black;S;85843;85837;21/09/2026;315;NS431_85843_85837
NS431;Eco-friendly unisex French Terry dropped shoulders hooded sweatshirt;Black;M;85843;85838;21/09/2026;720;NS431_85843_85838
NS431;Eco-friendly unisex French Terry dropped shoulders hooded sweatshirt;Black;L;85843;85839;21/09/2026;1440;NS431_85843_85839
NS431;Eco-friendly unisex French Terry dropped shoulders hooded sweatshirt;Black;XXL;85843;85841;21/09/2026;720;NS431_85843_85841
NS431;Eco-friendly unisex French Terry dropped shoulders hooded sweatshirt;Ivory;M;85844;85838;21/09/2026;360;NS431_85844_85838
NS431;Eco-friendly unisex French Terry dropped shoulders hooded sweatshirt;Ivory;L;85844;85839;21/09/2026;360;NS431_85844_85839
NS431;Eco-friendly unisex French Terry dropped shoulders hooded sweatshirt;Ivory;XL;85844;85840;21/09/2026;270;NS431_85844_85840
NS431;Eco-friendly unisex French Terry dropped shoulders hooded sweatshirt;Navy Blue;L;85845;85839;21/09/2026;1080;NS431_85845_85839
NS431;Eco-friendly unisex French Terry dropped shoulders hooded sweatshirt;Navy Blue;XL;85845;85840;21/09/2026;720;NS431_85845_85840
NS431;Eco-friendly unisex French Terry dropped shoulders hooded sweatshirt;Navy Blue;XXL;85845;85841;21/09/2026;360;NS431_85845_85841
NS432;Eco-friendly unisex dropped shoulders quarter zipper sweatshirt with polo collar;Black;XS;97069;97063;13/11/2026;20;NS432_97069_97063
NS432;Eco-friendly unisex dropped shoulders quarter zipper sweatshirt with polo collar;Black;S;97069;97064;21/09/2026;200;NS432_97069_97064
NS432;Eco-friendly unisex dropped shoulders quarter zipper sweatshirt with polo collar;Black;S;97069;97064;13/11/2026;100;NS432_97069_97064
NS432;Eco-friendly unisex dropped shoulders quarter zipper sweatshirt with polo collar;Black;M;97069;97065;21/09/2026;700;NS432_97069_97065
NS432;Eco-friendly unisex dropped shoulders quarter zipper sweatshirt with polo collar;Black;M;97069;97065;13/11/2026;475;NS432_97069_97065
NS432;Eco-friendly unisex dropped shoulders quarter zipper sweatshirt with polo collar;Black;L;97069;97066;21/09/2026;840;NS432_97069_97066
NS432;Eco-friendly unisex dropped shoulders quarter zipper sweatshirt with polo collar;Black;L;97069;97066;13/11/2026;415;NS432_97069_97066
NS432;Eco-friendly unisex dropped shoulders quarter zipper sweatshirt with polo collar;Black;XL;97069;97067;13/11/2026;430;NS432_97069_97067
NS432;Eco-friendly unisex dropped shoulders quarter zipper sweatshirt with polo collar;Black;XXL;97069;97068;21/09/2026;300;NS432_97069_97068
NS432;Eco-friendly unisex dropped shoulders quarter zipper sweatshirt with polo collar;Black;XXL;97069;97068;13/11/2026;40;NS432_97069_97068
NS432;Eco-friendly unisex dropped shoulders quarter zipper sweatshirt with polo collar;Dark Cherry;XS;97070;97063;13/11/2026;60;NS432_97070_97063
NS432;Eco-friendly unisex dropped shoulders quarter zipper sweatshirt with polo collar;Dark Cherry;S;97070;97064;21/09/2026;180;NS432_97070_97064
NS432;Eco-friendly unisex dropped shoulders quarter zipper sweatshirt with polo collar;Dark Cherry;S;97070;97064;13/11/2026;220;NS432_97070_97064
NS432;Eco-friendly unisex dropped shoulders quarter zipper sweatshirt with polo collar;Dark Cherry;S;97070;97064;24/02/2027;160;NS432_97070_97064
NS432;Eco-friendly unisex dropped shoulders quarter zipper sweatshirt with polo collar;Dark Cherry;M;97070;97065;21/09/2026;400;NS432_97070_97065
NS432;Eco-friendly unisex dropped shoulders quarter zipper sweatshirt with polo collar;Dark Cherry;M;97070;97065;13/11/2026;470;NS432_97070_97065
NS432;Eco-friendly unisex dropped shoulders quarter zipper sweatshirt with polo collar;Dark Cherry;M;97070;97065;24/02/2027;520;NS432_97070_97065
NS432;Eco-friendly unisex dropped shoulders quarter zipper sweatshirt with polo collar;Dark Cherry;L;97070;97066;21/09/2026;480;NS432_97070_97066
NS432;Eco-friendly unisex dropped shoulders quarter zipper sweatshirt with polo collar;Dark Cherry;L;97070;97066;13/11/2026;250;NS432_97070_97066
NS432;Eco-friendly unisex dropped shoulders quarter zipper sweatshirt with polo collar;Dark Cherry;L;97070;97066;24/02/2027;460;NS432_97070_97066
NS432;Eco-friendly unisex dropped shoulders quarter zipper sweatshirt with polo collar;Dark Cherry;XL;97070;97067;21/09/2026;300;NS432_97070_97067
NS432;Eco-friendly unisex dropped shoulders quarter zipper sweatshirt with polo collar;Dark Cherry;XL;97070;97067;13/11/2026;255;NS432_97070_97067
NS432;Eco-friendly unisex dropped shoulders quarter zipper sweatshirt with polo collar;Dark Cherry;XL;97070;97067;24/02/2027;360;NS432_97070_97067
NS432;Eco-friendly unisex dropped shoulders quarter zipper sweatshirt with polo collar;Dark Cherry;XXL;97070;97068;21/09/2026;120;NS432_97070_97068
NS432;Eco-friendly unisex dropped shoulders quarter zipper sweatshirt with polo collar;Dark Cherry;XXL;97070;97068;13/11/2026;60;NS432_97070_97068
NS432;Eco-friendly unisex dropped shoulders quarter zipper sweatshirt with polo collar;Ivory;XS;97071;97063;21/09/2026;260;NS432_97071_97063
NS432;Eco-friendly unisex dropped shoulders quarter zipper sweatshirt with polo collar;Ivory;XS;97071;97063;13/11/2026;100;NS432_97071_97063
NS432;Eco-friendly unisex dropped shoulders quarter zipper sweatshirt with polo collar;Ivory;XS;97071;97063;24/12/2026;100;NS432_97071_97063
NS432;Eco-friendly unisex dropped shoulders quarter zipper sweatshirt with polo collar;Ivory;XS;97071;97063;24/02/2027;40;NS432_97071_97063
NS432;Eco-friendly unisex dropped shoulders quarter zipper sweatshirt with polo collar;Ivory;S;97071;97064;21/09/2026;540;NS432_97071_97064
NS432;Eco-friendly unisex dropped shoulders quarter zipper sweatshirt with polo collar;Ivory;S;97071;97064;13/11/2026;340;NS432_97071_97064
NS432;Eco-friendly unisex dropped shoulders quarter zipper sweatshirt with polo collar;Ivory;S;97071;97064;24/12/2026;240;NS432_97071_97064
NS432;Eco-friendly unisex dropped shoulders quarter zipper sweatshirt with polo collar;Ivory;S;97071;97064;24/02/2027;180;NS432_97071_97064
NS432;Eco-friendly unisex dropped shoulders quarter zipper sweatshirt with polo collar;Ivory;M;97071;97065;21/09/2026;1340;NS432_97071_97065
NS432;Eco-friendly unisex dropped shoulders quarter zipper sweatshirt with polo collar;Ivory;M;97071;97065;13/11/2026;220;NS432_97071_97065
NS432;Eco-friendly unisex dropped shoulders quarter zipper sweatshirt with polo collar;Ivory;M;97071;97065;24/12/2026;360;NS432_97071_97065
NS432;Eco-friendly unisex dropped shoulders quarter zipper sweatshirt with polo collar;Ivory;M;97071;97065;24/02/2027;440;NS432_97071_97065
NS432;Eco-friendly unisex dropped shoulders quarter zipper sweatshirt with polo collar;Ivory;L;97071;97066;21/09/2026;740;NS432_97071_97066
NS432;Eco-friendly unisex dropped shoulders quarter zipper sweatshirt with polo collar;Ivory;L;97071;97066;13/11/2026;255;NS432_97071_97066
NS432;Eco-friendly unisex dropped shoulders quarter zipper sweatshirt with polo collar;Ivory;L;97071;97066;24/12/2026;260;NS432_97071_97066
NS432;Eco-friendly unisex dropped shoulders quarter zipper sweatshirt with polo collar;Ivory;L;97071;97066;24/02/2027;440;NS432_97071_97066
NS432;Eco-friendly unisex dropped shoulders quarter zipper sweatshirt with polo collar;Ivory;XL;97071;97067;21/09/2026;400;NS432_97071_97067
NS432;Eco-friendly unisex dropped shoulders quarter zipper sweatshirt with polo collar;Ivory;XL;97071;97067;13/11/2026;220;NS432_97071_97067
NS432;Eco-friendly unisex dropped shoulders quarter zipper sweatshirt with polo collar;Ivory;XL;97071;97067;24/12/2026;200;NS432_97071_97067
NS432;Eco-friendly unisex dropped shoulders quarter zipper sweatshirt with polo collar;Ivory;XL;97071;97067;24/02/2027;260;NS432_97071_97067
NS432;Eco-friendly unisex dropped shoulders quarter zipper sweatshirt with polo collar;Ivory;XXL;97071;97068;21/09/2026;120;NS432_97071_97068
NS432;Eco-friendly unisex dropped shoulders quarter zipper sweatshirt with polo collar;Ivory;XXL;97071;97068;13/11/2026;60;NS432_97071_97068
NS432;Eco-friendly unisex dropped shoulders quarter zipper sweatshirt with polo collar;Ivory;XXL;97071;97068;24/12/2026;100;NS432_97071_97068
NS432;Eco-friendly unisex dropped shoulders quarter zipper sweatshirt with polo collar;Ivory;XXL;97071;97068;24/02/2027;140;NS432_97071_97068
NS432;Eco-friendly unisex dropped shoulders quarter zipper sweatshirt with polo collar;Navy Blue;XS;97072;97063;21/09/2026;20;NS432_97072_97063
NS432;Eco-friendly unisex dropped shoulders quarter zipper sweatshirt with polo collar;Navy Blue;XS;97072;97063;13/11/2026;75;NS432_97072_97063
NS432;Eco-friendly unisex dropped shoulders quarter zipper sweatshirt with polo collar;Navy Blue;XS;97072;97063;24/02/2027;120;NS432_97072_97063
NS432;Eco-friendly unisex dropped shoulders quarter zipper sweatshirt with polo collar;Navy Blue;S;97072;97064;21/09/2026;200;NS432_97072_97064
NS432;Eco-friendly unisex dropped shoulders quarter zipper sweatshirt with polo collar;Navy Blue;S;97072;97064;13/11/2026;200;NS432_97072_97064
NS432;Eco-friendly unisex dropped shoulders quarter zipper sweatshirt with polo collar;Navy Blue;S;97072;97064;24/02/2027;140;NS432_97072_97064
NS432;Eco-friendly unisex dropped shoulders quarter zipper sweatshirt with polo collar;Navy Blue;M;97072;97065;13/11/2026;370;NS432_97072_97065
NS432;Eco-friendly unisex dropped shoulders quarter zipper sweatshirt with polo collar;Navy Blue;M;97072;97065;24/02/2027;460;NS432_97072_97065
NS432;Eco-friendly unisex dropped shoulders quarter zipper sweatshirt with polo collar;Navy Blue;L;97072;97066;13/11/2026;400;NS432_97072_97066
NS432;Eco-friendly unisex dropped shoulders quarter zipper sweatshirt with polo collar;Navy Blue;L;97072;97066;24/02/2027;420;NS432_97072_97066
NS432;Eco-friendly unisex dropped shoulders quarter zipper sweatshirt with polo collar;Navy Blue;XL;97072;97067;13/11/2026;100;NS432_97072_97067
NS432;Eco-friendly unisex dropped shoulders quarter zipper sweatshirt with polo collar;Navy Blue;XL;97072;97067;24/02/2027;260;NS432_97072_97067
NS432;Eco-friendly unisex dropped shoulders quarter zipper sweatshirt with polo collar;Navy Blue;XXL;97072;97068;21/09/2026;180;NS432_97072_97068
NS432;Eco-friendly unisex dropped shoulders quarter zipper sweatshirt with polo collar;Navy Blue;XXL;97072;97068;13/11/2026;75;NS432_97072_97068
NS432;Eco-friendly unisex dropped shoulders quarter zipper sweatshirt with polo collar;Navy Blue;XXL;97072;97068;24/02/2027;100;NS432_97072_97068
NS432;Eco-friendly unisex dropped shoulders quarter zipper sweatshirt with polo collar;Organic Khaki;XS;97073;97063;24/02/2027;60;NS432_97073_97063
NS432;Eco-friendly unisex dropped shoulders quarter zipper sweatshirt with polo collar;Organic Khaki;S;97073;97064;24/12/2026;500;NS432_97073_97064
NS432;Eco-friendly unisex dropped shoulders quarter zipper sweatshirt with polo collar;Organic Khaki;S;97073;97064;24/02/2027;480;NS432_97073_97064
NS432;Eco-friendly unisex dropped shoulders quarter zipper sweatshirt with polo collar;Organic Khaki;M;97073;97065;24/12/2026;700;NS432_97073_97065
NS432;Eco-friendly unisex dropped shoulders quarter zipper sweatshirt with polo collar;Organic Khaki;M;97073;97065;24/02/2027;600;NS432_97073_97065
NS432;Eco-friendly unisex dropped shoulders quarter zipper sweatshirt with polo collar;Organic Khaki;L;97073;97066;24/12/2026;760;NS432_97073_97066
NS432;Eco-friendly unisex dropped shoulders quarter zipper sweatshirt with polo collar;Organic Khaki;L;97073;97066;24/02/2027;640;NS432_97073_97066
NS432;Eco-friendly unisex dropped shoulders quarter zipper sweatshirt with polo collar;Organic Khaki;XL;97073;97067;24/12/2026;640;NS432_97073_97067
NS432;Eco-friendly unisex dropped shoulders quarter zipper sweatshirt with polo collar;Organic Khaki;XL;97073;97067;24/02/2027;460;NS432_97073_97067
NS432;Eco-friendly unisex dropped shoulders quarter zipper sweatshirt with polo collar;Organic Khaki;XXL;97073;97068;24/12/2026;400;NS432_97073_97068
NS432;Eco-friendly unisex dropped shoulders quarter zipper sweatshirt with polo collar;Organic Khaki;XXL;97073;97068;24/02/2027;40;NS432_97073_97068
NS435;Eco-friendly unisex brushed fleece dropped shoulders round neck sweatshirt;Black;XS;85856;85849;21/09/2026;480;NS435_85856_85849
NS435;Eco-friendly unisex brushed fleece dropped shoulders round neck sweatshirt;Black;S;85856;85850;21/09/2026;1373;NS435_85856_85850
NS435;Eco-friendly unisex brushed fleece dropped shoulders round neck sweatshirt;Black;M;85856;85851;21/09/2026;2150;NS435_85856_85851
NS435;Eco-friendly unisex brushed fleece dropped shoulders round neck sweatshirt;Black;L;85856;85852;21/09/2026;2060;NS435_85856_85852
NS435;Eco-friendly unisex brushed fleece dropped shoulders round neck sweatshirt;Black;XXL;85856;85854;21/09/2026;744;NS435_85856_85854
NS435;Eco-friendly unisex brushed fleece dropped shoulders round neck sweatshirt;Navy Blue;XS;85858;85849;21/09/2026;360;NS435_85858_85849
NS435;Eco-friendly unisex brushed fleece dropped shoulders round neck sweatshirt;Navy Blue;S;85858;85850;21/09/2026;960;NS435_85858_85850
NS435;Eco-friendly unisex brushed fleece dropped shoulders round neck sweatshirt;Navy Blue;XL;85858;85853;21/09/2026;840;NS435_85858_85853
NS435;Eco-friendly unisex brushed fleece dropped shoulders round neck sweatshirt;Navy Blue;XXL;85858;85854;21/09/2026;472;NS435_85858_85854
NS435;Eco-friendly unisex brushed fleece dropped shoulders round neck sweatshirt;Organic Khaki;M;85859;85851;21/09/2026;367;NS435_85859_85851
NS436;Eco-friendly unisex brushed fleece dropped shoulders hooded sweatshirt;Black;M;85869;85864;21/09/2026;3838;NS436_85869_85864
NS436;Eco-friendly unisex brushed fleece dropped shoulders hooded sweatshirt;Black;L;85869;85865;21/09/2026;4418;NS436_85869_85865
NS436;Eco-friendly unisex brushed fleece dropped shoulders hooded sweatshirt;Black;XL;85869;85866;21/09/2026;3200;NS436_85869_85866
NS436;Eco-friendly unisex brushed fleece dropped shoulders hooded sweatshirt;Black;XXL;85869;85867;21/09/2026;2200;NS436_85869_85867
NS436;Eco-friendly unisex brushed fleece dropped shoulders hooded sweatshirt;Navy Blue;XS;85871;85862;21/09/2026;320;NS436_85871_85862
NS436;Eco-friendly unisex brushed fleece dropped shoulders hooded sweatshirt;Navy Blue;S;85871;85863;21/09/2026;960;NS436_85871_85863
NS436;Eco-friendly unisex brushed fleece dropped shoulders hooded sweatshirt;Navy Blue;M;85871;85864;21/09/2026;2880;NS436_85871_85864
NS436;Eco-friendly unisex brushed fleece dropped shoulders hooded sweatshirt;Navy Blue;XL;85871;85866;21/09/2026;2560;NS436_85871_85866
NS436;Eco-friendly unisex brushed fleece dropped shoulders hooded sweatshirt;Navy Blue;3XL;85871;85868;21/09/2026;320;NS436_85871_85868
NS437;Eco-friendly kids' oversize round neck sweatshirt;Ivory;4/6 ans;90064;90057;29/10/2026;199;NS437_90064_90057
NS437;Eco-friendly kids' oversize round neck sweatshirt;Ivory;6/8 ans;90064;90058;29/10/2026;240;NS437_90064_90058
NS437;Eco-friendly kids' oversize round neck sweatshirt;Ivory;8/10 ans;90064;90059;29/10/2026;260;NS437_90064_90059
NS437;Eco-friendly kids' oversize round neck sweatshirt;Ivory;10/12 ans;90064;90060;29/10/2026;160;NS437_90064_90060
NS437;Eco-friendly kids' oversize round neck sweatshirt;Ivory;12/14 ans;90064;90061;29/10/2026;160;NS437_90064_90061
NS438;Eco-friendly kids' oversize hooded sweatshirt;Black;8/10 ans;90071;90068;21/09/2026;200;NS438_90071_90068
NS438;Eco-friendly kids' oversize hooded sweatshirt;Black;10/12 ans;90071;90069;21/09/2026;380;NS438_90071_90069
NS439;Eco-friendly ladies' dropped shoulders round neck sweatshirt;Antique Rose;XS;95937;95931;21/09/2026;360;NS439_95937_95931
NS439;Eco-friendly ladies' dropped shoulders round neck sweatshirt;Antique Rose;XS;95937;95931;30/11/2026;120;NS439_95937_95931
NS439;Eco-friendly ladies' dropped shoulders round neck sweatshirt;Antique Rose;XS;95937;95931;24/12/2026;80;NS439_95937_95931
NS439;Eco-friendly ladies' dropped shoulders round neck sweatshirt;Antique Rose;S;95937;95932;21/09/2026;869;NS439_95937_95932
NS439;Eco-friendly ladies' dropped shoulders round neck sweatshirt;Antique Rose;S;95937;95932;30/11/2026;460;NS439_95937_95932
NS439;Eco-friendly ladies' dropped shoulders round neck sweatshirt;Antique Rose;S;95937;95932;24/12/2026;200;NS439_95937_95932
NS439;Eco-friendly ladies' dropped shoulders round neck sweatshirt;Antique Rose;M;95937;95933;21/09/2026;498;NS439_95937_95933
NS439;Eco-friendly ladies' dropped shoulders round neck sweatshirt;Antique Rose;M;95937;95933;30/11/2026;660;NS439_95937_95933
NS439;Eco-friendly ladies' dropped shoulders round neck sweatshirt;Antique Rose;M;95937;95933;24/12/2026;460;NS439_95937_95933
NS439;Eco-friendly ladies' dropped shoulders round neck sweatshirt;Antique Rose;L;95937;95934;21/09/2026;280;NS439_95937_95934
NS439;Eco-friendly ladies' dropped shoulders round neck sweatshirt;Antique Rose;L;95937;95934;30/11/2026;280;NS439_95937_95934
NS439;Eco-friendly ladies' dropped shoulders round neck sweatshirt;Antique Rose;L;95937;95934;24/12/2026;400;NS439_95937_95934
NS439;Eco-friendly ladies' dropped shoulders round neck sweatshirt;Antique Rose;XL;95937;95935;21/09/2026;160;NS439_95937_95935
NS439;Eco-friendly ladies' dropped shoulders round neck sweatshirt;Antique Rose;XL;95937;95935;30/11/2026;160;NS439_95937_95935
NS439;Eco-friendly ladies' dropped shoulders round neck sweatshirt;Antique Rose;XL;95937;95935;24/12/2026;80;NS439_95937_95935
NS439;Eco-friendly ladies' dropped shoulders round neck sweatshirt;Antique Rose;XXL;95937;95936;30/11/2026;40;NS439_95937_95936
NS439;Eco-friendly ladies' dropped shoulders round neck sweatshirt;Black;XS;95938;95931;30/11/2026;120;NS439_95938_95931
NS439;Eco-friendly ladies' dropped shoulders round neck sweatshirt;Black;S;95938;95932;21/09/2026;600;NS439_95938_95932
NS439;Eco-friendly ladies' dropped shoulders round neck sweatshirt;Black;S;95938;95932;30/11/2026;460;NS439_95938_95932
NS439;Eco-friendly ladies' dropped shoulders round neck sweatshirt;Black;M;95938;95933;21/09/2026;1080;NS439_95938_95933
NS439;Eco-friendly ladies' dropped shoulders round neck sweatshirt;Black;M;95938;95933;30/11/2026;260;NS439_95938_95933
NS439;Eco-friendly ladies' dropped shoulders round neck sweatshirt;Black;L;95938;95934;21/09/2026;440;NS439_95938_95934
NS439;Eco-friendly ladies' dropped shoulders round neck sweatshirt;Black;L;95938;95934;30/11/2026;280;NS439_95938_95934
NS439;Eco-friendly ladies' dropped shoulders round neck sweatshirt;Black;XL;95938;95935;21/09/2026;160;NS439_95938_95935
NS439;Eco-friendly ladies' dropped shoulders round neck sweatshirt;Black;XL;95938;95935;30/11/2026;60;NS439_95938_95935
NS439;Eco-friendly ladies' dropped shoulders round neck sweatshirt;Black;XXL;95938;95936;30/11/2026;20;NS439_95938_95936
NS439;Eco-friendly ladies' dropped shoulders round neck sweatshirt;Ivory;XS;95939;95931;21/09/2026;380;NS439_95939_95931
NS439;Eco-friendly ladies' dropped shoulders round neck sweatshirt;Ivory;XS;95939;95931;30/11/2026;160;NS439_95939_95931
NS439;Eco-friendly ladies' dropped shoulders round neck sweatshirt;Ivory;XS;95939;95931;24/12/2026;80;NS439_95939_95931
NS439;Eco-friendly ladies' dropped shoulders round neck sweatshirt;Ivory;S;95939;95932;30/11/2026;420;NS439_95939_95932
NS439;Eco-friendly ladies' dropped shoulders round neck sweatshirt;Ivory;S;95939;95932;24/12/2026;400;NS439_95939_95932
NS439;Eco-friendly ladies' dropped shoulders round neck sweatshirt;Ivory;M;95939;95933;30/11/2026;380;NS439_95939_95933
NS439;Eco-friendly ladies' dropped shoulders round neck sweatshirt;Ivory;M;95939;95933;24/12/2026;460;NS439_95939_95933
NS439;Eco-friendly ladies' dropped shoulders round neck sweatshirt;Ivory;L;95939;95934;21/09/2026;300;NS439_95939_95934
NS439;Eco-friendly ladies' dropped shoulders round neck sweatshirt;Ivory;L;95939;95934;30/11/2026;220;NS439_95939_95934
NS439;Eco-friendly ladies' dropped shoulders round neck sweatshirt;Ivory;L;95939;95934;24/12/2026;200;NS439_95939_95934
NS439;Eco-friendly ladies' dropped shoulders round neck sweatshirt;Ivory;XL;95939;95935;21/09/2026;120;NS439_95939_95935
NS439;Eco-friendly ladies' dropped shoulders round neck sweatshirt;Ivory;XL;95939;95935;30/11/2026;40;NS439_95939_95935
NS439;Eco-friendly ladies' dropped shoulders round neck sweatshirt;Ivory;XL;95939;95935;24/12/2026;100;NS439_95939_95935
NS439;Eco-friendly ladies' dropped shoulders round neck sweatshirt;Ivory;XXL;95939;95936;21/09/2026;100;NS439_95939_95936
NS439;Eco-friendly ladies' dropped shoulders round neck sweatshirt;Moon Grey Heather;XS;95940;95931;21/09/2026;160;NS439_95940_95931
NS439;Eco-friendly ladies' dropped shoulders round neck sweatshirt;Moon Grey Heather;S;95940;95932;21/09/2026;220;NS439_95940_95932
NS439;Eco-friendly ladies' dropped shoulders round neck sweatshirt;Moon Grey Heather;M;95940;95933;21/09/2026;240;NS439_95940_95933
NS439;Eco-friendly ladies' dropped shoulders round neck sweatshirt;Moon Grey Heather;L;95940;95934;21/09/2026;320;NS439_95940_95934
NS439;Eco-friendly ladies' dropped shoulders round neck sweatshirt;Moon Grey Heather;XL;95940;95935;21/09/2026;120;NS439_95940_95935
NS439;Eco-friendly ladies' dropped shoulders round neck sweatshirt;Sun Yellow;XS;95941;95931;30/11/2026;260;NS439_95941_95931
NS439;Eco-friendly ladies' dropped shoulders round neck sweatshirt;Sun Yellow;S;95941;95932;30/11/2026;160;NS439_95941_95932
NS439;Eco-friendly ladies' dropped shoulders round neck sweatshirt;Sun Yellow;M;95941;95933;30/11/2026;140;NS439_95941_95933
NS439;Eco-friendly ladies' dropped shoulders round neck sweatshirt;Sun Yellow;L;95941;95934;30/11/2026;280;NS439_95941_95934
NS439;Eco-friendly ladies' dropped shoulders round neck sweatshirt;Sun Yellow;XL;95941;95935;30/11/2026;240;NS439_95941_95935
NS439;Eco-friendly ladies' dropped shoulders round neck sweatshirt;Sun Yellow;XXL;95941;95936;30/11/2026;180;NS439_95941_95936
NS440;Eco-friendly unisex oversize round neck sweatshirt;Black;M;89201;89196;21/09/2026;360;NS440_89201_89196
NS440;Eco-friendly unisex oversize round neck sweatshirt;Black;L;89201;89197;21/09/2026;360;NS440_89201_89197
NS440;Eco-friendly unisex oversize round neck sweatshirt;Ivory;S;89202;89195;21/09/2026;352;NS440_89202_89195
NS440;Eco-friendly unisex oversize round neck sweatshirt;Ivory;M;89202;89196;21/09/2026;390;NS440_89202_89196
NS440;Eco-friendly unisex oversize round neck sweatshirt;Navy Blue;M;89203;89196;21/09/2026;420;NS440_89203_89196
NS441;Eco-friendly unisex oversize hooded sweatshirt;Black;S;89213;89207;21/09/2026;420;NS441_89213_89207
NS441;Eco-friendly unisex oversize hooded sweatshirt;Black;S;89213;89207;09/10/2026;60;NS441_89213_89207
NS441;Eco-friendly unisex oversize hooded sweatshirt;Black;M;89213;89208;09/10/2026;750;NS441_89213_89208
NS441;Eco-friendly unisex oversize hooded sweatshirt;Black;L;89213;89209;09/10/2026;555;NS441_89213_89209
NS441;Eco-friendly unisex oversize hooded sweatshirt;Black;XL;89213;89210;09/10/2026;150;NS441_89213_89210
NS441;Eco-friendly unisex oversize hooded sweatshirt;Ivory;S;89214;89207;21/09/2026;240;NS441_89214_89207
NS441;Eco-friendly unisex oversize hooded sweatshirt;Ivory;L;89214;89209;21/09/2026;240;NS441_89214_89209
NS441;Eco-friendly unisex oversize hooded sweatshirt;Navy Blue;S;89215;89207;21/09/2026;240;NS441_89215_89207
NS441;Eco-friendly unisex oversize hooded sweatshirt;Navy Blue;L;89215;89209;21/09/2026;480;NS441_89215_89209
NS441;Eco-friendly unisex oversize hooded sweatshirt;Navy Blue;XL;89215;89210;21/09/2026;150;NS441_89215_89210
NS443A;Eco-friendly unisex round neck sweatshirt;Ivory;XS;95971;95946;21/09/2026;180;NS443A_95971_95946
NS443A;Eco-friendly unisex round neck sweatshirt;Ivory;L;95971;95956;21/09/2026;1280;NS443A_95971_95956
NS443A;Eco-friendly unisex round neck sweatshirt;Ivory;XL;95971;95958;21/09/2026;580;NS443A_95971_95958
NS443A;Eco-friendly unisex round neck sweatshirt;Ivory;XXL;95971;95962;21/09/2026;200;NS443A_95971_95962
NS443C;Eco-friendly unisex round neck sweatshirt;Black;S;95970;95949;21/09/2026;540;NS443C_95970_95949
NS443C;Eco-friendly unisex round neck sweatshirt;Black;M;95970;95951;21/09/2026;1520;NS443C_95970_95951
NS443C;Eco-friendly unisex round neck sweatshirt;Black;L;95970;95955;21/09/2026;1200;NS443C_95970_95955
NS443C;Eco-friendly unisex round neck sweatshirt;Black;XL;95970;95957;21/09/2026;760;NS443C_95970_95957
NS443C;Eco-friendly unisex round neck sweatshirt;Black;XXL;95970;95961;21/09/2026;240;NS443C_95970_95961
NS444;Eco-friendly unisex hooded sweatshirt;White;XXS;96015;95979;21/09/2026;80;NS444_96015_95979
NS444;Eco-friendly unisex hooded sweatshirt;White;XS;96015;95984;21/09/2026;320;NS444_96015_95984
NS444;Eco-friendly unisex hooded sweatshirt;White;S;96015;95985;21/09/2026;1120;NS444_96015_95985
NS444;Eco-friendly unisex hooded sweatshirt;White;M;96015;95990;21/09/2026;2940;NS444_96015_95990
NS444;Eco-friendly unisex hooded sweatshirt;White;L;96015;95991;21/09/2026;2760;NS444_96015_95991
NS444;Eco-friendly unisex hooded sweatshirt;White;XL;96015;95996;21/09/2026;1260;NS444_96015_95996
NS444;Eco-friendly unisex hooded sweatshirt;White;XXL;96015;95997;21/09/2026;440;NS444_96015_95997
NS444A;Eco-friendly unisex hooded sweatshirt;Ivory;XXS;96008;95981;21/09/2026;40;NS444A_96008_95981
NS444A;Eco-friendly unisex hooded sweatshirt;Ivory;XS;96008;95983;21/09/2026;380;NS444A_96008_95983
NS444A;Eco-friendly unisex hooded sweatshirt;Ivory;S;96008;95987;21/09/2026;1560;NS444A_96008_95987
NS444A;Eco-friendly unisex hooded sweatshirt;Ivory;M;96008;95989;21/09/2026;2380;NS444A_96008_95989
NS444A;Eco-friendly unisex hooded sweatshirt;Ivory;XL;96008;95995;21/09/2026;1080;NS444A_96008_95995
NS444A;Eco-friendly unisex hooded sweatshirt;Moon Grey Heather;XXS;96011;95981;21/09/2026;40;NS444A_96011_95981
NS444A;Eco-friendly unisex hooded sweatshirt;Moon Grey Heather;XS;96011;95983;21/09/2026;320;NS444A_96011_95983
NS444A;Eco-friendly unisex hooded sweatshirt;Moon Grey Heather;S;96011;95987;21/09/2026;1140;NS444A_96011_95987
NS444A;Eco-friendly unisex hooded sweatshirt;Moon Grey Heather;M;96011;95989;21/09/2026;1620;NS444A_96011_95989
NS444A;Eco-friendly unisex hooded sweatshirt;Moon Grey Heather;L;96011;95993;21/09/2026;2020;NS444A_96011_95993
NS444A;Eco-friendly unisex hooded sweatshirt;Moon Grey Heather;XL;96011;95995;21/09/2026;800;NS444A_96011_95995
NS444C;Eco-friendly unisex hooded sweatshirt;Black;XXS;96007;95980;21/09/2026;100;NS444C_96007_95980
NS444C;Eco-friendly unisex hooded sweatshirt;Black;XS;96007;95982;21/09/2026;860;NS444C_96007_95982
NS444C;Eco-friendly unisex hooded sweatshirt;Black;S;96007;95986;21/09/2026;2388;NS444C_96007_95986
NS444C;Eco-friendly unisex hooded sweatshirt;Black;L;96007;95992;21/09/2026;3380;NS444C_96007_95992
NS444C;Eco-friendly unisex hooded sweatshirt;Black;XL;96007;95994;21/09/2026;2196;NS444C_96007_95994
NS444C;Eco-friendly unisex hooded sweatshirt;Black;XXL;96007;95998;21/09/2026;880;NS444C_96007_95998
NS444C;Eco-friendly unisex hooded sweatshirt;Navy Blue;XS;96012;95982;21/09/2026;200;NS444C_96012_95982
NS444C;Eco-friendly unisex hooded sweatshirt;Navy Blue;S;96012;95986;21/09/2026;1140;NS444C_96012_95986
NS444C;Eco-friendly unisex hooded sweatshirt;Navy Blue;M;96012;95988;21/09/2026;2780;NS444C_96012_95988
NS444C;Eco-friendly unisex hooded sweatshirt;Navy Blue;L;96012;95992;21/09/2026;2480;NS444C_96012_95992
NS444C;Eco-friendly unisex hooded sweatshirt;Navy Blue;XL;96012;95994;21/09/2026;1300;NS444C_96012_95994
NS444C;Eco-friendly unisex hooded sweatshirt;Navy Blue;XXL;96012;95998;21/09/2026;600;NS444C_96012_95998
NS444C;Eco-friendly unisex hooded sweatshirt;Iron Grey;XS;101759;95982;21/09/2026;120;NS444C_101759_95982
NS444C;Eco-friendly unisex hooded sweatshirt;Iron Grey;S;101759;95986;21/09/2026;580;NS444C_101759_95986
NS444C;Eco-friendly unisex hooded sweatshirt;Iron Grey;M;101759;95988;21/09/2026;60;NS444C_101759_95988
NS444C;Eco-friendly unisex hooded sweatshirt;Iron Grey;XL;101759;95994;21/09/2026;600;NS444C_101759_95994
NS444C;Eco-friendly unisex hooded sweatshirt;Iron Grey;XXL;101759;95998;21/09/2026;160;NS444C_101759_95998
NS444C;Eco-friendly unisex hooded sweatshirt;Organic Khaki;XS;101761;95982;02/10/2026;300;NS444C_101761_95982
NS444C;Eco-friendly unisex hooded sweatshirt;Organic Khaki;S;101761;95986;02/10/2026;1030;NS444C_101761_95986
NS444C;Eco-friendly unisex hooded sweatshirt;Organic Khaki;M;101761;95988;02/10/2026;1995;NS444C_101761_95988
NS444C;Eco-friendly unisex hooded sweatshirt;Organic Khaki;L;101761;95992;02/10/2026;1855;NS444C_101761_95992
NS444C;Eco-friendly unisex hooded sweatshirt;Organic Khaki;XL;101761;95994;02/10/2026;1010;NS444C_101761_95994
NS444C;Eco-friendly unisex hooded sweatshirt;Organic Khaki;XXL;101761;95998;02/10/2026;360;NS444C_101761_95998
NS444C;Eco-friendly unisex hooded sweatshirt;Sea Blue;S;101764;95986;21/09/2026;180;NS444C_101764_95986
NS444C;Eco-friendly unisex hooded sweatshirt;Sea Blue;L;101764;95992;21/09/2026;140;NS444C_101764_95992
NS444C;Eco-friendly unisex hooded sweatshirt;Sea Blue;XL;101764;95994;21/09/2026;1095;NS444C_101764_95994
NS444C;Eco-friendly unisex hooded sweatshirt;Sea Blue;XXL;101764;95998;21/09/2026;300;NS444C_101764_95998
NS444CX;Eco-friendly unisex hooded sweatshirt;Black;3XL;96006;96002;21/09/2026;100;NS444CX_96006_96002
NS444CX;Eco-friendly unisex hooded sweatshirt;Black;4XL;96006;96003;21/09/2026;40;NS444CX_96006_96003
NS444CX;Eco-friendly unisex hooded sweatshirt;Navy Blue;3XL;96013;96002;21/09/2026;200;NS444CX_96013_96002
NS444CX;Eco-friendly unisex hooded sweatshirt;Navy Blue;4XL;96013;96003;21/09/2026;80;NS444CX_96013_96003
NS444CX;Eco-friendly unisex hooded sweatshirt;Iron Grey;3XL;101760;96002;21/09/2026;15;NS444CX_101760_96002
NS444CX;Eco-friendly unisex hooded sweatshirt;Organic Khaki;3XL;101762;96002;02/10/2026;80;NS444CX_101762_96002
NS444CX;Eco-friendly unisex hooded sweatshirt;Organic Khaki;4XL;101762;96003;02/10/2026;10;NS444CX_101762_96003
NS444X;Eco-friendly unisex hooded sweatshirt;White;3XL;96014;96001;21/09/2026;100;NS444X_96014_96001
NS444X;Eco-friendly unisex hooded sweatshirt;White;4XL;96014;96005;21/09/2026;60;NS444X_96014_96005
NS446;Eco-friendly ladies' French Terry sleevless hooded oversize sweatshirt;Antique Rose;XS;96028;96016;07/12/2026;311;NS446_96028_96016
NS446;Eco-friendly ladies' French Terry sleevless hooded oversize sweatshirt;Antique Rose;S;96028;96019;07/12/2026;620;NS446_96028_96019
NS446;Eco-friendly ladies' French Terry sleevless hooded oversize sweatshirt;Antique Rose;M;96028;96020;07/12/2026;460;NS446_96028_96020
NS446;Eco-friendly ladies' French Terry sleevless hooded oversize sweatshirt;Antique Rose;L;96028;96023;07/12/2026;320;NS446_96028_96023
NS446;Eco-friendly ladies' French Terry sleevless hooded oversize sweatshirt;Antique Rose;XL;96028;96024;07/12/2026;100;NS446_96028_96024
NS446;Eco-friendly ladies' French Terry sleevless hooded oversize sweatshirt;Antique Rose;XXL;96028;96027;07/12/2026;60;NS446_96028_96027
NS446;Eco-friendly ladies' French Terry sleevless hooded oversize sweatshirt;Ivory;XS;96030;96016;07/12/2026;1130;NS446_96030_96016
NS446;Eco-friendly ladies' French Terry sleevless hooded oversize sweatshirt;Ivory;S;96030;96019;07/12/2026;2019;NS446_96030_96019
NS446;Eco-friendly ladies' French Terry sleevless hooded oversize sweatshirt;Ivory;M;96030;96020;07/12/2026;1820;NS446_96030_96020
NS446;Eco-friendly ladies' French Terry sleevless hooded oversize sweatshirt;Ivory;L;96030;96023;07/12/2026;1060;NS446_96030_96023
NS446;Eco-friendly ladies' French Terry sleevless hooded oversize sweatshirt;Ivory;XL;96030;96024;07/12/2026;440;NS446_96030_96024
NS446;Eco-friendly ladies' French Terry sleevless hooded oversize sweatshirt;Ivory;XXL;96030;96027;07/12/2026;180;NS446_96030_96027
NS448;Unisex eco-friendly washed effect oversized hooded sweatshirt;Washed black;XXL;90091;90089;21/09/2026;120;NS448_90091_90089
NS448;Unisex eco-friendly washed effect oversized hooded sweatshirt;Washed Navy Blue;S;90092;90085;21/09/2026;360;NS448_90092_90085
NS448;Unisex eco-friendly washed effect oversized hooded sweatshirt;Washed Navy Blue;M;90092;90086;21/09/2026;380;NS448_90092_90086
NS448;Unisex eco-friendly washed effect oversized hooded sweatshirt;Washed Navy Blue;L;90092;90087;21/09/2026;444;NS448_90092_90087
NS450;Eco-friendly unisex striped dropped shoulders round neck sweatshirt;Ivory/ Navy blue stripes;XS;96037;96031;02/10/2026;118;NS450_96037_96031
NS450;Eco-friendly unisex striped dropped shoulders round neck sweatshirt;Ivory/ Navy blue stripes;XS;96037;96031;24/11/2026;140;NS450_96037_96031
NS450;Eco-friendly unisex striped dropped shoulders round neck sweatshirt;Ivory/ Navy blue stripes;XS;96037;96031;26/04/2027;240;NS450_96037_96031
NS450;Eco-friendly unisex striped dropped shoulders round neck sweatshirt;Ivory/ Navy blue stripes;S;96037;96032;02/10/2026;136;NS450_96037_96032
NS450;Eco-friendly unisex striped dropped shoulders round neck sweatshirt;Ivory/ Navy blue stripes;S;96037;96032;24/11/2026;400;NS450_96037_96032
NS450;Eco-friendly unisex striped dropped shoulders round neck sweatshirt;Ivory/ Navy blue stripes;S;96037;96032;26/04/2027;720;NS450_96037_96032
NS450;Eco-friendly unisex striped dropped shoulders round neck sweatshirt;Ivory/ Navy blue stripes;M;96037;96033;02/10/2026;433;NS450_96037_96033
NS450;Eco-friendly unisex striped dropped shoulders round neck sweatshirt;Ivory/ Navy blue stripes;M;96037;96033;24/11/2026;380;NS450_96037_96033
NS450;Eco-friendly unisex striped dropped shoulders round neck sweatshirt;Ivory/ Navy blue stripes;M;96037;96033;26/04/2027;760;NS450_96037_96033
NS450;Eco-friendly unisex striped dropped shoulders round neck sweatshirt;Ivory/ Navy blue stripes;L;96037;96034;02/10/2026;255;NS450_96037_96034
NS450;Eco-friendly unisex striped dropped shoulders round neck sweatshirt;Ivory/ Navy blue stripes;L;96037;96034;24/11/2026;240;NS450_96037_96034
NS450;Eco-friendly unisex striped dropped shoulders round neck sweatshirt;Ivory/ Navy blue stripes;L;96037;96034;26/04/2027;540;NS450_96037_96034
NS450;Eco-friendly unisex striped dropped shoulders round neck sweatshirt;Ivory/ Navy blue stripes;XL;96037;96035;02/10/2026;2;NS450_96037_96035
NS450;Eco-friendly unisex striped dropped shoulders round neck sweatshirt;Ivory/ Navy blue stripes;XL;96037;96035;24/11/2026;220;NS450_96037_96035
NS450;Eco-friendly unisex striped dropped shoulders round neck sweatshirt;Ivory/ Navy blue stripes;XL;96037;96035;26/04/2027;460;NS450_96037_96035
NS450;Eco-friendly unisex striped dropped shoulders round neck sweatshirt;Ivory/ Navy blue stripes;XXL;96037;96036;02/10/2026;89;NS450_96037_96036
NS450;Eco-friendly unisex striped dropped shoulders round neck sweatshirt;Ivory/ Navy blue stripes;XXL;96037;96036;24/11/2026;60;NS450_96037_96036
NS450;Eco-friendly unisex striped dropped shoulders round neck sweatshirt;Ivory/ Navy blue stripes;XXL;96037;96036;26/04/2027;280;NS450_96037_96036
NS460;Eco-friendly unisex sherpa-lined full zip sweatshirt;Black;M;96052;96042;21/09/2026;200;NS460_96052_96042
NS460;Eco-friendly unisex sherpa-lined full zip sweatshirt;Navy Blue;S;96055;96041;08/12/2026;100;NS460_96055_96041
NS460;Eco-friendly unisex sherpa-lined full zip sweatshirt;Navy Blue;M;96055;96042;08/12/2026;300;NS460_96055_96042
NS460;Eco-friendly unisex sherpa-lined full zip sweatshirt;Navy Blue;L;96055;96045;08/12/2026;430;NS460_96055_96045
NS460;Eco-friendly unisex sherpa-lined full zip sweatshirt;Navy Blue;XL;96055;96046;08/12/2026;300;NS460_96055_96046
NS460;Eco-friendly unisex sherpa-lined full zip sweatshirt;Navy Blue;XXL;96055;96049;08/12/2026;224;NS460_96055_96049
NS460;Eco-friendly unisex sherpa-lined full zip sweatshirt;Navy Blue;3XL;96055;96050;08/12/2026;120;NS460_96055_96050
NS5002;Eco-friendly ladies’ Terry Towel zipped jumpsuit;Pomelo;XS;84139;84132;21/01/2027;25;NS5002_84139_84132
NS5002;Eco-friendly ladies’ Terry Towel zipped jumpsuit;Pomelo;S;84139;84133;21/01/2027;116;NS5002_84139_84133
NS5002;Eco-friendly ladies’ Terry Towel zipped jumpsuit;Pomelo;M;84139;84134;21/01/2027;218;NS5002_84139_84134
NS5002;Eco-friendly ladies’ Terry Towel zipped jumpsuit;Pomelo;L;84139;84135;21/01/2027;50;NS5002_84139_84135
NS5005C;Eco-friendly ladies' hooded sweatshirt dress;Aquamarine;S;75071;75063;21/09/2026;60;NS5005C_75071_75063
NS5005C;Eco-friendly ladies' hooded sweatshirt dress;Aquamarine;M;75071;75066;21/09/2026;255;NS5005C_75071_75066
NS5005C;Eco-friendly ladies' hooded sweatshirt dress;Black;L;75072;75067;21/09/2026;91;NS5005C_75072_75067
NS5005C;Eco-friendly ladies' hooded sweatshirt dress;Mineral Grey;M;75075;75066;21/09/2026;330;NS5005C_75075_75066
NS5028;Eco-friendly ladies’ Terry Towel dropped shoulders t-shirt dress;Ivory;S;89236;89232;21/01/2027;120;NS5028_89236_89232
NS5028;Eco-friendly ladies’ Terry Towel dropped shoulders t-shirt dress;Ivory;M;89236;89233;21/01/2027;180;NS5028_89236_89233
NS5028;Eco-friendly ladies’ Terry Towel dropped shoulders t-shirt dress;Ivory;L;89236;89234;21/01/2027;180;NS5028_89236_89234
NS5028;Eco-friendly ladies’ Terry Towel dropped shoulders t-shirt dress;Ivory;XL;89236;89235;21/01/2027;52;NS5028_89236_89235
NS5028;Eco-friendly ladies’ Terry Towel dropped shoulders t-shirt dress;Malachite Green;XS;89237;89231;21/01/2027;30;NS5028_89237_89231
NS5028;Eco-friendly ladies’ Terry Towel dropped shoulders t-shirt dress;Malachite Green;S;89237;89232;21/01/2027;150;NS5028_89237_89232
NS5028;Eco-friendly ladies’ Terry Towel dropped shoulders t-shirt dress;Malachite Green;M;89237;89233;21/01/2027;168;NS5028_89237_89233
NS5028;Eco-friendly ladies’ Terry Towel dropped shoulders t-shirt dress;Malachite Green;L;89237;89234;21/01/2027;123;NS5028_89237_89234
NS5028;Eco-friendly ladies’ Terry Towel dropped shoulders t-shirt dress;Malachite Green;XL;89237;89235;21/01/2027;67;NS5028_89237_89235
NS5028;Eco-friendly ladies’ Terry Towel dropped shoulders t-shirt dress;Pomelo;S;89238;89232;21/01/2027;180;NS5028_89238_89232
NS5028;Eco-friendly ladies’ Terry Towel dropped shoulders t-shirt dress;Pomelo;M;89238;89233;21/01/2027;210;NS5028_89238_89233
NS5028;Eco-friendly ladies’ Terry Towel dropped shoulders t-shirt dress;Pomelo;L;89238;89234;21/01/2027;90;NS5028_89238_89234
NS5028;Eco-friendly ladies’ Terry Towel dropped shoulders t-shirt dress;Pomelo;XL;89238;89235;21/01/2027;30;NS5028_89238_89235
NS502C;Eco-friendly men's washed effect shirt;Washed Linen;S;69936;69924;;175;NS502C_69936_69924
NS502C;Eco-friendly men's washed effect shirt;Washed Linen;M;69936;69927;;175;NS502C_69936_69927
NS502C;Eco-friendly men's washed effect shirt;Washed Linen;L;69936;69928;;725;NS502C_69936_69928
NS502C;Eco-friendly men's washed effect shirt;Washed Linen;XL;69936;69931;;600;NS502C_69936_69931
NS502C;Eco-friendly men's washed effect shirt;Washed Linen;XXL;69936;69932;;300;NS502C_69936_69932
NS502C;Eco-friendly men's washed effect shirt;Washed Linen;3XL;69936;69935;;25;NS502C_69936_69935
NS502C;Eco-friendly men's washed effect shirt;Washed Navy;S;69937;69924;;350;NS502C_69937_69924
NS502C;Eco-friendly men's washed effect shirt;Washed Navy;M;69937;69927;;625;NS502C_69937_69927
NS502C;Eco-friendly men's washed effect shirt;Washed Navy;L;69937;69928;;825;NS502C_69937_69928
NS502C;Eco-friendly men's washed effect shirt;Washed Navy;XL;69937;69931;;175;NS502C_69937_69931
NS502C;Eco-friendly men's washed effect shirt;Washed Navy;XXL;69937;69932;;25;NS502C_69937_69932
NS502C;Eco-friendly men's washed effect shirt;Washed Pale Khaki;S;69938;69924;;75;NS502C_69938_69924
NS502C;Eco-friendly men's washed effect shirt;Washed Pale Khaki;M;69938;69927;;375;NS502C_69938_69927
NS502C;Eco-friendly men's washed effect shirt;Washed Pale Khaki;L;69938;69928;;450;NS502C_69938_69928
NS502C;Eco-friendly men's washed effect shirt;Washed Pale Khaki;XL;69938;69931;;25;NS502C_69938_69931
NS502C;Eco-friendly men's washed effect shirt;Washed Pale Khaki;XXL;69938;69932;;100;NS502C_69938_69932
NS502C;Eco-friendly men's washed effect shirt;Washed Cool Blue;S;77181;69924;;400;NS502C_77181_69924
NS502C;Eco-friendly men's washed effect shirt;Washed Cool Blue;M;77181;69927;;650;NS502C_77181_69927
NS502C;Eco-friendly men's washed effect shirt;Washed Cool Blue;L;77181;69928;;525;NS502C_77181_69928
NS502C;Eco-friendly men's washed effect shirt;Washed Cool Blue;XL;77181;69931;;225;NS502C_77181_69931
NS502C;Eco-friendly men's washed effect shirt;Washed Cool Blue;XXL;77181;69932;;200;NS502C_77181_69932
NS502C;Eco-friendly men's washed effect shirt;Washed Jade Green;S;77182;69924;;250;NS502C_77182_69924
NS502C;Eco-friendly men's washed effect shirt;Washed Jade Green;M;77182;69927;;450;NS502C_77182_69927
NS502C;Eco-friendly men's washed effect shirt;Washed Jade Green;L;77182;69928;;375;NS502C_77182_69928
NS502C;Eco-friendly men's washed effect shirt;Washed Jade Green;XL;77182;69931;;275;NS502C_77182_69931
NS502C;Eco-friendly men's washed effect shirt;Washed Jade Green;XXL;77182;69932;;175;NS502C_77182_69932
NS503;Eco-friendly ladies’ washed effect shirt;Washed white;XS;69955;69940;;25;NS503_69955_69940
NS503;Eco-friendly ladies’ washed effect shirt;Washed white;S;69955;69943;;325;NS503_69955_69943
NS503;Eco-friendly ladies’ washed effect shirt;Washed white;M;69955;69944;;672;NS503_69955_69944
NS503;Eco-friendly ladies’ washed effect shirt;Washed white;L;69955;69947;;325;NS503_69955_69947
NS503;Eco-friendly ladies’ washed effect shirt;Washed white;XL;69955;69948;;75;NS503_69955_69948
NS503C;Eco-friendly ladies’ washed effect shirt;Washed Linen;S;69952;69942;;300;NS503C_69952_69942
NS503C;Eco-friendly ladies’ washed effect shirt;Washed Linen;M;69952;69945;;150;NS503C_69952_69945
NS503C;Eco-friendly ladies’ washed effect shirt;Washed Linen;L;69952;69946;;175;NS503C_69952_69946
NS503C;Eco-friendly ladies’ washed effect shirt;Washed Linen;XL;69952;69949;;315;NS503C_69952_69949
NS503C;Eco-friendly ladies’ washed effect shirt;Washed Linen;XXL;69952;69950;;14;NS503C_69952_69950
NS503C;Eco-friendly ladies’ washed effect shirt;Washed Navy;XS;69953;69941;;25;NS503C_69953_69941
NS503C;Eco-friendly ladies’ washed effect shirt;Washed Navy;S;69953;69942;;225;NS503C_69953_69942
NS503C;Eco-friendly ladies’ washed effect shirt;Washed Navy;M;69953;69945;;600;NS503C_69953_69945
NS503C;Eco-friendly ladies’ washed effect shirt;Washed Navy;L;69953;69946;;50;NS503C_69953_69946
NS503C;Eco-friendly ladies’ washed effect shirt;Washed Navy;XL;69953;69949;;50;NS503C_69953_69949
NS503C;Eco-friendly ladies’ washed effect shirt;Washed Navy;XXL;69953;69950;;44;NS503C_69953_69950
NS503C;Eco-friendly ladies’ washed effect shirt;Washed Pale Khaki;S;69954;69942;;325;NS503C_69954_69942
NS503C;Eco-friendly ladies’ washed effect shirt;Washed Pale Khaki;M;69954;69945;;700;NS503C_69954_69945
NS503C;Eco-friendly ladies’ washed effect shirt;Washed Pale Khaki;L;69954;69946;;325;NS503C_69954_69946
NS503C;Eco-friendly ladies’ washed effect shirt;Washed Pale Khaki;XL;69954;69949;;100;NS503C_69954_69949
NS503C;Eco-friendly ladies’ washed effect shirt;Washed Pale Khaki;XXL;69954;69950;;46;NS503C_69954_69950
NS510;Eco-friendly men's jersey shirt;Lemon Citrus;M;75122;75116;21/09/2026;700;NS510_75122_75116
NS510;Eco-friendly men's jersey shirt;Pastel Apricot;M;75125;75116;21/09/2026;798;NS510_75125_75116
NS520;Eco-friendly men's flannel shirt;Black;L;75160;75156;21/09/2026;450;NS520_75160_75156
NS521;Eco-friendly men's washed effect brushed fleece overshirt;Washed black;S;89282;89276;08/03/2027;160;NS521_89282_89276
NS521;Eco-friendly men's washed effect brushed fleece overshirt;Washed black;M;89282;89277;08/03/2027;400;NS521_89282_89277
NS521;Eco-friendly men's washed effect brushed fleece overshirt;Washed black;L;89282;89278;08/03/2027;400;NS521_89282_89278
NS521;Eco-friendly men's washed effect brushed fleece overshirt;Washed black;XL;89282;89279;08/03/2027;380;NS521_89282_89279
NS521;Eco-friendly men's washed effect brushed fleece overshirt;Washed black;XXL;89282;89280;08/03/2027;100;NS521_89282_89280
NS521;Eco-friendly men's washed effect brushed fleece overshirt;Washed black;3XL;89282;89281;08/03/2027;20;NS521_89282_89281
NS6005;Eco-friendly men’s lightweight bodywarmer;Driftwood;L;75201;75195;21/09/2026;60;NS6005_75201_75195
NS6005;Eco-friendly men’s lightweight bodywarmer;Mineral Grey;L;75203;75195;21/09/2026;2;NS6005_75203_75195
NS6005;Eco-friendly men’s lightweight bodywarmer;Navy Blue;XL;75204;75196;21/09/2026;165;NS6005_75204_75196
NS6005;Eco-friendly men’s lightweight bodywarmer;Navy Blue;XXL;75204;75197;21/09/2026;225;NS6005_75204_75197
NS6005;Eco-friendly men’s lightweight bodywarmer;Navy Blue;3XL;75204;75198;21/09/2026;270;NS6005_75204_75198
NS6005;Eco-friendly men’s lightweight bodywarmer;Organic Khaki;3XL;75205;75198;21/09/2026;10;NS6005_75205_75198
NS6006;Eco-friendly ladies’ lightweight bodywarmer;Black;S;75212;75207;21/09/2026;120;NS6006_75212_75207
NS6006;Eco-friendly ladies’ lightweight bodywarmer;Black;XL;75212;75210;21/09/2026;405;NS6006_75212_75210
NS603;Eco-friendly men’s washed effect corduroy jacket;Washed Dark Camel;S;84816;84809;21/09/2026;150;NS603_84816_84809
NS603;Eco-friendly men’s washed effect corduroy jacket;Washed Dark Camel;M;84816;84810;21/09/2026;210;NS603_84816_84810
NS603;Eco-friendly men’s washed effect corduroy jacket;Washed Dark Camel;L;84816;84811;21/09/2026;720;NS603_84816_84811
NS603;Eco-friendly men’s washed effect corduroy jacket;Washed Navy Blue;S;84817;84809;16/10/2026;315;NS603_84817_84809
NS603;Eco-friendly men’s washed effect corduroy jacket;Washed Navy Blue;M;84817;84810;16/10/2026;510;NS603_84817_84810
NS603;Eco-friendly men’s washed effect corduroy jacket;Washed Navy Blue;L;84817;84811;21/09/2026;225;NS603_84817_84811
NS603;Eco-friendly men’s washed effect corduroy jacket;Washed Navy Blue;L;84817;84811;16/10/2026;690;NS603_84817_84811
NS603;Eco-friendly men’s washed effect corduroy jacket;Washed Navy Blue;XL;84817;84812;16/10/2026;731;NS603_84817_84812
NS603;Eco-friendly men’s washed effect corduroy jacket;Washed Navy Blue;XXL;84817;84813;16/10/2026;387;NS603_84817_84813
NS603;Eco-friendly men’s washed effect corduroy jacket;Washed Navy Blue;3XL;84817;84814;16/10/2026;256;NS603_84817_84814
NS604;Eco-friendly unisex sherpa jacket;Black;M;85882;85877;21/09/2026;3000;NS604_85882_85877
NS604;Eco-friendly unisex sherpa jacket;Black;L;85882;85878;21/09/2026;2500;NS604_85882_85878
NS604;Eco-friendly unisex sherpa jacket;Black;XL;85882;85879;21/09/2026;1180;NS604_85882_85879
NS604;Eco-friendly unisex sherpa jacket;Black;XXL;85882;85880;21/09/2026;830;NS604_85882_85880
NS604;Eco-friendly unisex sherpa jacket;Wet Sand / Driftwood;XXS;85883;85874;21/09/2026;230;NS604_85883_85874
NS604;Eco-friendly unisex sherpa jacket;Wet Sand / Driftwood;XS;85883;85875;21/09/2026;1270;NS604_85883_85875
NS604;Eco-friendly unisex sherpa jacket;Wet Sand / Driftwood;S;85883;85876;21/09/2026;2500;NS604_85883_85876
NS604;Eco-friendly unisex sherpa jacket;Wet Sand / Driftwood;M;85883;85877;21/09/2026;4410;NS604_85883_85877
NS604;Eco-friendly unisex sherpa jacket;Wet Sand / Driftwood;L;85883;85878;21/09/2026;3240;NS604_85883_85878
NS604;Eco-friendly unisex sherpa jacket;Wet Sand / Driftwood;XL;85883;85879;21/09/2026;1910;NS604_85883_85879
NS604;Eco-friendly unisex sherpa jacket;Wet Sand / Driftwood;XXL;85883;85880;21/09/2026;520;NS604_85883_85880
NS604;Eco-friendly unisex sherpa jacket;Wet Sand / Driftwood;3XL;85883;85881;21/09/2026;200;NS604_85883_85881
NS604;Eco-friendly unisex sherpa jacket;Forest Khaki / Dark Forest Khaki;XXS;96764;85874;21/09/2026;120;NS604_96764_85874
NS604;Eco-friendly unisex sherpa jacket;Forest Khaki / Dark Forest Khaki;XS;96764;85875;24/12/2026;140;NS604_96764_85875
NS604;Eco-friendly unisex sherpa jacket;Forest Khaki / Dark Forest Khaki;S;96764;85876;21/09/2026;1090;NS604_96764_85876
NS604;Eco-friendly unisex sherpa jacket;Forest Khaki / Dark Forest Khaki;S;96764;85876;24/12/2026;520;NS604_96764_85876
NS604;Eco-friendly unisex sherpa jacket;Forest Khaki / Dark Forest Khaki;M;96764;85877;21/09/2026;1390;NS604_96764_85877
NS604;Eco-friendly unisex sherpa jacket;Forest Khaki / Dark Forest Khaki;M;96764;85877;24/12/2026;2300;NS604_96764_85877
NS604;Eco-friendly unisex sherpa jacket;Forest Khaki / Dark Forest Khaki;L;96764;85878;21/09/2026;1210;NS604_96764_85878
NS604;Eco-friendly unisex sherpa jacket;Forest Khaki / Dark Forest Khaki;L;96764;85878;24/12/2026;2200;NS604_96764_85878
NS604;Eco-friendly unisex sherpa jacket;Forest Khaki / Dark Forest Khaki;XL;96764;85879;21/09/2026;811;NS604_96764_85879
NS604;Eco-friendly unisex sherpa jacket;Forest Khaki / Dark Forest Khaki;XL;96764;85879;24/12/2026;900;NS604_96764_85879
NS604;Eco-friendly unisex sherpa jacket;Forest Khaki / Dark Forest Khaki;XXL;96764;85880;24/12/2026;270;NS604_96764_85880
NS604;Eco-friendly unisex sherpa jacket;Forest Khaki / Dark Forest Khaki;3XL;96764;85881;21/09/2026;179;NS604_96764_85881
NS609;Eco-friendly unisex sherpa-lined waterproof jacket;Black;XS;90100;90093;21/09/2026;364;NS609_90100_90093
NS609;Eco-friendly unisex sherpa-lined waterproof jacket;Black;L;90100;90096;21/09/2026;1149;NS609_90100_90096
NS609;Eco-friendly unisex sherpa-lined waterproof jacket;Black;XL;90100;90097;21/09/2026;678;NS609_90100_90097
NS609;Eco-friendly unisex sherpa-lined waterproof jacket;Black;XXL;90100;90098;21/09/2026;249;NS609_90100_90098
NS609;Eco-friendly unisex sherpa-lined waterproof jacket;Navy Blue;XL;90101;90097;21/09/2026;309;NS609_90101_90097
NS609;Eco-friendly unisex sherpa-lined waterproof jacket;Navy Blue;3XL;90101;90099;21/09/2026;129;NS609_90101_90099
NS609;Eco-friendly unisex sherpa-lined waterproof jacket;Organic Khaki;XS;90102;90093;21/09/2026;55;NS609_90102_90093
NS609;Eco-friendly unisex sherpa-lined waterproof jacket;Organic Khaki;M;90102;90095;21/09/2026;638;NS609_90102_90095
NS609;Eco-friendly unisex sherpa-lined waterproof jacket;Organic Khaki;L;90102;90096;21/09/2026;1846;NS609_90102_90096
NS609;Eco-friendly unisex sherpa-lined waterproof jacket;Organic Khaki;XL;90102;90097;21/09/2026;1067;NS609_90102_90097
NS609;Eco-friendly unisex sherpa-lined waterproof jacket;Organic Khaki;XXL;90102;90098;21/09/2026;384;NS609_90102_90098
NS611;Eco-friendly unisex washed effect work jacket;Washed Dark Camel;S;96062;96056;22/01/2027;450;NS611_96062_96056
NS611;Eco-friendly unisex washed effect work jacket;Washed Dark Camel;M;96062;96057;22/01/2027;960;NS611_96062_96057
NS611;Eco-friendly unisex washed effect work jacket;Washed Dark Camel;L;96062;96058;22/01/2027;1305;NS611_96062_96058
NS611;Eco-friendly unisex washed effect work jacket;Washed Dark Camel;XL;96062;96059;22/01/2027;510;NS611_96062_96059
NS611;Eco-friendly unisex washed effect work jacket;Washed Indigo;S;96063;96056;22/01/2027;1350;NS611_96063_96056
NS611;Eco-friendly unisex washed effect work jacket;Washed Indigo;M;96063;96057;22/01/2027;1440;NS611_96063_96057
NS611;Eco-friendly unisex washed effect work jacket;Washed Indigo;L;96063;96058;21/09/2026;495;NS611_96063_96058
NS611;Eco-friendly unisex washed effect work jacket;Washed Indigo;L;96063;96058;22/01/2027;2100;NS611_96063_96058
NS611;Eco-friendly unisex washed effect work jacket;Washed Indigo;XL;96063;96059;22/01/2027;1230;NS611_96063_96059
NS611;Eco-friendly unisex washed effect work jacket;Washed Indigo;XXL;96063;96060;22/01/2027;480;NS611_96063_96060
NS611;Eco-friendly unisex washed effect work jacket;Washed Navy Blue;S;96064;96056;21/09/2026;405;NS611_96064_96056
NS611;Eco-friendly unisex washed effect work jacket;Washed Navy Blue;S;96064;96056;22/01/2027;180;NS611_96064_96056
NS611;Eco-friendly unisex washed effect work jacket;Washed Navy Blue;M;96064;96057;21/09/2026;765;NS611_96064_96057
NS611;Eco-friendly unisex washed effect work jacket;Washed Navy Blue;M;96064;96057;22/01/2027;990;NS611_96064_96057
NS611;Eco-friendly unisex washed effect work jacket;Washed Navy Blue;L;96064;96058;21/09/2026;585;NS611_96064_96058
NS611;Eco-friendly unisex washed effect work jacket;Washed Navy Blue;L;96064;96058;22/01/2027;1380;NS611_96064_96058
NS611;Eco-friendly unisex washed effect work jacket;Washed Navy Blue;XL;96064;96059;22/01/2027;720;NS611_96064_96059
NS611;Eco-friendly unisex washed effect work jacket;Washed Navy Blue;XXL;96064;96060;22/01/2027;90;NS611_96064_96060
NS611;Eco-friendly unisex washed effect work jacket;Washed Navy Blue;3XL;96064;96061;21/09/2026;120;NS611_96064_96061
NS611;Eco-friendly unisex washed effect work jacket;Washed Navy Blue;3XL;96064;96061;22/01/2027;45;NS611_96064_96061
NS613;Eco-friendly unisex teddy collar padded jacket;Black;XS;96072;96066;21/09/2026;110;NS613_96072_96066
NS613;Eco-friendly unisex teddy collar padded jacket;Black;XS;96072;96066;27/01/2027;80;NS613_96072_96066
NS613;Eco-friendly unisex teddy collar padded jacket;Black;S;96072;96067;21/09/2026;161;NS613_96072_96067
NS613;Eco-friendly unisex teddy collar padded jacket;Black;S;96072;96067;27/01/2027;530;NS613_96072_96067
NS613;Eco-friendly unisex teddy collar padded jacket;Black;M;96072;96068;27/01/2027;690;NS613_96072_96068
NS613;Eco-friendly unisex teddy collar padded jacket;Black;L;96072;96069;21/09/2026;408;NS613_96072_96069
NS613;Eco-friendly unisex teddy collar padded jacket;Black;L;96072;96069;27/01/2027;830;NS613_96072_96069
NS613;Eco-friendly unisex teddy collar padded jacket;Black;XL;96072;96070;21/09/2026;490;NS613_96072_96070
NS613;Eco-friendly unisex teddy collar padded jacket;Black;XL;96072;96070;27/01/2027;170;NS613_96072_96070
NS613;Eco-friendly unisex teddy collar padded jacket;Black;XXL;96072;96071;21/09/2026;100;NS613_96072_96071
NS613;Eco-friendly unisex teddy collar padded jacket;Black;XXL;96072;96071;27/01/2027;200;NS613_96072_96071
NS613;Eco-friendly unisex teddy collar padded jacket;Organic Khaki;XS;96073;96066;21/09/2026;130;NS613_96073_96066
NS613;Eco-friendly unisex teddy collar padded jacket;Organic Khaki;S;96073;96067;21/09/2026;190;NS613_96073_96067
NS613;Eco-friendly unisex teddy collar padded jacket;Organic Khaki;S;96073;96067;27/01/2027;210;NS613_96073_96067
NS613;Eco-friendly unisex teddy collar padded jacket;Organic Khaki;M;96073;96068;21/09/2026;316;NS613_96073_96068
NS613;Eco-friendly unisex teddy collar padded jacket;Organic Khaki;M;96073;96068;27/01/2027;1000;NS613_96073_96068
NS613;Eco-friendly unisex teddy collar padded jacket;Organic Khaki;L;96073;96069;21/09/2026;385;NS613_96073_96069
NS613;Eco-friendly unisex teddy collar padded jacket;Organic Khaki;L;96073;96069;27/01/2027;860;NS613_96073_96069
NS613;Eco-friendly unisex teddy collar padded jacket;Organic Khaki;XL;96073;96070;27/01/2027;140;NS613_96073_96070
NS613;Eco-friendly unisex teddy collar padded jacket;Organic Khaki;XXL;96073;96071;21/09/2026;100;NS613_96073_96071
NS613;Eco-friendly unisex teddy collar padded jacket;Organic Khaki;XXL;96073;96071;27/01/2027;290;NS613_96073_96071
NS614;Eco-friendly unisex dropped shoulders denim jacket;Denim;XS;96080;96074;21/09/2026;1050;NS614_96080_96074
NS614;Eco-friendly unisex dropped shoulders denim jacket;Denim;S;96080;96075;21/09/2026;2085;NS614_96080_96075
NS615;Eco-friendly unisex waterproof jacket;Black;XS;75276;75268;21/09/2026;45;NS615_75276_75268
NS615;Eco-friendly unisex waterproof jacket;Black;M;75276;75270;21/09/2026;945;NS615_75276_75270
NS615;Eco-friendly unisex waterproof jacket;Black;L;75276;75271;21/09/2026;1088;NS615_75276_75271
NS615;Eco-friendly unisex waterproof jacket;Black;XL;75276;75272;21/09/2026;825;NS615_75276_75272
NS615;Eco-friendly unisex waterproof jacket;Black;XXL;75276;75273;21/09/2026;210;NS615_75276_75273
NS615;Eco-friendly unisex waterproof jacket;Navy Blue;XS;75277;75268;21/09/2026;45;NS615_75277_75268
NS615;Eco-friendly unisex waterproof jacket;Navy Blue;S;75277;75269;21/09/2026;415;NS615_75277_75269
NS615;Eco-friendly unisex waterproof jacket;Navy Blue;M;75277;75270;21/09/2026;480;NS615_75277_75270
NS615;Eco-friendly unisex waterproof jacket;Navy Blue;M;75277;75270;24/12/2026;210;NS615_75277_75270
NS615;Eco-friendly unisex waterproof jacket;Navy Blue;L;75277;75271;24/12/2026;870;NS615_75277_75271
NS615;Eco-friendly unisex waterproof jacket;Navy Blue;XL;75277;75272;24/12/2026;720;NS615_75277_75272
NS615;Eco-friendly unisex waterproof jacket;Navy Blue;XXL;75277;75273;24/12/2026;200;NS615_75277_75273
NS615;Eco-friendly unisex waterproof jacket;Navy Blue;3XL;75277;75274;24/12/2026;75;NS615_75277_75274
NS615;Eco-friendly unisex waterproof jacket;Organic Khaki;S;75278;75269;21/09/2026;210;NS615_75278_75269
NS615;Eco-friendly unisex waterproof jacket;Organic Khaki;XL;75278;75272;21/09/2026;195;NS615_75278_75272
NS615;Eco-friendly unisex waterproof jacket;Organic Khaki;XXL;75278;75273;21/09/2026;105;NS615_75278_75273
NS615;Eco-friendly unisex waterproof jacket;Wet Sand;L;75279;75271;21/09/2026;420;NS615_75279_75271
NS615;Eco-friendly unisex waterproof jacket;Wet Sand;XL;75279;75272;21/09/2026;240;NS615_75279_75272
NS616;Eco-friendly unisex quarter zipper waterproof windbreaker;Black;S;96089;96083;21/09/2026;460;NS616_96089_96083
NS616;Eco-friendly unisex quarter zipper waterproof windbreaker;Black;M;96089;96084;21/09/2026;780;NS616_96089_96084
NS616;Eco-friendly unisex quarter zipper waterproof windbreaker;Black;L;96089;96085;21/09/2026;900;NS616_96089_96085
NS616;Eco-friendly unisex quarter zipper waterproof windbreaker;Black;XL;96089;96086;21/09/2026;420;NS616_96089_96086
NS616;Eco-friendly unisex quarter zipper waterproof windbreaker;Black;3XL;96089;96088;21/09/2026;120;NS616_96089_96088
NS616;Eco-friendly unisex quarter zipper waterproof windbreaker;Navy Blue;XXS;96090;96081;21/09/2026;220;NS616_96090_96081
NS616;Eco-friendly unisex quarter zipper waterproof windbreaker;Navy Blue;S;96090;96083;21/09/2026;1040;NS616_96090_96083
NS616;Eco-friendly unisex quarter zipper waterproof windbreaker;Navy Blue;M;96090;96084;21/09/2026;1227;NS616_96090_96084
NS616;Eco-friendly unisex quarter zipper waterproof windbreaker;Navy Blue;M;96090;96084;24/12/2026;220;NS616_96090_96084
NS616;Eco-friendly unisex quarter zipper waterproof windbreaker;Navy Blue;L;96090;96085;21/09/2026;700;NS616_96090_96085
NS616;Eco-friendly unisex quarter zipper waterproof windbreaker;Navy Blue;L;96090;96085;24/12/2026;800;NS616_96090_96085
NS616;Eco-friendly unisex quarter zipper waterproof windbreaker;Navy Blue;XL;96090;96086;21/09/2026;280;NS616_96090_96086
NS616;Eco-friendly unisex quarter zipper waterproof windbreaker;Navy Blue;XL;96090;96086;24/12/2026;520;NS616_96090_96086
NS616;Eco-friendly unisex quarter zipper waterproof windbreaker;Navy Blue;XXL;96090;96087;21/09/2026;200;NS616_96090_96087
NS616;Eco-friendly unisex quarter zipper waterproof windbreaker;Navy Blue;XXL;96090;96087;24/12/2026;220;NS616_96090_96087
NS616;Eco-friendly unisex quarter zipper waterproof windbreaker;Navy Blue;3XL;96090;96088;21/09/2026;40;NS616_96090_96088
NS616;Eco-friendly unisex quarter zipper waterproof windbreaker;Navy Blue;3XL;96090;96088;24/12/2026;80;NS616_96090_96088
NS616;Eco-friendly unisex quarter zipper waterproof windbreaker;Organic Khaki;XXS;96091;96081;21/09/2026;220;NS616_96091_96081
NS616;Eco-friendly unisex quarter zipper waterproof windbreaker;Organic Khaki;XS;96091;96082;21/09/2026;360;NS616_96091_96082
NS616;Eco-friendly unisex quarter zipper waterproof windbreaker;Organic Khaki;S;96091;96083;21/09/2026;440;NS616_96091_96083
NS616;Eco-friendly unisex quarter zipper waterproof windbreaker;Organic Khaki;S;96091;96083;24/12/2026;460;NS616_96091_96083
NS616;Eco-friendly unisex quarter zipper waterproof windbreaker;Organic Khaki;M;96091;96084;21/09/2026;1140;NS616_96091_96084
NS616;Eco-friendly unisex quarter zipper waterproof windbreaker;Organic Khaki;M;96091;96084;24/12/2026;640;NS616_96091_96084
NS616;Eco-friendly unisex quarter zipper waterproof windbreaker;Organic Khaki;L;96091;96085;24/12/2026;940;NS616_96091_96085
NS616;Eco-friendly unisex quarter zipper waterproof windbreaker;Organic Khaki;XL;96091;96086;24/12/2026;620;NS616_96091_96086
NS616;Eco-friendly unisex quarter zipper waterproof windbreaker;Organic Khaki;XXL;96091;96087;21/09/2026;80;NS616_96091_96087
NS616;Eco-friendly unisex quarter zipper waterproof windbreaker;Organic Khaki;XXL;96091;96087;24/12/2026;260;NS616_96091_96087
NS616;Eco-friendly unisex quarter zipper waterproof windbreaker;Organic Khaki;3XL;96091;96088;21/09/2026;80;NS616_96091_96088
NS616;Eco-friendly unisex quarter zipper waterproof windbreaker;Organic Khaki;3XL;96091;96088;24/12/2026;40;NS616_96091_96088
NS616;Eco-friendly unisex quarter zipper waterproof windbreaker;Wet Sand;XXS;96092;96081;21/09/2026;140;NS616_96092_96081
NS616;Eco-friendly unisex quarter zipper waterproof windbreaker;Wet Sand;S;96092;96083;21/09/2026;300;NS616_96092_96083
NS616;Eco-friendly unisex quarter zipper waterproof windbreaker;Wet Sand;M;96092;96084;21/09/2026;220;NS616_96092_96084
NS616;Eco-friendly unisex quarter zipper waterproof windbreaker;Wet Sand;L;96092;96085;21/09/2026;240;NS616_96092_96085
NS616;Eco-friendly unisex quarter zipper waterproof windbreaker;Wet Sand;3XL;96092;96088;21/09/2026;80;NS616_96092_96088
NS618;Eco-friendly unisex teddy padded jacket;Black;XS;96605;96598;21/09/2026;45;NS618_96605_96598
NS618;Eco-friendly unisex teddy padded jacket;Black;XS;96605;96598;27/01/2027;75;NS618_96605_96598
NS618;Eco-friendly unisex teddy padded jacket;Black;S;96605;96599;21/09/2026;45;NS618_96605_96599
NS618;Eco-friendly unisex teddy padded jacket;Black;S;96605;96599;27/01/2027;480;NS618_96605_96599
NS618;Eco-friendly unisex teddy padded jacket;Black;M;96605;96600;21/09/2026;330;NS618_96605_96600
NS618;Eco-friendly unisex teddy padded jacket;Black;M;96605;96600;27/01/2027;645;NS618_96605_96600
NS618;Eco-friendly unisex teddy padded jacket;Black;L;96605;96601;21/09/2026;311;NS618_96605_96601
NS618;Eco-friendly unisex teddy padded jacket;Black;L;96605;96601;27/01/2027;765;NS618_96605_96601
NS618;Eco-friendly unisex teddy padded jacket;Black;XL;96605;96602;27/01/2027;390;NS618_96605_96602
NS618;Eco-friendly unisex teddy padded jacket;Black;XXL;96605;96603;21/09/2026;120;NS618_96605_96603
NS618;Eco-friendly unisex teddy padded jacket;Black;XXL;96605;96603;27/01/2027;135;NS618_96605_96603
NS618;Eco-friendly unisex teddy padded jacket;Black;3XL;96605;96604;27/01/2027;30;NS618_96605_96604
NS618;Eco-friendly unisex teddy padded jacket;Dark Cherry;XS;96606;96598;27/01/2027;146;NS618_96606_96598
NS618;Eco-friendly unisex teddy padded jacket;Dark Cherry;S;96606;96599;27/01/2027;495;NS618_96606_96599
NS618;Eco-friendly unisex teddy padded jacket;Dark Cherry;M;96606;96600;27/01/2027;1032;NS618_96606_96600
NS618;Eco-friendly unisex teddy padded jacket;Dark Cherry;L;96606;96601;27/01/2027;905;NS618_96606_96601
NS618;Eco-friendly unisex teddy padded jacket;Dark Cherry;XL;96606;96602;21/09/2026;100;NS618_96606_96602
NS618;Eco-friendly unisex teddy padded jacket;Dark Cherry;XL;96606;96602;27/01/2027;420;NS618_96606_96602
NS618;Eco-friendly unisex teddy padded jacket;Dark Cherry;XXL;96606;96603;27/01/2027;105;NS618_96606_96603
NS618;Eco-friendly unisex teddy padded jacket;Dark Cherry;3XL;96606;96604;27/01/2027;60;NS618_96606_96604
NS618;Eco-friendly unisex teddy padded jacket;Navy Blue;XS;96607;96598;21/09/2026;31;NS618_96607_96598
NS618;Eco-friendly unisex teddy padded jacket;Navy Blue;XS;96607;96598;27/01/2027;195;NS618_96607_96598
NS618;Eco-friendly unisex teddy padded jacket;Navy Blue;S;96607;96599;21/09/2026;31;NS618_96607_96599
NS618;Eco-friendly unisex teddy padded jacket;Navy Blue;S;96607;96599;27/01/2027;435;NS618_96607_96599
NS618;Eco-friendly unisex teddy padded jacket;Navy Blue;M;96607;96600;21/09/2026;205;NS618_96607_96600
NS618;Eco-friendly unisex teddy padded jacket;Navy Blue;M;96607;96600;27/01/2027;855;NS618_96607_96600
NS618;Eco-friendly unisex teddy padded jacket;Navy Blue;L;96607;96601;21/09/2026;206;NS618_96607_96601
NS618;Eco-friendly unisex teddy padded jacket;Navy Blue;L;96607;96601;27/01/2027;750;NS618_96607_96601
NS618;Eco-friendly unisex teddy padded jacket;Navy Blue;XL;96607;96602;21/09/2026;339;NS618_96607_96602
NS618;Eco-friendly unisex teddy padded jacket;Navy Blue;XL;96607;96602;27/01/2027;195;NS618_96607_96602
NS618;Eco-friendly unisex teddy padded jacket;Navy Blue;XXL;96607;96603;21/09/2026;75;NS618_96607_96603
NS618;Eco-friendly unisex teddy padded jacket;Navy Blue;XXL;96607;96603;27/01/2027;120;NS618_96607_96603
NS618;Eco-friendly unisex teddy padded jacket;Navy Blue;3XL;96607;96604;21/09/2026;77;NS618_96607_96604
NS618;Eco-friendly unisex teddy padded jacket;Organic Khaki;S;96608;96599;21/09/2026;113;NS618_96608_96599
NS618;Eco-friendly unisex teddy padded jacket;Organic Khaki;M;96608;96600;21/09/2026;270;NS618_96608_96600
NS618;Eco-friendly unisex teddy padded jacket;Organic Khaki;L;96608;96601;21/09/2026;435;NS618_96608_96601
NS623;Eco-friendly unisex padded twill bodywarmer with teddy collar;Black;XS;96615;96609;24/02/2027;120;NS623_96615_96609
NS623;Eco-friendly unisex padded twill bodywarmer with teddy collar;Black;S;96615;96610;24/02/2027;630;NS623_96615_96610
NS623;Eco-friendly unisex padded twill bodywarmer with teddy collar;Black;M;96615;96611;24/02/2027;1380;NS623_96615_96611
NS623;Eco-friendly unisex padded twill bodywarmer with teddy collar;Black;L;96615;96612;24/02/2027;1621;NS623_96615_96612
NS623;Eco-friendly unisex padded twill bodywarmer with teddy collar;Black;XL;96615;96613;21/09/2026;66;NS623_96615_96613
NS623;Eco-friendly unisex padded twill bodywarmer with teddy collar;Black;XL;96615;96613;24/02/2027;990;NS623_96615_96613
NS623;Eco-friendly unisex padded twill bodywarmer with teddy collar;Black;XXL;96615;96614;24/02/2027;435;NS623_96615_96614
NS623;Eco-friendly unisex padded twill bodywarmer with teddy collar;Dark camel;XS;96616;96609;21/09/2026;75;NS623_96616_96609
NS623;Eco-friendly unisex padded twill bodywarmer with teddy collar;Dark camel;XS;96616;96609;24/02/2027;60;NS623_96616_96609
NS623;Eco-friendly unisex padded twill bodywarmer with teddy collar;Dark camel;S;96616;96610;24/02/2027;540;NS623_96616_96610
NS623;Eco-friendly unisex padded twill bodywarmer with teddy collar;Dark camel;M;96616;96611;21/09/2026;134;NS623_96616_96611
NS623;Eco-friendly unisex padded twill bodywarmer with teddy collar;Dark camel;M;96616;96611;24/02/2027;1200;NS623_96616_96611
NS623;Eco-friendly unisex padded twill bodywarmer with teddy collar;Dark camel;L;96616;96612;24/02/2027;1140;NS623_96616_96612
NS623;Eco-friendly unisex padded twill bodywarmer with teddy collar;Dark camel;XL;96616;96613;24/02/2027;630;NS623_96616_96613
NS623;Eco-friendly unisex padded twill bodywarmer with teddy collar;Dark camel;XXL;96616;96614;21/09/2026;101;NS623_96616_96614
NS623;Eco-friendly unisex padded twill bodywarmer with teddy collar;Dark camel;XXL;96616;96614;24/02/2027;255;NS623_96616_96614
NS623;Eco-friendly unisex padded twill bodywarmer with teddy collar;Organic Khaki;S;96617;96610;21/09/2026;244;NS623_96617_96610
NS623;Eco-friendly unisex padded twill bodywarmer with teddy collar;Organic Khaki;S;96617;96610;24/02/2027;255;NS623_96617_96610
NS623;Eco-friendly unisex padded twill bodywarmer with teddy collar;Organic Khaki;M;96617;96611;21/09/2026;440;NS623_96617_96611
NS623;Eco-friendly unisex padded twill bodywarmer with teddy collar;Organic Khaki;M;96617;96611;24/02/2027;720;NS623_96617_96611
NS623;Eco-friendly unisex padded twill bodywarmer with teddy collar;Organic Khaki;L;96617;96612;21/09/2026;568;NS623_96617_96612
NS623;Eco-friendly unisex padded twill bodywarmer with teddy collar;Organic Khaki;L;96617;96612;24/02/2027;405;NS623_96617_96612
NS623;Eco-friendly unisex padded twill bodywarmer with teddy collar;Organic Khaki;XL;96617;96613;21/09/2026;495;NS623_96617_96613
NS623;Eco-friendly unisex padded twill bodywarmer with teddy collar;Organic Khaki;XL;96617;96613;24/02/2027;60;NS623_96617_96613
NS623;Eco-friendly unisex padded twill bodywarmer with teddy collar;Organic Khaki;XXL;96617;96614;24/02/2027;60;NS623_96617_96614
NS624;Eco-friendly unisex sherpa bodywarmer;Black;XXS;90111;90103;21/09/2026;80;NS624_90111_90103
NS624;Eco-friendly unisex sherpa bodywarmer;Black;L;90111;90107;21/09/2026;896;NS624_90111_90107
NS624;Eco-friendly unisex sherpa bodywarmer;Black;XL;90111;90108;21/09/2026;523;NS624_90111_90108
NS624;Eco-friendly unisex sherpa bodywarmer;Black;XXL;90111;90109;21/09/2026;290;NS624_90111_90109
NS624;Eco-friendly unisex sherpa bodywarmer;Black;3XL;90111;90110;21/09/2026;2;NS624_90111_90110
NS624;Eco-friendly unisex sherpa bodywarmer;Wet Sand / Driftwood;XXS;90112;90103;21/09/2026;220;NS624_90112_90103
NS624;Eco-friendly unisex sherpa bodywarmer;Wet Sand / Driftwood;XS;90112;90104;21/09/2026;510;NS624_90112_90104
NS624;Eco-friendly unisex sherpa bodywarmer;Wet Sand / Driftwood;S;90112;90105;21/09/2026;1110;NS624_90112_90105
NS624;Eco-friendly unisex sherpa bodywarmer;Wet Sand / Driftwood;M;90112;90106;21/09/2026;1740;NS624_90112_90106
NS624;Eco-friendly unisex sherpa bodywarmer;Wet Sand / Driftwood;L;90112;90107;21/09/2026;230;NS624_90112_90107
NS624;Eco-friendly unisex sherpa bodywarmer;Wet Sand / Driftwood;XL;90112;90108;21/09/2026;320;NS624_90112_90108
NS624;Eco-friendly unisex sherpa bodywarmer;Wet Sand / Driftwood;XXL;90112;90109;21/09/2026;530;NS624_90112_90109
NS624;Eco-friendly unisex sherpa bodywarmer;Forest Khaki / Dark Forest Khaki;S;96093;90105;21/09/2026;892;NS624_96093_90105
NS624;Eco-friendly unisex sherpa bodywarmer;Forest Khaki / Dark Forest Khaki;M;96093;90106;21/09/2026;1097;NS624_96093_90106
NS624;Eco-friendly unisex sherpa bodywarmer;Forest Khaki / Dark Forest Khaki;L;96093;90107;21/09/2026;1630;NS624_96093_90107
NS624;Eco-friendly unisex sherpa bodywarmer;Forest Khaki / Dark Forest Khaki;XL;96093;90108;21/09/2026;1010;NS624_96093_90108
NS624;Eco-friendly unisex sherpa bodywarmer;Forest Khaki / Dark Forest Khaki;XXL;96093;90109;21/09/2026;280;NS624_96093_90109
NS624;Eco-friendly unisex sherpa bodywarmer;Forest Khaki / Dark Forest Khaki;3XL;96093;90110;21/09/2026;80;NS624_96093_90110
NS700C;Eco-friendly men’s jogging trousers;Black;S;68891;68876;21/09/2026;400;NS700C_68891_68876
NS700C;Eco-friendly men’s jogging trousers;Black;S;68891;68876;15/03/2027;200;NS700C_68891_68876
NS700C;Eco-friendly men’s jogging trousers;Black;M;68891;68879;15/03/2027;500;NS700C_68891_68879
NS700C;Eco-friendly men’s jogging trousers;Black;L;68891;68880;21/09/2026;620;NS700C_68891_68880
NS700C;Eco-friendly men’s jogging trousers;Black;L;68891;68880;15/03/2027;400;NS700C_68891_68880
NS700C;Eco-friendly men’s jogging trousers;Black;XL;68891;68883;15/03/2027;200;NS700C_68891_68883
NS700C;Eco-friendly men’s jogging trousers;Black;XXL;68891;68884;15/03/2027;160;NS700C_68891_68884
NS700C;Eco-friendly men’s jogging trousers;Black;4XL;68891;69855;15/03/2027;20;NS700C_68891_69855
NS700C;Eco-friendly men’s jogging trousers;Navy Blue;S;68892;68876;26/04/2027;80;NS700C_68892_68876
NS700C;Eco-friendly men’s jogging trousers;Navy Blue;M;68892;68879;26/04/2027;400;NS700C_68892_68879
NS700C;Eco-friendly men’s jogging trousers;Navy Blue;L;68892;68880;26/04/2027;440;NS700C_68892_68880
NS700C;Eco-friendly men’s jogging trousers;Navy Blue;XL;68892;68883;26/04/2027;340;NS700C_68892_68883
NS700C;Eco-friendly men’s jogging trousers;Navy Blue;XXL;68892;68884;26/04/2027;180;NS700C_68892_68884
NS700C;Eco-friendly men’s jogging trousers;Navy Blue;3XL;68892;69851;26/04/2027;60;NS700C_68892_69851
NS700C;Eco-friendly men’s jogging trousers;Wet Sand;S;81354;68876;21/09/2026;260;NS700C_81354_68876
NS700C;Eco-friendly men’s jogging trousers;Wet Sand;M;81354;68879;21/09/2026;340;NS700C_81354_68879
NS700C;Eco-friendly men’s jogging trousers;Wet Sand;L;81354;68880;21/09/2026;420;NS700C_81354_68880
NS700C;Eco-friendly men’s jogging trousers;Wet Sand;XL;81354;68883;21/09/2026;273;NS700C_81354_68883
NS701C;Eco-friendly men's bermuda;Black;S;68911;68896;26/04/2027;80;NS701C_68911_68896
NS701C;Eco-friendly men's bermuda;Black;M;68911;68899;26/04/2027;400;NS701C_68911_68899
NS701C;Eco-friendly men's bermuda;Black;L;68911;68900;26/04/2027;660;NS701C_68911_68900
NS701C;Eco-friendly men's bermuda;Black;XL;68911;68903;26/04/2027;240;NS701C_68911_68903
NS701C;Eco-friendly men's bermuda;Black;XXL;68911;68904;26/04/2027;120;NS701C_68911_68904
NS701C;Eco-friendly men's bermuda;Black;4XL;68911;70091;26/04/2027;20;NS701C_68911_70091
NS701C;Eco-friendly men's bermuda;Organic Khaki;S;78593;68896;01/12/2026;60;NS701C_78593_68896
NS701C;Eco-friendly men's bermuda;Organic Khaki;M;78593;68899;01/12/2026;280;NS701C_78593_68899
NS701C;Eco-friendly men's bermuda;Organic Khaki;L;78593;68900;01/12/2026;460;NS701C_78593_68900
NS701C;Eco-friendly men's bermuda;Organic Khaki;XL;78593;68903;01/12/2026;222;NS701C_78593_68903
NS701C;Eco-friendly men's bermuda;Organic Khaki;XXL;78593;68904;01/12/2026;200;NS701C_78593_68904
NS702C;Eco-friendly kids’ jogging trousers;Black;6/8 years (6/8 ans);86839;86844;26/04/2027;100;NS702C_86839_86844
NS702C;Eco-friendly kids’ jogging trousers;Black;8/10 years (8/10 ans);86839;86846;26/04/2027;100;NS702C_86839_86846
NS702C;Eco-friendly kids’ jogging trousers;Black;10/12 years (10/12 ans);86839;86848;26/04/2027;300;NS702C_86839_86848
NS702C;Eco-friendly kids’ jogging trousers;Black;12/14 years (12/14 ans);86839;86850;26/04/2027;200;NS702C_86839_86850
NS707;Eco-friendly ladies' loose French Terry jogging trousers;Ivory;XS;89315;89309;21/09/2026;80;NS707_89315_89309
NS707;Eco-friendly ladies' loose French Terry jogging trousers;Ivory;S;89315;89310;21/09/2026;340;NS707_89315_89310
NS707;Eco-friendly ladies' loose French Terry jogging trousers;Ivory;M;89315;89311;21/09/2026;236;NS707_89315_89311
NS714;Eco-friendly unisex French Terry jogging trousers;Washed Jade Green;L;75309;75302;21/09/2026;400;NS714_75309_75302
NS717;Eco-friendly men's French Terry washed effect cargo shorts;Washed Organic Khaki;S;90122;90114;15/03/2027;213;NS717_90122_90114
NS717;Eco-friendly men's French Terry washed effect cargo shorts;Washed Organic Khaki;M;90122;90115;15/03/2027;360;NS717_90122_90115
NS717;Eco-friendly men's French Terry washed effect cargo shorts;Washed Organic Khaki;L;90122;90116;15/03/2027;240;NS717_90122_90116
NS717;Eco-friendly men's French Terry washed effect cargo shorts;Washed Organic Khaki;XL;90122;90117;15/03/2027;180;NS717_90122_90117
NS718;Eco-friendly boys’ Terry Towel shorts;Ivory;4/6 years (4/6 ans);86796;84224;21/01/2027;131;NS718_86796_84224
NS718;Eco-friendly boys’ Terry Towel shorts;Ivory;6/8 years (6/8 ans);86796;84225;21/01/2027;120;NS718_86796_84225
NS718;Eco-friendly boys’ Terry Towel shorts;Ivory;8/10 years (8/10 ans);86796;84226;21/01/2027;120;NS718_86796_84226
NS718;Eco-friendly boys’ Terry Towel shorts;Ivory;10/12 years (10/12 ans);86796;84227;21/01/2027;150;NS718_86796_84227
NS718;Eco-friendly boys’ Terry Towel shorts;Navy Blue;4/6 years (4/6 ans);86797;84224;21/01/2027;40;NS718_86797_84224
NS718;Eco-friendly boys’ Terry Towel shorts;Navy Blue;6/8 years (6/8 ans);86797;84225;21/01/2027;120;NS718_86797_84225
NS718;Eco-friendly boys’ Terry Towel shorts;Navy Blue;8/10 years (8/10 ans);86797;84226;21/01/2027;120;NS718_86797_84226
NS718;Eco-friendly boys’ Terry Towel shorts;Navy Blue;10/12 years (10/12 ans);86797;84227;21/01/2027;105;NS718_86797_84227
NS719;Eco-friendly girls’ Terry Towel shorts;Apricot;4/6 years (4/6 ans);84234;84230;21/01/2027;38;NS719_84234_84230
NS719;Eco-friendly girls’ Terry Towel shorts;Apricot;6/8 years (6/8 ans);84234;84231;21/01/2027;129;NS719_84234_84231
NS719;Eco-friendly girls’ Terry Towel shorts;Apricot;8/10 years (8/10 ans);84234;84232;21/01/2027;80;NS719_84234_84232
NS719;Eco-friendly girls’ Terry Towel shorts;Apricot;10/12 years (10/12 ans);84234;84233;21/01/2027;94;NS719_84234_84233
NS719;Eco-friendly girls’ Terry Towel shorts;Parma;4/6 years (4/6 ans);86799;84230;21/01/2027;92;NS719_86799_84230
NS719;Eco-friendly girls’ Terry Towel shorts;Parma;6/8 years (6/8 ans);86799;84231;21/01/2027;80;NS719_86799_84231
NS719;Eco-friendly girls’ Terry Towel shorts;Parma;8/10 years (8/10 ans);86799;84232;21/01/2027;150;NS719_86799_84232
NS719;Eco-friendly girls’ Terry Towel shorts;Parma;10/12 years (10/12 ans);86799;84233;21/01/2027;120;NS719_86799_84233
NS723;Eco-friendly unisex loose jogging trousers;Black;XS;90129;90123;15/03/2027;40;NS723_90129_90123
NS723;Eco-friendly unisex loose jogging trousers;Black;S;90129;90124;15/03/2027;200;NS723_90129_90124
NS723;Eco-friendly unisex loose jogging trousers;Black;M;90129;90125;15/03/2027;600;NS723_90129_90125
NS723;Eco-friendly unisex loose jogging trousers;Black;L;90129;90126;15/03/2027;500;NS723_90129_90126
NS723;Eco-friendly unisex loose jogging trousers;Black;XL;90129;90127;15/03/2027;200;NS723_90129_90127
NS723;Eco-friendly unisex loose jogging trousers;Black;XXL;90129;90128;15/03/2027;100;NS723_90129_90128
NS723;Eco-friendly unisex loose jogging trousers;Organic Khaki;XS;90131;90123;02/10/2026;80;NS723_90131_90123
NS723;Eco-friendly unisex loose jogging trousers;Organic Khaki;S;90131;90124;02/10/2026;274;NS723_90131_90124
NS723;Eco-friendly unisex loose jogging trousers;Organic Khaki;M;90131;90125;02/10/2026;500;NS723_90131_90125
NS723;Eco-friendly unisex loose jogging trousers;Organic Khaki;L;90131;90126;02/10/2026;360;NS723_90131_90126
NS723;Eco-friendly unisex loose jogging trousers;Organic Khaki;XL;90131;90127;02/10/2026;140;NS723_90131_90127
NS723;Eco-friendly unisex loose jogging trousers;Organic Khaki;XXL;90131;90128;02/10/2026;120;NS723_90131_90128
NS727;Eco-friendly men's Terry Towel shorts;Almond Green;M;75389;75384;21/01/2027;180;NS727_75389_75384
NS727;Eco-friendly men's Terry Towel shorts;Almond Green;L;75389;75385;21/01/2027;160;NS727_75389_75385
NS727;Eco-friendly men's Terry Towel shorts;Almond Green;XL;75389;75386;21/01/2027;60;NS727_75389_75386
NS727;Eco-friendly men's Terry Towel shorts;Almond Green;XXL;75389;75387;21/01/2027;60;NS727_75389_75387
NS727;Eco-friendly men's Terry Towel shorts;Almond Green;XS;75389;86800;21/01/2027;23;NS727_75389_86800
NS727;Eco-friendly men's Terry Towel shorts;Mineral Grey;S;75391;75383;21/01/2027;120;NS727_75391_75383
NS727;Eco-friendly men's Terry Towel shorts;Mineral Grey;M;75391;75384;21/01/2027;220;NS727_75391_75384
NS727;Eco-friendly men's Terry Towel shorts;Mineral Grey;L;75391;75385;21/01/2027;100;NS727_75391_75385
NS727;Eco-friendly men's Terry Towel shorts;Mineral Grey;XL;75391;75386;21/01/2027;60;NS727_75391_75386
NS727;Eco-friendly men's Terry Towel shorts;Navy Blue;S;82134;75383;21/01/2027;100;NS727_82134_75383
NS727;Eco-friendly men's Terry Towel shorts;Navy Blue;M;82134;75384;21/01/2027;340;NS727_82134_75384
NS727;Eco-friendly men's Terry Towel shorts;Navy Blue;L;82134;75385;21/01/2027;320;NS727_82134_75385
NS727;Eco-friendly men's Terry Towel shorts;Navy Blue;XL;82134;75386;21/01/2027;160;NS727_82134_75386
NS727;Eco-friendly men's Terry Towel shorts;Navy Blue;XXL;82134;75387;21/01/2027;83;NS727_82134_75387
NS727;Eco-friendly men's Terry Towel shorts;Riviera Blue;M;82136;75384;21/01/2027;140;NS727_82136_75384
NS727;Eco-friendly men's Terry Towel shorts;Riviera Blue;L;82136;75385;21/01/2027;120;NS727_82136_75385
NS727;Eco-friendly men's Terry Towel shorts;Riviera Blue;XL;82136;75386;21/01/2027;140;NS727_82136_75386
NS727;Eco-friendly men's Terry Towel shorts;Riviera Blue;XXL;82136;75387;21/01/2027;80;NS727_82136_75387
NS728;Eco-friendly ladies’ Terry Towel shorts;Candy Rose;XS;75398;75392;21/01/2027;80;NS728_75398_75392
NS728;Eco-friendly ladies’ Terry Towel shorts;Candy Rose;S;75398;75393;21/01/2027;220;NS728_75398_75393
NS728;Eco-friendly ladies’ Terry Towel shorts;Candy Rose;M;75398;75394;21/01/2027;250;NS728_75398_75394
NS728;Eco-friendly ladies’ Terry Towel shorts;Candy Rose;L;75398;75395;21/01/2027;120;NS728_75398_75395
NS728;Eco-friendly ladies’ Terry Towel shorts;Riviera Blue;XS;82139;75392;21/01/2027;40;NS728_82139_75392
NS728;Eco-friendly ladies’ Terry Towel shorts;Riviera Blue;S;82139;75393;21/01/2027;200;NS728_82139_75393
NS728;Eco-friendly ladies’ Terry Towel shorts;Riviera Blue;M;82139;75394;21/01/2027;220;NS728_82139_75394
NS728;Eco-friendly ladies’ Terry Towel shorts;Riviera Blue;L;82139;75395;21/01/2027;100;NS728_82139_75395
NS728;Eco-friendly ladies’ Terry Towel shorts;Riviera Blue;XL;82139;75396;21/01/2027;20;NS728_82139_75396
NS728;Eco-friendly ladies’ Terry Towel shorts;Almond Green;XS;86807;75392;21/01/2027;20;NS728_86807_75392
NS728;Eco-friendly ladies’ Terry Towel shorts;Almond Green;S;86807;75393;21/01/2027;100;NS728_86807_75393
NS728;Eco-friendly ladies’ Terry Towel shorts;Almond Green;M;86807;75394;21/01/2027;214;NS728_86807_75394
NS728;Eco-friendly ladies’ Terry Towel shorts;Almond Green;L;86807;75395;21/01/2027;100;NS728_86807_75395
NS728;Eco-friendly ladies’ Terry Towel shorts;Almond Green;XL;86807;75396;21/01/2027;48;NS728_86807_75396
NS728;Eco-friendly ladies’ Terry Towel shorts;Cream Coffee;XS;86809;75392;21/01/2027;111;NS728_86809_75392
NS728;Eco-friendly ladies’ Terry Towel shorts;Cream Coffee;S;86809;75393;21/01/2027;160;NS728_86809_75393
NS728;Eco-friendly ladies’ Terry Towel shorts;Cream Coffee;M;86809;75394;21/01/2027;260;NS728_86809_75394
NS728;Eco-friendly ladies’ Terry Towel shorts;Cream Coffee;L;86809;75395;21/01/2027;80;NS728_86809_75395
NS728;Eco-friendly ladies’ Terry Towel shorts;Cream Coffee;XL;86809;75396;21/01/2027;20;NS728_86809_75396
NS728;Eco-friendly ladies’ Terry Towel shorts;Paprika;S;86810;75393;21/01/2027;120;NS728_86810_75393
NS728;Eco-friendly ladies’ Terry Towel shorts;Paprika;M;86810;75394;21/01/2027;160;NS728_86810_75394
NS728;Eco-friendly ladies’ Terry Towel shorts;Paprika;L;86810;75395;21/01/2027;134;NS728_86810_75395
NS728;Eco-friendly ladies’ Terry Towel shorts;Paprika;XL;86810;75396;21/01/2027;60;NS728_86810_75396
NS735;Eco-friendly men's washed effect utility trousers;Washed Dark Camel;30 UK (40 FR);97082;97076;21/09/2026;120;NS735_97082_97076
NS735;Eco-friendly men's washed effect utility trousers;Washed Dark Camel;32 UK (42 FR);97082;97077;21/09/2026;200;NS735_97082_97077
NS736;Eco-friendly men's chinos;Almond Green;34 UK (44 FR);75408;75404;21/09/2026;555;NS736_75408_75404
NS736;Eco-friendly men's chinos;Ivory;32 UK (42 FR);75411;75403;21/09/2026;15;NS736_75411_75403
NS736;Eco-friendly men's chinos;Ivory;34 UK (44 FR);75411;75404;21/09/2026;540;NS736_75411_75404
NS736;Eco-friendly men's chinos;Navy Blue;26 UK (36 FR);75414;75400;;135;NS736_75414_75400
NS736;Eco-friendly men's chinos;Navy Blue;28 UK (38 FR);75414;75401;;120;NS736_75414_75401
NS736;Eco-friendly men's chinos;Navy Blue;30 UK (40 FR);75414;75402;;255;NS736_75414_75402
NS736;Eco-friendly men's chinos;Navy Blue;32 UK (42 FR);75414;75403;;600;NS736_75414_75403
NS736;Eco-friendly men's chinos;Navy Blue;34 UK (44 FR);75414;75404;;420;NS736_75414_75404
NS736;Eco-friendly men's chinos;Navy Blue;36 UK (46 FR);75414;75405;;300;NS736_75414_75405
NS736;Eco-friendly men's chinos;Navy Blue;38 UK (48 FR);75414;75406;;369;NS736_75414_75406
NS736;Eco-friendly men's chinos;Navy Blue;40 UK (50 FR);75414;75407;;30;NS736_75414_75407
NS736;Eco-friendly men's chinos;Wet Sand;26 UK (36 FR);75418;75400;;240;NS736_75418_75400
NS736;Eco-friendly men's chinos;Wet Sand;28 UK (38 FR);75418;75401;;30;NS736_75418_75401
NS736;Eco-friendly men's chinos;Wet Sand;30 UK (40 FR);75418;75402;;90;NS736_75418_75402
NS736;Eco-friendly men's chinos;Wet Sand;32 UK (42 FR);75418;75403;;615;NS736_75418_75403
NS736;Eco-friendly men's chinos;Wet Sand;34 UK (44 FR);75418;75404;;225;NS736_75418_75404
NS736;Eco-friendly men's chinos;Wet Sand;36 UK (46 FR);75418;75405;;60;NS736_75418_75405
NS736;Eco-friendly men's chinos;Wet Sand;38 UK (48 FR);75418;75406;;195;NS736_75418_75406
NS736;Eco-friendly men's chinos;Wet Sand;40 UK (50 FR);75418;75407;;60;NS736_75418_75407
NS736;Eco-friendly men's chinos;Black;26 UK (36 FR);88667;75400;;300;NS736_88667_75400
NS736;Eco-friendly men's chinos;Black;28 UK (38 FR);88667;75401;;270;NS736_88667_75401
NS736;Eco-friendly men's chinos;Black;32 UK (42 FR);88667;75403;;360;NS736_88667_75403
NS736;Eco-friendly men's chinos;Black;34 UK (44 FR);88667;75404;;300;NS736_88667_75404
NS736;Eco-friendly men's chinos;Black;36 UK (46 FR);88667;75405;;180;NS736_88667_75405
NS736;Eco-friendly men's chinos;Black;38 UK (48 FR);88667;75406;;90;NS736_88667_75406
NS736;Eco-friendly men's chinos;Black;40 UK (50 FR);88667;75407;;90;NS736_88667_75407
NS738;Eco-friendly men's chino bermuda shorts;Almond Green;34 UK (44 FR);75442;75438;21/09/2026;600;NS738_75442_75438
NS738;Eco-friendly men's chino bermuda shorts;Jade Green;34 UK (44 FR);75446;75438;21/09/2026;680;NS738_75446_75438
NS738;Eco-friendly men's chino bermuda shorts;Navy Blue;28 UK (38 FR);75448;75435;;60;NS738_75448_75435
NS738;Eco-friendly men's chino bermuda shorts;Navy Blue;30 UK (40 FR);75448;75436;;100;NS738_75448_75436
NS738;Eco-friendly men's chino bermuda shorts;Navy Blue;32 UK (42 FR);75448;75437;;320;NS738_75448_75437
NS738;Eco-friendly men's chino bermuda shorts;Navy Blue;34 UK (44 FR);75448;75438;;120;NS738_75448_75438
NS738;Eco-friendly men's chino bermuda shorts;Navy Blue;36 UK (46 FR);75448;75439;;300;NS738_75448_75439
NS738;Eco-friendly men's chino bermuda shorts;Navy Blue;38 UK (48 FR);75448;75440;;60;NS738_75448_75440
NS738;Eco-friendly men's chino bermuda shorts;Navy Blue;40 UK (50 FR);75448;75441;;40;NS738_75448_75441
NS738;Eco-friendly men's chino bermuda shorts;Organic Khaki;34 UK (44 FR);75449;75438;21/09/2026;580;NS738_75449_75438
NS738;Eco-friendly men's chino bermuda shorts;Wet Sand;26 UK (36 FR);75452;75434;;66;NS738_75452_75434
NS738;Eco-friendly men's chino bermuda shorts;Wet Sand;28 UK (38 FR);75452;75435;;140;NS738_75452_75435
NS738;Eco-friendly men's chino bermuda shorts;Wet Sand;30 UK (40 FR);75452;75436;;380;NS738_75452_75436
NS738;Eco-friendly men's chino bermuda shorts;Wet Sand;32 UK (42 FR);75452;75437;;580;NS738_75452_75437
NS738;Eco-friendly men's chino bermuda shorts;Wet Sand;34 UK (44 FR);75452;75438;21/09/2026;160;NS738_75452_75438
NS738;Eco-friendly men's chino bermuda shorts;Wet Sand;34 UK (44 FR);75452;75438;;300;NS738_75452_75438
NS738;Eco-friendly men's chino bermuda shorts;Wet Sand;36 UK (46 FR);75452;75439;;300;NS738_75452_75439
NS738;Eco-friendly men's chino bermuda shorts;Wet Sand;38 UK (48 FR);75452;75440;;175;NS738_75452_75440
NS738;Eco-friendly men's chino bermuda shorts;Wet Sand;40 UK (50 FR);75452;75441;;80;NS738_75452_75441
NS746;Eco-friendly ladies' French Terry shorts;Antique Rose;XS;96630;96619;07/12/2026;210;NS746_96630_96619
NS746;Eco-friendly ladies' French Terry shorts;Antique Rose;S;96630;96620;07/12/2026;330;NS746_96630_96620
NS746;Eco-friendly ladies' French Terry shorts;Antique Rose;M;96630;96623;07/12/2026;360;NS746_96630_96623
NS746;Eco-friendly ladies' French Terry shorts;Antique Rose;L;96630;96624;07/12/2026;240;NS746_96630_96624
NS746;Eco-friendly ladies' French Terry shorts;Antique Rose;XL;96630;96627;07/12/2026;90;NS746_96630_96627
NS746;Eco-friendly ladies' French Terry shorts;Antique Rose;XXL;96630;96628;07/12/2026;60;NS746_96630_96628
NS746;Eco-friendly ladies' French Terry shorts;Ivory;XS;96632;96619;07/12/2026;510;NS746_96632_96619
NS746;Eco-friendly ladies' French Terry shorts;Ivory;S;96632;96620;07/12/2026;1229;NS746_96632_96620
NS746;Eco-friendly ladies' French Terry shorts;Ivory;M;96632;96623;07/12/2026;870;NS746_96632_96623
NS746;Eco-friendly ladies' French Terry shorts;Ivory;L;96632;96624;07/12/2026;449;NS746_96632_96624
NS746;Eco-friendly ladies' French Terry shorts;Ivory;XL;96632;96627;07/12/2026;183;NS746_96632_96627
NS746;Eco-friendly ladies' French Terry shorts;Ivory;XXL;96632;96628;07/12/2026;30;NS746_96632_96628
NS911;Eco-friendly men’s chunky knit jumper;Toffee;S;75540;75532;21/09/2026;150;NS911_75540_75532
